latitude,longitude,bright_ti4,scan,track,acq_date,acq_time,satellite,instrument,confidence,version,bright_ti5,frp,daynight,nearest_industrial_km,nearest_industrial_type,nearest_industrial_name,nearest_industrial_region,nearest_industrial_latitude,nearest_industrial_longitude,facility_osm_id,cpcb_name,cpcb_sector,nearest_place_km,nearest_place_name,nearest_place_type,in_forest,in_farmland,final_class,place_description,facility_osm_id_str,is_anomaly,baseline_frp_mean,baseline_frp_std,daynight_flag,confidence_num,ml_prediction,ml_confidence
10.58596,77.47468,335.91,0.49,0.49,2026-09-14,845,N,VIIRS,n,2.0NRT,294.37,3.36,D,24.61333105353176,industrial,Amaravathy Co-Op Sugar Mills (Distillery),cpcb_verified,10.5876,77.2495,cpcb_4,Amaravathy Co-Op Sugar Mills (Distillery),Distillery,3.186998810130405,Keeranur,village,False,False,agricultural_burn,"Agricultural cropland near Keeranur (village, 3.2 km)",cpcb_4,False,,,1,1,agricultural_burn,0.986
12.1599,77.08751,335.36,0.49,0.48,2026-09-14,845,N,VIIRS,n,2.0NRT,290.93,2.56,D,87.88232590188821,industrial,Madras Aluminium Company Ltd (MALCO),cpcb_verified,11.788,77.8004,cpcb_0,Madras Aluminium Company Ltd (MALCO),Aluminium,0.1984230982542608,Hosa Hampapura,village,False,False,agricultural_burn,"Agricultural cropland near Hosa Hampapura (village, 0.2 km)",cpcb_0,False,,,1,1,agricultural_burn,0.987
13.16096,80.28231,302.06,0.48,0.65,2026-09-14,1940,N,VIIRS,n,2.0NRT,281.8,0.77,N,0.7304080147802449,industrial,CPCL Manali Refinery Captive Power Station,tn_north,13.1675279,80.2824164,1134607892,,,1.71874056800055,Kargil Nagar,suburb,False,False,industrial_fire,Industrial facility (CPCL Manali Refinery Captive Power Station),1134607892,False,2.89,2.998132752230961,0,1,industrial_fire,0.985
8.76723,77.33446,339.94,0.4,0.37,2026-09-15,828,N,VIIRS,n,2.0NRT,299.7,3.38,D,13.69428560473152,industrial,Empee Sugars and Chemicals Ltd,cpcb_verified,8.7089,77.4442,cpcb_38,Empee Sugars and Chemicals Ltd,Sugar,2.1612218361806907,Sivasailam,village,True,False,wildfire,Forest / Woodland reserve near Sivasailam,cpcb_38,False,,,1,1,wildfire,0.983
8.77061,77.33401,337.4,0.4,0.37,2026-09-15,828,N,VIIRS,n,2.0NRT,299.69,4.28,D,13.919202536856734,industrial,Empee Sugars and Chemicals Ltd,cpcb_verified,8.7089,77.4442,cpcb_38,Empee Sugars and Chemicals Ltd,Sugar,1.915462628517544,Sivasailam,village,True,False,wildfire,Forest / Woodland reserve near Sivasailam,cpcb_38,False,,,1,1,wildfire,0.984
10.76942,77.88364,343.64,0.42,0.38,2026-09-15,828,N,VIIRS,n,2.0NRT,302.55,4.83,D,18.926278125589487,industrial,Karur Textile Park,tn_central,10.8868058,78.0091276,1001532911,,,2.9388031642410217,Aravakurichi,town,False,False,scrub_biomass_burn,Rural scrubland / open biomass near Aravakurichi (2.9 km),1001532911,False,,,1,1,scrub_biomass_burn,0.981
10.86702,77.79005,330.84,0.42,0.38,2026-09-15,828,N,VIIRS,n,2.0NRT,297.6,1.71,D,24.023633353233127,industrial,Karur Textile Park,tn_central,10.8868058,78.0091276,1001532911,,,2.690726788680096,Periyathirumangalam,village,False,False,agricultural_burn,"Agricultural cropland near Periyathirumangalam (village, 2.7 km)",1001532911,False,,,1,1,agricultural_burn,0.986
10.93953,79.12907,350.85,0.48,0.4,2026-09-15,828,N,VIIRS,n,2.0NRT,307.21,11.24,D,9.039683505123506,industrial,Sugar Factory,tn_central,11.0074056,79.0834939,541287337,,,1.2497592003929223,Anaikudy,village,False,False,agricultural_burn,"Agricultural cropland near Anaikudy (village, 1.2 km)",541287337,False,10.91,5.455,1,1,agricultural_burn,0.986
10.98571,79.75504,330.2,0.52,0.42,2026-09-15,828,N,VIIRS,n,2.0NRT,297.38,2.91,D,3.222255176862066,industrial,unnamed,tn_central,10.9638623,79.7744322,759412286,,,2.179266533749153,Nedungadu,village,False,False,agricultural_burn,"Agricultural cropland near Nedungadu (village, 2.2 km)",759412286,False,,,1,1,agricultural_burn,0.984
11.01777,79.29658,344.42,0.49,0.41,2026-09-15,828,N,VIIRS,n,2.0NRT,301.52,5.75,D,6.282872131576176,industrial,Thirumandangudi Mill,tn_central,10.9612668,79.2966358,1216322364,,,1.406970074819618,Sathambady,village,False,False,agricultural_burn,"Agricultural cropland near Sathambady (village, 1.4 km)",1216322364,False,,,1,1,agricultural_burn,0.986
11.06012,77.9247,338.85,0.43,0.38,2026-09-15,828,N,VIIRS,n,2.0NRT,300.68,4.25,D,7.90383322809717,industrial,TNPL Paper Mill,tn_central,11.052316,77.9966873,61982524,,,0.8035466500977314,Noyyal,village,False,False,agricultural_burn,"Agricultural cropland near Noyyal (village, 0.8 km)",61982524,False,,,1,1,agricultural_burn,0.986
11.15617,79.10941,337.23,0.48,0.4,2026-09-15,828,N,VIIRS,n,2.0NRT,302.67,4.55,D,1.845362244358132,industrial,unnamed,tn_central,11.1449731,79.0969249,178523253,Tamil Nadu Cement Corp - Ariyalur,Cement,0.757339563723363,Usenabath,village,False,False,industrial_fire,Industrial facility (Industrial facility),178523253,False,4.55,2.275,1,1,industrial_fire,0.982
11.80872,77.92429,334.97,0.43,0.38,2026-09-15,828,N,VIIRS,n,2.0NRT,299.05,3.04,D,13.680303702321629,industrial,Madras Aluminium Company Ltd (MALCO),cpcb_verified,11.788,77.8004,cpcb_0,Madras Aluminium Company Ltd (MALCO),Aluminium,1.014727554316157,Kukkalpatti,village,False,False,agricultural_burn,"Agricultural cropland near Kukkalpatti (village, 1.0 km)",cpcb_0,False,,,1,1,agricultural_burn,0.987
11.80991,78.93258,331.71,0.48,0.4,2026-09-15,828,N,VIIRS,l,2.0NRT,302.67,4.1,D,8.24874825161276,industrial,Poompuhar THDC Ltd,tn_central,11.7375173,78.9491263,836478966,,,8.336399898229844,Vadakkamandal,village,False,False,scrub_biomass_burn,Rural scrubland / open biomass near Vadakkamandal (8.3 km),836478966,False,,,1,0,scrub_biomass_burn,0.98
12.00551,76.72073,331.95,0.4,0.37,2026-09-15,828,N,VIIRS,n,2.0NRT,299.95,2.34,D,119.9388914359372,industrial,Madras Aluminium Company Ltd (MALCO),cpcb_verified,11.788,77.8004,cpcb_0,Madras Aluminium Company Ltd (MALCO),Aluminium,0.636178537187238,Taradele,village,False,False,agricultural_burn,"Agricultural cropland near Taradele (village, 0.6 km)",cpcb_0,False,,,1,1,agricultural_burn,0.987
12.37383,79.42127,331.95,0.52,0.41,2026-09-15,828,N,VIIRS,n,2.0NRT,300.39,2.2,D,7.410846869170626,industrial,"Ruins of the Ricemill, Thennathur Village",tn_central,12.4341311,79.4503323,305328715,,,5.546284295374133,Vedal,village,False,False,scrub_biomass_burn,Rural scrubland / open biomass near Vedal (5.5 km),305328715,False,3.07,1.535,1,1,scrub_biomass_burn,0.982
12.48369,76.69528,332.16,0.4,0.37,2026-09-15,828,N,VIIRS,n,2.0NRT,301.42,2.03,D,125.91154524167042,industrial,Sanmar Speciality Chemicals Ltd,cpcb_verified,12.7409,77.8253,cpcb_12,Sanmar Speciality Chemicals Ltd,Pharma,1.5114082276382523,Chikkade,village,False,False,agricultural_burn,"Agricultural cropland near Chikkade (village, 1.5 km)",cpcb_12,False,,,1,1,agricultural_burn,0.987
12.56242,76.85345,339.8,0.41,0.37,2026-09-15,828,N,VIIRS,n,2.0NRT,296.54,2.85,D,107.2922903396678,industrial,Sanmar Speciality Chemicals Ltd,cpcb_verified,12.7409,77.8253,cpcb_12,Sanmar Speciality Chemicals Ltd,Pharma,0.7985830099397507,Chikkatammanahalli,village,False,False,agricultural_burn,"Agricultural cropland near Chikkatammanahalli (village, 0.8 km)",cpcb_12,False,,,1,1,agricultural_burn,0.987
12.62344,77.00887,331.74,0.41,0.37,2026-09-15,828,N,VIIRS,n,2.0NRT,301.31,1.64,D,89.52584003080351,industrial,Sanmar Speciality Chemicals Ltd,cpcb_verified,12.7409,77.8253,cpcb_12,Sanmar Speciality Chemicals Ltd,Pharma,0.9377965505440918,Belaturu,village,False,False,agricultural_burn,"Agricultural cropland near Belaturu (village, 0.9 km)",cpcb_12,False,,,1,1,agricultural_burn,0.987
13.23795,76.23752,334.09,0.39,0.37,2026-09-15,828,N,VIIRS,l,2.0NRT,307.25,2.64,D,180.69467706512083,industrial,Sanmar Speciality Chemicals Ltd,cpcb_verified,12.7409,77.8253,cpcb_12,Sanmar Speciality Chemicals Ltd,Pharma,0.4032291888444471,Guttinakere,village,False,False,agricultural_burn,"Agricultural cropland near Guttinakere (village, 0.4 km)",cpcb_12,False,,,1,0,agricultural_burn,0.986
10.86468,78.57971,346.45,0.41,0.37,2026-09-16,809,N,VIIRS,n,2.0NRT,303.06,6.54,D,12.190208751725937,industrial,unnamed,tn_central,10.7604637,78.6143473,1410857831,,,0.3113074027358192,Pallatteru,village,False,False,agricultural_burn,"Agricultural cropland near Pallatteru (village, 0.3 km)",1410857831,False,,,1,1,agricultural_burn,0.987
11.06063,77.64198,336.72,0.44,0.38,2026-09-16,809,N,VIIRS,l,2.0NRT,301.93,8.03,D,38.720596829213584,industrial,TNPL Paper Mill,tn_central,11.052316,77.9966873,61982524,,,0.2697711825124323,Mullipuram,village,False,False,agricultural_burn,"Agricultural cropland near Mullipuram (village, 0.3 km)",61982524,False,,,1,0,agricultural_burn,0.987
11.88033,79.37421,332.62,0.39,0.36,2026-09-16,809,N,VIIRS,n,2.0NRT,302.2,4.36,D,6.014747502098284,industrial,Chengalvarayan Co-operative Sugar Mills Ltd. Periyasevalai,tn_central,11.8383667,79.3393332,352996973,,,1.840532430906313,Thiruvennainalur,village,False,False,agricultural_burn,"Agricultural cropland near Thiruvennainalur (village, 1.8 km)",352996973,False,,,1,1,agricultural_burn,0.986
12.41312,79.09644,334.22,0.39,0.36,2026-09-16,809,N,VIIRS,n,2.0NRT,303.56,2.54,D,17.677460934132945,industrial,unnamed,tn_central,12.2550688,79.1139789,1025064116,,,2.390746916272001,Kalasapakkam,village,False,False,agricultural_burn,"Agricultural cropland near Kalasapakkam (village, 2.4 km)",1025064116,False,,,1,1,agricultural_burn,0.985
12.68162,79.69539,331.85,0.38,0.36,2026-09-16,809,N,VIIRS,l,2.0NRT,302.08,2.56,D,5.45845495835576,industrial,Cheyyar SEZ Developers Pvt. Ltd.,tn_north,12.7220708,79.666881,597913161,,,5.62201721260626,Perunagar,village,False,False,scrub_biomass_burn,Rural scrubland / open biomass near Perunagar (5.6 km),597913161,False,,,1,0,scrub_biomass_burn,0.979
12.80444,79.90247,335.05,0.38,0.36,2026-09-16,809,N,VIIRS,n,2.0NRT,301.49,3.44,D,0.0880705288231227,industrial,unnamed,tn_north,12.8048963,79.9018061,1425509044,,,2.8644974630691946,Melacheri,village,False,False,industrial_fire,Industrial facility (Industrial facility),1425509044,False,3.44,1.72,1,1,industrial_fire,0.985
12.80921,79.95585,332.37,0.38,0.36,2026-09-16,809,N,VIIRS,l,2.0NRT,302.72,1.92,D,3.21859286288804,works,unnamed,tn_north,12.8378758,79.9517331,1053243953,,,0.8962253596661011,Senthamangalam,suburb,False,False,urban_commercial_fire,Urban / Commercial area (Senthamangalam),1053243953,False,,,1,0,urban_commercial_fire,0.984
12.83462,79.9446,330.86,0.38,0.36,2026-09-16,809,N,VIIRS,l,2.0NRT,304.3,3.9,D,0.2847445810575489,industrial,Renault Nissan,tn_north,12.835853,79.9422981,191527886,,,0.4528938018924235,Oragadam,town,False,False,industrial_fire,Industrial facility (Renault Nissan),191527886,False,3.185,1.703809457265297,1,0,industrial_fire,0.985
12.83739,79.94054,335.33,0.38,0.36,2026-09-16,809,N,VIIRS,l,2.0NRT,307.01,1.79,D,0.2560072397165143,industrial,Renault Nissan,tn_north,12.835853,79.9422981,191527886,,,0.5277714003645642,Oragadam,town,False,False,industrial_fire,Industrial facility (Renault Nissan),191527886,False,3.185,1.703809457265297,1,0,industrial_fire,0.985
12.8407,79.94003,330.26,0.38,0.36,2026-09-16,809,N,VIIRS,l,2.0NRT,301.79,1.79,D,0.5924060305191722,industrial,Renault Nissan,tn_north,12.835853,79.9422981,191527886,,,0.6087383517793656,Oragadam,town,False,False,industrial_fire,Industrial facility (Renault Nissan),191527886,False,3.185,1.703809457265297,1,0,industrial_fire,0.985
12.85502,79.94497,331.64,0.38,0.36,2026-09-16,809,N,VIIRS,l,2.0NRT,302.95,2.95,D,0.2835774202374453,industrial,unnamed,tn_north,12.8575345,79.9445334,661546337,,,0.3813145067455044,Oragadam Industrial Estate,suburb,False,False,industrial_fire,Industrial facility (Industrial facility),661546337,False,3.495,0.8633462032502758,1,0,industrial_fire,0.985
12.85833,79.94445,333.53,0.38,0.36,2026-09-16,809,N,VIIRS,n,2.0NRT,303.38,3.78,D,0.088916413851962,industrial,unnamed,tn_north,12.8575345,79.9445334,661546337,,,0.4384935190412609,Oragadam Industrial Estate,suburb,False,False,industrial_fire,Industrial facility (Industrial facility),661546337,False,3.495,0.8633462032502758,1,1,industrial_fire,0.985
12.87986,79.90807,336.19,0.38,0.36,2026-09-16,809,N,VIIRS,n,2.0NRT,305.99,6.6,D,0.2994619746734046,industrial,unnamed,tn_north,12.8813249,79.9103882,1055416512,,,1.4705867943438735,Palnellore,village,False,False,industrial_fire,Industrial facility (Industrial facility),1055416512,False,6.6,3.3,1,1,industrial_fire,0.985
12.90249,79.90087,333.48,0.38,0.36,2026-09-16,809,N,VIIRS,l,2.0NRT,306.91,4.88,D,0.0648385691371898,works,unnamed,tn_north,12.9025771,79.9014615,749986036,,,1.744736332582278,Echoor,village,False,False,industrial_fire,Industrial facility (Industrial facility),749986036,False,4.88,2.44,1,0,industrial_fire,0.985
12.98208,80.0002,331.36,0.38,0.36,2026-09-16,809,N,VIIRS,l,2.0NRT,304.69,2.3,D,1.5203455029274835,works,unnamed,tn_north,12.9955031,80.0028694,38444699,,,1.8176220104458505,Irungattukottai,village,False,False,industrial_fire,Industrial facility (Industrial facility),38444699,False,2.3,1.15,1,0,industrial_fire,0.985
13.43832,79.71164,331.64,0.38,0.36,2026-09-16,809,N,VIIRS,l,2.0NRT,303.57,4.06,D,17.24326069889118,industrial,"APSRTC Bus Depot, Puttur",tn_north,13.4341705,79.5522608,1415875785,,,1.3173583078937685,Kottagollakandriga,village,False,False,agricultural_burn,"Agricultural cropland near Kottagollakandriga (village, 1.3 km)",1415875785,False,,,1,0,agricultural_burn,0.985
13.48112,78.97852,336.22,0.39,0.36,2026-09-16,809,N,VIIRS,n,2.0NRT,297.64,1.94,D,9.838372479838617,industrial,unnamed,tn_north,13.4496711,79.0635585,1264688218,,,3.281154501390489,Morrumkrindapalle,village,False,False,agricultural_burn,"Agricultural cropland near Morrumkrindapalle (village, 3.3 km)",1264688218,False,,,1,1,agricultural_burn,0.985
13.57117,79.69406,331.49,0.38,0.36,2026-09-16,809,N,VIIRS,l,2.0NRT,302.88,2.41,D,4.882814597969531,industrial,unnamed,tn_north,13.5929497,79.7332874,1002542311,,,1.549493447217335,Adavaram,village,False,False,agricultural_burn,"Agricultural cropland near Adavaram (village, 1.5 km)",1002542311,False,,,1,0,agricultural_burn,0.984
13.39193,80.0769,309.79,0.54,0.42,2026-09-16,2044,N,VIIRS,n,2.0NRT,293.19,0.85,N,0.1680928827050122,industrial,unnamed,tn_north,13.3934322,80.0770739,840721279,T.C.P. Limited - Gummidipoondi,Powerplant,6.087871915984604,Gummidipoondi,town,False,False,industrial_fire,Industrial facility (Industrial facility),840721279,False,1.46,1.324889932535278,0,1,industrial_fire,0.985
13.3958,80.07763,309.59,0.54,0.42,2026-09-16,2044,N,VIIRS,n,2.0NRT,293.28,0.99,N,0.2700715870575648,industrial,unnamed,tn_north,13.3934322,80.0770739,840721279,T.C.P. Limited - Gummidipoondi,Powerplant,5.833013204299616,Gummidipoondi,town,False,False,industrial_fire,Industrial facility (Industrial facility),840721279,False,1.46,1.324889932535278,0,1,industrial_fire,0.985
8.56332,77.68252,335.26,0.6,0.53,2026-09-17,750,N,VIIRS,n,2.0NRT,296.11,5.63,D,26.39580313936532,industrial,Sun Paper Mills Limited,cpcb_verified,8.6822,77.4747,cpcb_28,Sun Paper Mills Limited,Pulp & Paper,1.4917123092476858,Panankulam,village,False,False,agricultural_burn,"Agricultural cropland near Panankulam (village, 1.5 km)",cpcb_28,False,,,1,1,agricultural_burn,0.985
8.5661,77.67891,346.14,0.6,0.53,2026-09-17,750,N,VIIRS,n,2.0NRT,296.67,10.23,D,25.89749386166766,industrial,Sun Paper Mills Limited,cpcb_verified,8.6822,77.4747,cpcb_28,Sun Paper Mills Limited,Pulp & Paper,1.2289172168925615,Panankulam,village,False,False,agricultural_burn,"Agricultural cropland near Panankulam (village, 1.2 km)",cpcb_28,False,,,1,1,agricultural_burn,0.986
9.78933,80.15058,337.65,0.4,0.44,2026-09-17,750,N,VIIRS,n,2.0NRT,293.66,4.45,D,92.73283850885264,industrial,unnamed,tn_central,10.430444,79.6088047,651535389,,,2.1270457064573947,Udupiddy,village,False,False,agricultural_burn,"Agricultural cropland near Udupiddy (village, 2.1 km)",651535389,False,,,1,1,agricultural_burn,0.987
10.94808,77.369,332.82,0.58,0.52,2026-09-17,750,N,VIIRS,n,2.0NRT,292.75,2.59,D,42.155574930105104,industrial,Amaravathy Co-Op Sugar Mills (Distillery),cpcb_verified,10.5876,77.2495,cpcb_4,Amaravathy Co-Op Sugar Mills (Distillery),Distillery,0.9740569501346836,Kattur,village,False,False,agricultural_burn,"Agricultural cropland near Kattur (village, 1.0 km)",cpcb_4,False,,,1,1,agricultural_burn,0.986
11.70747,79.19976,330.48,0.43,0.46,2026-09-17,750,N,VIIRS,n,2.0NRT,298.27,1.48,D,10.580060952541388,industrial,IOCL Asanur,tn_central,11.6130218,79.1879921,1069783572,,,2.174321820815191,Elavanasur,village,False,False,agricultural_burn,"Agricultural cropland near Elavanasur (village, 2.2 km)",1069783572,False,,,1,1,agricultural_burn,0.985
11.84093,79.02319,332.41,0.43,0.46,2026-09-17,750,N,VIIRS,n,2.0NRT,297.32,2.79,D,14.043455315730832,industrial,Poompuhar THDC Ltd,tn_central,11.7375173,78.9491263,836478966,,,2.885477149232981,Thondanandal,village,True,False,wildfire,Forest / Woodland reserve near Thondanandal,836478966,False,,,1,1,wildfire,0.98
11.84172,79.02304,330.67,0.44,0.46,2026-09-17,750,N,VIIRS,n,2.0NRT,297.19,2.11,D,14.106147886423935,industrial,Poompuhar THDC Ltd,tn_central,11.7375173,78.9491263,836478966,,,2.825826470853672,Thondanandal,village,True,False,wildfire,Forest / Woodland reserve near Thondanandal,836478966,False,,,1,1,wildfire,0.98
11.26819,80.00468,315.44,0.38,0.36,2026-09-17,2023,N,VIIRS,n,2.0NRT,288.2,2.8,N,39.78528712668589,industrial,IL&FS Tamil Nadu Thermal Power Station,tn_central,11.5261596,79.7517592,645959123,,,17.888288655154547,Tirumullaivasal,village,False,False,scrub_biomass_burn,Rural scrubland / open biomass near Tirumullaivasal (17.9 km),645959123,False,,,0,1,scrub_biomass_burn,0.984
11.81608,77.91647,303.15,0.42,0.37,2026-09-17,2023,N,VIIRS,n,2.0NRT,284.71,0.94,N,13.013677646320776,industrial,Madras Aluminium Company Ltd (MALCO),cpcb_verified,11.788,77.8004,cpcb_0,Madras Aluminium Company Ltd (MALCO),Aluminium,0.8211474324360273,Kukkalpatti,village,False,False,agricultural_burn,"Agricultural cropland near Kukkalpatti (village, 0.8 km)",cpcb_0,False,,,0,1,agricultural_burn,0.987
12.62707,79.91238,315.74,0.38,0.36,2026-09-17,2023,N,VIIRS,n,2.0NRT,289.16,1.63,N,2.024826167656801,industrial,unnamed,tn_north,12.6168123,79.9277983,1032865618,,,1.256791950093967,Bukkathurai,village,False,False,agricultural_burn,"Agricultural cropland near Bukkathurai (village, 1.3 km)",1032865618,False,,,0,1,agricultural_burn,0.812
13.38076,80.11128,305.05,0.38,0.36,2026-09-17,2023,N,VIIRS,n,2.0NRT,287.42,1.24,N,0.0697779180505619,industrial,unnamed,tn_north,13.3804722,80.1118532,1017185140,T.C.P. Limited - Gummidipoondi,Powerplant,3.59934766817534,Kavaraipettai,village,False,False,industrial_fire,Industrial facility (Industrial facility),1017185140,False,1.67,0.608111831820431,0,1,industrial_fire,0.985
13.39237,80.10231,308.79,0.38,0.36,2026-09-17,2023,N,VIIRS,n,2.0NRT,286.24,1.22,N,0.8666078891413003,industrial,unnamed,tn_north,13.3871773,80.1082841,840721285,T.C.P. Limited - Gummidipoondi,Powerplant,3.8091135405360825,Gummidipoondi,town,False,False,industrial_fire,Industrial facility (Industrial facility),840721285,False,1.5444444444444445,1.0770690682485398,0,1,industrial_fire,0.985
13.44764,80.09685,305.49,0.38,0.36,2026-09-17,2023,N,VIIRS,n,2.0NRT,287.99,1.47,N,0.2405022782465253,industrial,unnamed,tn_north,13.4454991,80.0971663,840721277,,,2.454586613684396,Elavur,village,False,False,industrial_fire,Industrial facility (Industrial facility),840721277,False,2.445,1.3788582233137676,0,1,industrial_fire,0.985
8.76085,78.01939,307.37,0.4,0.37,2026-09-17,2025,N,VIIRS,n,2.0NRT,293.37,1.38,N,12.688691541697674,industrial,Coastal Energen Power Ltd,cpcb_verified,8.7642,78.1348,cpcb_25,Sterlite Industries (India) Ltd - Copper Smelter,Copper,4.0691582748892,Pudukottai,village,False,False,agricultural_burn,"Agricultural cropland near Pudukottai (village, 4.1 km)",cpcb_25,False,,,0,1,agricultural_burn,0.983
9.35563,78.81754,338.63,0.51,0.66,2026-09-18,731,N,VIIRS,n,2.0NRT,290.3,6.4,D,2.578858079524438,industrial,Coromandel Electric Company Ltd,cpcb_verified,9.3639,78.8395,cpcb_24,Pioneer Power Ltd,Powerplant,2.1283325723835875,Ramanathapuram,town,False,False,urban_commercial_fire,Urban / Commercial area (Ramanathapuram),cpcb_24,False,,,1,1,urban_commercial_fire,0.981
9.58416,78.56781,331.83,0.53,0.67,2026-09-18,731,N,VIIRS,n,2.0NRT,290.8,3.52,D,10.51102982817854,industrial,unnamed,tn_central,9.5863852,78.4719702,725193694,,,4.996163381112772,Kumarakurichi,village,False,False,agricultural_burn,"Agricultural cropland near Kumarakurichi (village, 5.0 km)",725193694,False,,,1,1,agricultural_burn,0.511
11.26936,80.0015,330.06,0.4,0.6,2026-09-18,731,N,VIIRS,n,2.0NRT,289.22,2.77,D,39.45157989645281,industrial,IL&FS Tamil Nadu Thermal Power Station,tn_central,11.5261596,79.7517592,645959123,,,17.56854288523169,Tirumullaivasal,village,False,False,scrub_biomass_burn,Rural scrubland / open biomass near Tirumullaivasal (17.6 km),645959123,False,,,1,1,scrub_biomass_burn,0.983
12.45774,76.88866,329.6,0.6,0.71,2026-09-18,731,N,VIIRS,n,2.0NRT,287.02,3.87,D,106.40653336939032,industrial,Sanmar Speciality Chemicals Ltd,cpcb_verified,12.7409,77.8253,cpcb_12,Sanmar Speciality Chemicals Ltd,Pharma,1.0046811887516989,Mottahalli,village,False,False,agricultural_burn,"Agricultural cropland near Mottahalli (village, 1.0 km)",cpcb_12,False,,,1,1,agricultural_burn,0.987
12.76095,76.89168,328.91,0.6,0.7,2026-09-18,731,N,VIIRS,n,2.0NRT,285.42,3.45,D,101.27811651491665,industrial,Sanmar Speciality Chemicals Ltd,cpcb_verified,12.7409,77.8253,cpcb_12,Sanmar Speciality Chemicals Ltd,Pharma,0.4548652727770031,Muddenahatti,village,False,False,agricultural_burn,"Agricultural cropland near Muddenahatti (village, 0.5 km)",cpcb_12,False,,,1,1,agricultural_burn,0.987
9.61201,78.40251,331.91,0.73,0.76,2026-09-18,911,N,VIIRS,n,2.0NRT,290.84,7.68,D,8.13106974531482,industrial,unnamed,tn_central,9.5863852,78.4719702,725193694,,,1.551878934976709,Velaneri,village,False,False,agricultural_burn,"Agricultural cropland near Velaneri (village, 1.6 km)",725193694,False,,,1,1,agricultural_burn,0.986
11.26616,80.00412,304.52,0.55,0.43,2026-09-18,2006,N,VIIRS,n,2.0NRT,287.38,2.63,N,39.90630645927018,industrial,IL&FS Tamil Nadu Thermal Power Station,tn_central,11.5261596,79.7517592,645959123,,,17.79226587432174,Tirumullaivasal,village,False,False,scrub_biomass_burn,Rural scrubland / open biomass near Tirumullaivasal (17.8 km),645959123,False,,,0,1,scrub_biomass_burn,0.984
11.26987,80.00117,307.56,0.55,0.43,2026-09-18,2006,N,VIIRS,n,2.0NRT,288.24,2.52,N,39.38569905687358,industrial,IL&FS Tamil Nadu Thermal Power Station,tn_central,11.5261596,79.7517592,645959123,,,17.543117330122026,Tirumullaivasal,village,False,False,scrub_biomass_burn,Rural scrubland / open biomass near Tirumullaivasal (17.5 km),645959123,False,,,0,1,scrub_biomass_burn,0.984
11.80968,77.92376,296.23,0.5,0.49,2026-09-18,2006,N,VIIRS,n,2.0NRT,265.49,0.48,N,13.641878278548552,industrial,Madras Aluminium Company Ltd (MALCO),cpcb_verified,11.788,77.8004,cpcb_0,Madras Aluminium Company Ltd (MALCO),Aluminium,0.9065821742352784,Kukkalpatti,village,False,False,agricultural_burn,"Agricultural cropland near Kukkalpatti (village, 0.9 km)",cpcb_0,False,,,0,1,agricultural_burn,0.986
12.84287,79.89474,298.56,0.39,0.44,2026-09-18,2006,N,VIIRS,n,2.0NRT,274.13,0.31,N,0.564326816111331,industrial,unnamed,tn_north,12.8390717,79.8912877,1425509051,,,5.030187447617841,Echoor,village,False,False,industrial_fire,Industrial facility (Industrial facility),1425509051,False,0.31,0.155,0,1,industrial_fire,0.984
13.39268,80.10199,309.94,0.38,0.43,2026-09-18,2006,N,VIIRS,n,2.0NRT,286.66,1.34,N,0.9153908974651772,industrial,unnamed,tn_north,13.3871773,80.1082841,840721285,T.C.P. Limited - Gummidipoondi,Powerplant,3.809281068925858,Gummidipoondi,town,False,False,industrial_fire,Industrial facility (Industrial facility),840721285,False,1.5444444444444445,1.0770690682485398,0,1,industrial_fire,0.985
8.07086,80.09274,330.58,0.53,0.5,2026-09-09,839,N,VIIRS,n,2.0NRT,296.44,2.55,D,160.1644719967002,industrial,Arkay Energy (Rameswaram) Ltd,cpcb_verified,9.2876,79.3129,cpcb_27,Arkay Energy (Rameswaram) Ltd,Powerplant,1.182429740696034,Ralapanawa,village,False,False,agricultural_burn,"Agricultural cropland near Ralapanawa (village, 1.2 km)",cpcb_27,False,,,1,1,agricultural_burn,0.987
8.12681,80.0978,342.88,0.53,0.5,2026-09-09,839,N,VIIRS,n,2.0NRT,299.8,7.15,D,155.24980024166945,industrial,Arkay Energy (Rameswaram) Ltd,cpcb_verified,9.2876,79.3129,cpcb_27,Arkay Energy (Rameswaram) Ltd,Powerplant,2.111400810250915,Kumbukwewa,village,False,False,agricultural_burn,"Agricultural cropland near Kumbukwewa (village, 2.1 km)",cpcb_27,False,,,1,1,agricultural_burn,0.987
8.26615,80.16025,344.39,0.54,0.51,2026-09-09,839,N,VIIRS,n,2.0NRT,300.63,11.17,D,146.87098195796818,industrial,Arkay Energy (Rameswaram) Ltd,cpcb_verified,9.2876,79.3129,cpcb_27,Arkay Energy (Rameswaram) Ltd,Powerplant,1.474467972201672,Horuvila,village,False,False,agricultural_burn,"Agricultural cropland near Horuvila (village, 1.5 km)",cpcb_27,False,,,1,1,agricultural_burn,0.987
8.27084,80.15961,348.91,0.54,0.51,2026-09-09,839,N,VIIRS,n,2.0NRT,301.13,11.17,D,146.42299099824504,industrial,Arkay Energy (Rameswaram) Ltd,cpcb_verified,9.2876,79.3129,cpcb_27,Arkay Energy (Rameswaram) Ltd,Powerplant,1.3164610315927396,Horuvila,village,False,False,agricultural_burn,"Agricultural cropland near Horuvila (village, 1.3 km)",cpcb_27,False,,,1,1,agricultural_burn,0.987
8.37234,77.62077,339.77,0.56,0.43,2026-09-09,839,N,VIIRS,n,2.0NRT,306.54,10.28,D,38.015085927393066,industrial,Sun Paper Mills Limited,cpcb_verified,8.6822,77.4747,cpcb_28,Sun Paper Mills Limited,Pulp & Paper,1.8640767226614705,Valiyoor,town,False,False,urban_commercial_fire,Urban / Commercial area (Valiyoor),cpcb_28,False,,,1,1,urban_commercial_fire,0.982
8.37381,77.62325,339.68,0.56,0.43,2026-09-09,839,N,VIIRS,n,2.0NRT,307.26,6.09,D,37.9834718591336,industrial,Sun Paper Mills Limited,cpcb_verified,8.6822,77.4747,cpcb_28,Sun Paper Mills Limited,Pulp & Paper,1.962717695036066,Valiyoor,town,False,False,urban_commercial_fire,Urban / Commercial area (Valiyoor),cpcb_28,False,,,1,1,urban_commercial_fire,0.982
8.46842,80.24854,330.37,0.55,0.51,2026-09-09,839,N,VIIRS,n,2.0NRT,299.64,2.25,D,137.34311467564248,industrial,Arkay Energy (Rameswaram) Ltd,cpcb_verified,9.2876,79.3129,cpcb_27,Arkay Energy (Rameswaram) Ltd,Powerplant,3.2733679789802914,Thuppitiyawa,village,False,False,agricultural_burn,"Agricultural cropland near Thuppitiyawa (village, 3.3 km)",cpcb_27,False,,,1,1,agricultural_burn,0.987
8.53304,78.12076,336.58,0.4,0.44,2026-09-09,839,N,VIIRS,l,2.0NRT,308.22,2.69,D,25.75011612504155,industrial,Coastal Energen Power Ltd,cpcb_verified,8.7642,78.1348,cpcb_25,Sterlite Industries (India) Ltd - Copper Smelter,Copper,1.2788453084270313,Philomi Nagar,village,False,False,agricultural_burn,"Agricultural cropland near Philomi Nagar (village, 1.3 km)",cpcb_25,False,,,1,0,agricultural_burn,0.986
8.60634,77.96951,345.48,0.39,0.44,2026-09-09,839,N,VIIRS,n,2.0NRT,306.15,4.79,D,25.262926664049683,industrial,Coastal Energen Power Ltd,cpcb_verified,8.7642,78.1348,cpcb_25,Sterlite Industries (India) Ltd - Copper Smelter,Copper,1.9830190365322928,Thenthiruperai,village,False,False,agricultural_burn,"Agricultural cropland near Thenthiruperai (village, 2.0 km)",cpcb_25,False,,,1,1,agricultural_burn,0.987
8.7018,80.28503,339.68,0.56,0.51,2026-09-09,839,N,VIIRS,n,2.0NRT,298.82,6.94,D,125.06782589697012,industrial,Arkay Energy (Rameswaram) Ltd,cpcb_verified,9.2876,79.3129,cpcb_27,Arkay Energy (Rameswaram) Ltd,Powerplant,3.182945421853196,Andiyapuliyankulam,village,False,False,agricultural_burn,"Agricultural cropland near Andiyapuliyankulam (village, 3.2 km)",cpcb_27,False,,,1,1,agricultural_burn,0.987
8.88306,77.78769,334.5,0.39,0.44,2026-09-09,839,N,VIIRS,n,2.0NRT,303.98,2.52,D,16.198861779527114,industrial,IND Barath Thermal Power Ltd,cpcb_verified,8.8894,77.935,cpcb_13,IND Barath Thermal Power Ltd,Powerplant,2.924173730412812,Gangaikondan,village,False,False,agricultural_burn,"Agricultural cropland near Gangaikondan (village, 2.9 km)",cpcb_13,False,,,1,1,agricultural_burn,0.986
9.63687,78.10203,339.96,0.41,0.45,2026-09-09,839,N,VIIRS,n,2.0NRT,308.2,5.41,D,7.233931202421231,industrial,unnamed,tn_central,9.6219138,78.0378114,1268380495,,,3.720677155325724,Kariyapatti,village,False,False,agricultural_burn,"Agricultural cropland near Kariyapatti (village, 3.7 km)",1268380495,False,,,1,1,agricultural_burn,0.986
9.80809,77.51385,340.35,0.57,0.43,2026-09-09,839,N,VIIRS,n,2.0NRT,296.04,7.83,D,54.84476220853108,industrial,Vadapalanji IT SEZ,tn_central,9.9312285,77.9986372,1034798587,,,1.1892296933961808,Kadamalaikundu,village,False,False,agricultural_burn,"Agricultural cropland near Kadamalaikundu (village, 1.2 km)",1034798587,False,,,1,1,agricultural_burn,0.987
9.83046,77.55689,341.33,0.38,0.44,2026-09-09,839,N,VIIRS,n,2.0NRT,295.21,2.25,D,49.67173294299501,industrial,Vadapalanji IT SEZ,tn_central,9.9312285,77.9986372,1034798587,,,4.216378799200353,Moolakadai Manthisunai,village,False,False,agricultural_burn,"Agricultural cropland near Moolakadai Manthisunai (village, 4.2 km)",1034798587,False,,,1,1,agricultural_burn,0.987
9.83092,77.56013,331.53,0.38,0.44,2026-09-09,839,N,VIIRS,n,2.0NRT,295.36,3.1,D,49.31439215029715,industrial,Vadapalanji IT SEZ,tn_central,9.9312285,77.9986372,1034798587,,,4.297443792658179,Moolakadai Manthisunai,village,False,False,agricultural_burn,"Agricultural cropland near Moolakadai Manthisunai (village, 4.3 km)",1034798587,False,,,1,1,agricultural_burn,0.987
10.09023,77.69757,343.84,0.4,0.44,2026-09-09,839,N,VIIRS,n,2.0NRT,303.29,1.42,D,37.40910103028961,industrial,Vadapalanji IT SEZ,tn_central,9.9312285,77.9986372,1034798587,,,6.496437267758575,Gullapuram,village,False,False,scrub_biomass_burn,Rural scrubland / open biomass near Gullapuram (6.5 km),1034798587,False,,,1,1,scrub_biomass_burn,0.983
10.25719,77.25083,347.9,0.56,0.43,2026-09-09,839,N,VIIRS,n,2.0NRT,291.29,94.07,D,36.740203619159374,industrial,Amaravathy Co-Op Sugar Mills (Distillery),cpcb_verified,10.5876,77.2495,cpcb_4,Amaravathy Co-Op Sugar Mills (Distillery),Distillery,5.989889933701877,Kottakambur,village,False,False,scrub_biomass_burn,Rural scrubland / open biomass near Kottakambur (6.0 km),cpcb_4,False,,,1,1,scrub_biomass_burn,0.971
10.25788,77.24821,335.44,0.56,0.43,2026-09-09,839,N,VIIRS,n,2.0NRT,295.72,50.16,D,36.66346262876795,industrial,Amaravathy Co-Op Sugar Mills (Distillery),cpcb_verified,10.5876,77.2495,cpcb_4,Amaravathy Co-Op Sugar Mills (Distillery),Distillery,6.105354721497239,Kottakambur,village,False,False,scrub_biomass_burn,Rural scrubland / open biomass near Kottakambur (6.1 km),cpcb_4,False,,,1,1,scrub_biomass_burn,0.97
10.26118,77.24303,330.49,0.56,0.43,2026-09-09,839,N,VIIRS,n,2.0NRT,290.27,26.52,D,36.30314381053276,industrial,Amaravathy Co-Op Sugar Mills (Distillery),cpcb_verified,10.5876,77.2495,cpcb_4,Amaravathy Co-Op Sugar Mills (Distillery),Distillery,6.442407035515956,Karayoor,village,False,False,scrub_biomass_burn,Rural scrubland / open biomass near Karayoor (6.4 km),cpcb_4,False,,,1,1,scrub_biomass_burn,0.971
10.31302,78.61387,342.94,0.45,0.47,2026-09-09,839,N,VIIRS,n,2.0NRT,300.44,4.49,D,8.350427432088988,industrial,unnamed,tn_central,10.3746753,78.5702873,671807505,,,0.5315501378859792,Sundaram,village,False,False,agricultural_burn,"Agricultural cropland near Sundaram (village, 0.5 km)",671807505,False,,,1,1,agricultural_burn,0.985
10.34718,79.41057,336.58,0.51,0.5,2026-09-09,839,N,VIIRS,n,2.0NRT,292.56,3.7,D,13.403569105989618,industrial,Shriram Non-Conventional Energy Ltd,cpcb_verified,10.4256,79.3175,cpcb_17,Shriram Non-Conventional Energy Ltd,Powerplant,0.8533636330221533,Karisakadu,village,True,False,wildfire,Forest / Woodland reserve near Karisakadu,cpcb_17,False,,,1,1,wildfire,0.959
10.34748,79.41254,338.36,0.51,0.5,2026-09-09,839,N,VIIRS,n,2.0NRT,292.31,3.18,D,13.546509060100744,industrial,Shriram Non-Conventional Energy Ltd,cpcb_verified,10.4256,79.3175,cpcb_17,Shriram Non-Conventional Energy Ltd,Powerplant,0.6674616792662017,Karisakadu,village,True,False,wildfire,Forest / Woodland reserve near Karisakadu,cpcb_17,False,,,1,1,wildfire,0.955
10.43343,77.19473,335.63,0.56,0.43,2026-09-09,839,N,VIIRS,n,2.0NRT,303.53,9.4,D,18.158618826647096,industrial,Amaravathy Co-Op Sugar Mills (Distillery),cpcb_verified,10.5876,77.2495,cpcb_4,Amaravathy Co-Op Sugar Mills (Distillery),Distillery,7.576006619537006,Thirumoorthy,village,False,False,scrub_biomass_burn,Rural scrubland / open biomass near Thirumoorthy (7.6 km),cpcb_4,False,,,1,1,scrub_biomass_burn,0.982
10.44232,77.11541,335.28,0.55,0.43,2026-09-09,839,N,VIIRS,n,2.0NRT,299.13,2.39,D,21.814505181670423,industrial,Amaravathy Co-Op Sugar Mills (Distillery),cpcb_verified,10.5876,77.2495,cpcb_4,Amaravathy Co-Op Sugar Mills (Distillery),Distillery,6.284209919237592,Thirumoorthy,village,False,False,scrub_biomass_burn,Rural scrubland / open biomass near Thirumoorthy (6.3 km),cpcb_4,False,,,1,1,scrub_biomass_burn,0.982
10.53283,78.61864,330.74,0.46,0.47,2026-09-09,839,N,VIIRS,n,2.0NRT,300.14,1.94,D,5.402572657025103,industrial,Valathadippatti,tn_central,10.5787334,78.6348366,618569337,,,0.3072929253312389,Udayampatti,village,False,False,agricultural_burn,"Agricultural cropland near Udayampatti (village, 0.3 km)",618569337,False,,,1,1,agricultural_burn,0.985
10.67141,78.88138,335.09,0.48,0.48,2026-09-09,839,N,VIIRS,n,2.0NRT,301.43,4.19,D,7.934011594506534,industrial,unnamed,tn_central,10.7243082,78.9301115,175584077,,,0.8974459893266612,Sengalur,village,True,False,wildfire,Forest / Woodland reserve near Sengalur,175584077,False,,,1,1,wildfire,0.982
10.68338,79.27805,334.52,0.51,0.49,2026-09-09,839,N,VIIRS,n,2.0NRT,294.9,3.25,D,8.329140900132625,industrial,unnamed,tn_central,10.6088195,79.2707405,750510845,,,0.7860084682245518,Thalaiyamangalam,village,False,False,agricultural_burn,"Agricultural cropland near Thalaiyamangalam (village, 0.8 km)",750510845,False,,,1,1,agricultural_burn,0.985
10.90465,78.49009,345.24,0.45,0.47,2026-09-09,839,N,VIIRS,n,2.0NRT,300.98,4.58,D,9.11395511524059,industrial,unnamed,tn_central,10.8445658,78.4333216,1017720847,,,0.52782565219303,Palankaveri,village,False,False,agricultural_burn,"Agricultural cropland near Palankaveri (village, 0.5 km)",1017720847,False,,,1,1,agricultural_burn,0.987
10.91727,78.97856,335.44,0.49,0.49,2026-09-09,839,N,VIIRS,n,2.0NRT,299.35,2.94,D,6.551963940656575,industrial,Dalmia Cement,tn_central,10.9680364,78.9480942,178531096,,,0.573276800765007,Virugalur,village,False,False,agricultural_burn,"Agricultural cropland near Virugalur (village, 0.6 km)",178531096,False,2.66,1.33,1,1,agricultural_burn,0.985
10.91968,78.97959,334.43,0.49,0.49,2026-09-09,839,N,VIIRS,n,2.0NRT,299.05,1.76,D,6.38240837014276,industrial,Dalmia Cement,tn_central,10.9680364,78.9480942,178531096,,,0.8627596677029318,Virugalur,village,False,False,agricultural_burn,"Agricultural cropland near Virugalur (village, 0.9 km)",178531096,False,2.66,1.33,1,1,agricultural_burn,0.985
11.02803,77.51046,336.75,0.4,0.44,2026-09-09,839,N,VIIRS,n,2.0NRT,304.82,4.23,D,53.13408029776257,industrial,TNPL Paper Mill,tn_central,11.052316,77.9966873,61982524,,,3.0708944320574,Sivanmalai,village,False,False,agricultural_burn,"Agricultural cropland near Sivanmalai (village, 3.1 km)",61982524,False,,,1,1,agricultural_burn,0.987
12.06407,79.16139,333.03,0.52,0.5,2026-09-09,839,N,VIIRS,n,2.0NRT,299.16,2.28,D,16.635964796230162,industrial,unnamed,tn_central,11.9185368,79.1968552,265038581,,,2.835004456953561,Andampallam,village,True,False,wildfire,Forest / Woodland reserve near Andampallam,265038581,False,,,1,1,wildfire,0.968
12.56395,79.11487,341.51,0.53,0.5,2026-09-09,839,N,VIIRS,n,2.0NRT,296.93,15.8,D,18.97233554425529,industrial,unnamed,tn_north,12.5821739,79.2886845,1268573578,,,5.823399012729247,Polur,town,False,False,scrub_biomass_burn,Rural scrubland / open biomass near Polur (5.8 km),1268573578,False,,,1,1,scrub_biomass_burn,0.982
10.78634,76.78297,310.68,0.4,0.6,2026-09-09,2116,N,VIIRS,n,2.0NRT,289.04,0.81,N,55.55994974397044,industrial,Amaravathy Co-Op Sugar Mills (Distillery),cpcb_verified,10.5876,77.2495,cpcb_4,Amaravathy Co-Op Sugar Mills (Distillery),Distillery,1.9321859503693235,Pudussery Central,village,False,False,agricultural_burn,"Agricultural cropland near Pudussery Central (village, 1.9 km)",cpcb_4,False,,,0,1,agricultural_burn,0.986
10.78694,76.78407,304.4,0.4,0.6,2026-09-09,2116,N,VIIRS,n,2.0NRT,289.1,0.73,N,55.47627098627433,industrial,Amaravathy Co-Op Sugar Mills (Distillery),cpcb_verified,10.5876,77.2495,cpcb_4,Amaravathy Co-Op Sugar Mills (Distillery),Distillery,1.9747183171584568,Pudussery Central,village,False,False,agricultural_burn,"Agricultural cropland near Pudussery Central (village, 2.0 km)",cpcb_4,False,,,0,1,agricultural_burn,0.987
8.00195,80.11581,330.79,0.43,0.38,2026-09-10,820,N,VIIRS,n,2.0NRT,300.41,2.24,D,168.009879043635,industrial,Arkay Energy (Rameswaram) Ltd,cpcb_verified,9.2876,79.3129,cpcb_27,Arkay Energy (Rameswaram) Ltd,Powerplant,1.081145026601936,Nawagattegama,town,False,False,urban_commercial_fire,Urban / Commercial area (Nawagattegama),cpcb_27,False,,,1,1,urban_commercial_fire,0.982
8.01429,80.03149,336.34,0.42,0.38,2026-09-10,820,N,VIIRS,n,2.0NRT,299.62,5.56,D,162.13062743424734,industrial,Arkay Energy (Rameswaram) Ltd,cpcb_verified,9.2876,79.3129,cpcb_27,Arkay Energy (Rameswaram) Ltd,Powerplant,5.942745756985578,Nikawewa,village,False,False,scrub_biomass_burn,Rural scrubland / open biomass near Nikawewa (5.9 km),cpcb_27,False,,,1,1,scrub_biomass_burn,0.981
8.03297,80.39876,342.24,0.44,0.38,2026-09-10,820,N,VIIRS,n,2.0NRT,301.68,9.04,D,183.6031549793005,industrial,Arkay Energy (Rameswaram) Ltd,cpcb_verified,9.2876,79.3129,cpcb_27,Arkay Energy (Rameswaram) Ltd,Powerplant,2.5635721455320564,Andarawewa,village,False,False,agricultural_burn,"Agricultural cropland near Andarawewa (village, 2.6 km)",cpcb_27,False,,,1,1,agricultural_burn,0.987
8.03946,80.09521,331.99,0.43,0.38,2026-09-10,820,N,VIIRS,n,2.0NRT,301.54,1.98,D,163.2692369313809,industrial,Arkay Energy (Rameswaram) Ltd,cpcb_verified,9.2876,79.3129,cpcb_27,Arkay Energy (Rameswaram) Ltd,Powerplant,2.439583538120213,Ralapanawa,village,False,False,agricultural_burn,"Agricultural cropland near Ralapanawa (village, 2.4 km)",cpcb_27,False,,,1,1,agricultural_burn,0.987
8.0436,80.3488,336.18,0.44,0.38,2026-09-10,820,N,VIIRS,n,2.0NRT,302.38,6.07,D,179.1660597212639,industrial,Arkay Energy (Rameswaram) Ltd,cpcb_verified,9.2876,79.3129,cpcb_27,Arkay Energy (Rameswaram) Ltd,Powerplant,1.4241538799197004,Meegalewa,town,False,False,urban_commercial_fire,Urban / Commercial area (Meegalewa),cpcb_27,False,,,1,1,urban_commercial_fire,0.981
8.05744,80.09648,336.33,0.43,0.38,2026-09-10,820,N,VIIRS,n,2.0NRT,302.76,3.86,D,161.64645301328423,industrial,Arkay Energy (Rameswaram) Ltd,cpcb_verified,9.2876,79.3129,cpcb_27,Arkay Energy (Rameswaram) Ltd,Powerplant,0.8380988759815379,Ralapanawa,village,False,False,agricultural_burn,"Agricultural cropland near Ralapanawa (village, 0.8 km)",cpcb_27,False,,,1,1,agricultural_burn,0.987
8.06092,80.09595,348.11,0.43,0.38,2026-09-10,820,N,VIIRS,n,2.0NRT,303.56,6.79,D,161.2878296321284,industrial,Arkay Energy (Rameswaram) Ltd,cpcb_verified,9.2876,79.3129,cpcb_27,Arkay Energy (Rameswaram) Ltd,Powerplant,0.6984337252604521,Ralapanawa,village,False,False,agricultural_burn,"Agricultural cropland near Ralapanawa (village, 0.7 km)",cpcb_27,False,,,1,1,agricultural_burn,0.987
8.09644,79.8333,340.53,0.42,0.37,2026-09-10,820,N,VIIRS,n,2.0NRT,298.62,5.35,D,144.2744257504046,industrial,Arkay Energy (Rameswaram) Ltd,cpcb_verified,9.2876,79.3129,cpcb_27,Arkay Energy (Rameswaram) Ltd,Powerplant,7.218976616559698,Puttalam,city,False,False,scrub_biomass_burn,Rural scrubland / open biomass near Puttalam (7.2 km),cpcb_27,False,,,1,1,scrub_biomass_burn,0.983
8.12294,80.154,339.48,0.43,0.38,2026-09-10,820,N,VIIRS,n,2.0NRT,305.42,3.64,D,159.11564988740162,industrial,Arkay Energy (Rameswaram) Ltd,cpcb_verified,9.2876,79.3129,cpcb_27,Arkay Energy (Rameswaram) Ltd,Powerplant,2.254555513708476,Pothanegama,village,False,False,agricultural_burn,"Agricultural cropland near Pothanegama (village, 2.3 km)",cpcb_27,False,,,1,1,agricultural_burn,0.987
8.2586,80.31792,335.19,0.44,0.38,2026-09-10,820,N,VIIRS,n,2.0NRT,297.72,2.92,D,159.02741145834264,industrial,Arkay Energy (Rameswaram) Ltd,cpcb_verified,9.2876,79.3129,cpcb_27,Arkay Energy (Rameswaram) Ltd,Powerplant,4.347232440074915,Talawa,village,False,False,agricultural_burn,"Agricultural cropland near Talawa (village, 4.3 km)",cpcb_27,False,,,1,1,agricultural_burn,0.987
8.33105,80.31969,330.45,0.44,0.38,2026-09-10,820,N,VIIRS,n,2.0NRT,296.58,3.07,D,153.46572839723265,industrial,Arkay Energy (Rameswaram) Ltd,cpcb_verified,9.2876,79.3129,cpcb_27,Arkay Energy (Rameswaram) Ltd,Powerplant,2.642320324935528,Viharapalugama,village,False,False,agricultural_burn,"Agricultural cropland near Viharapalugama (village, 2.6 km)",cpcb_27,False,,,1,1,agricultural_burn,0.987
8.33458,80.31918,342.13,0.44,0.38,2026-09-10,820,N,VIIRS,n,2.0NRT,292.74,3.07,D,153.1531069859707,industrial,Arkay Energy (Rameswaram) Ltd,cpcb_verified,9.2876,79.3129,cpcb_27,Arkay Energy (Rameswaram) Ltd,Powerplant,2.538980991560213,Viharapalugama,village,False,False,agricultural_burn,"Agricultural cropland near Viharapalugama (village, 2.5 km)",cpcb_27,False,,,1,1,agricultural_burn,0.987
8.41038,80.19921,339.08,0.43,0.38,2026-09-10,820,N,VIIRS,n,2.0NRT,305.36,4.97,D,137.83035445694352,industrial,Arkay Energy (Rameswaram) Ltd,cpcb_verified,9.2876,79.3129,cpcb_27,Arkay Energy (Rameswaram) Ltd,Powerplant,1.3102646879613573,Dunumadalawa,village,False,False,agricultural_burn,"Agricultural cropland near Dunumadalawa (village, 1.3 km)",cpcb_27,False,,,1,1,agricultural_burn,0.987
8.43785,77.62556,341.99,0.38,0.36,2026-09-10,820,N,VIIRS,n,2.0NRT,309.16,4.26,D,31.833887282915,industrial,Sun Paper Mills Limited,cpcb_verified,8.6822,77.4747,cpcb_28,Sun Paper Mills Limited,Pulp & Paper,1.7800372949898842,Dalapathi Samudram,village,False,False,agricultural_burn,"Agricultural cropland near Dalapathi Samudram (village, 1.8 km)",cpcb_28,False,,,1,1,agricultural_burn,0.985
8.50423,80.27431,346.53,0.44,0.38,2026-09-10,820,N,VIIRS,n,2.0NRT,307.3,5.29,D,136.90342990492277,industrial,Arkay Energy (Rameswaram) Ltd,cpcb_verified,9.2876,79.3129,cpcb_27,Arkay Energy (Rameswaram) Ltd,Powerplant,1.617194663951878,Thuppitiyawa,village,False,False,agricultural_burn,"Agricultural cropland near Thuppitiyawa (village, 1.6 km)",cpcb_27,False,,,1,1,agricultural_burn,0.987
8.5093,80.33444,341.91,0.44,0.38,2026-09-10,820,N,VIIRS,n,2.0NRT,303.3,6.72,D,141.71611225468342,industrial,Arkay Energy (Rameswaram) Ltd,cpcb_verified,9.2876,79.3129,cpcb_27,Arkay Energy (Rameswaram) Ltd,Powerplant,6.527401642107929,Gambirigaswewa,village,False,False,scrub_biomass_burn,Rural scrubland / open biomass near Gambirigaswewa (6.5 km),cpcb_27,False,,,1,1,scrub_biomass_burn,0.984
8.50944,80.33411,345.66,0.44,0.38,2026-09-10,820,N,VIIRS,n,2.0NRT,303.53,6.54,D,141.67788180364062,industrial,Arkay Energy (Rameswaram) Ltd,cpcb_verified,9.2876,79.3129,cpcb_27,Arkay Energy (Rameswaram) Ltd,Powerplant,6.566101911780192,Gambirigaswewa,village,False,False,scrub_biomass_burn,Rural scrubland / open biomass near Gambirigaswewa (6.6 km),cpcb_27,False,,,1,1,scrub_biomass_burn,0.984
8.51284,80.33392,346.92,0.44,0.38,2026-09-10,820,N,VIIRS,n,2.0NRT,306.11,21.3,D,141.43034204339511,industrial,Arkay Energy (Rameswaram) Ltd,cpcb_verified,9.2876,79.3129,cpcb_27,Arkay Energy (Rameswaram) Ltd,Powerplant,6.804818110695612,Gambirigaswewa,village,False,False,scrub_biomass_burn,Rural scrubland / open biomass near Gambirigaswewa (6.8 km),cpcb_27,False,,,1,1,scrub_biomass_burn,0.981
8.58175,80.3605,335.68,0.44,0.38,2026-09-10,820,N,VIIRS,n,2.0NRT,302.65,4.48,D,139.29148031810072,industrial,Arkay Energy (Rameswaram) Ltd,cpcb_verified,9.2876,79.3129,cpcb_27,Arkay Energy (Rameswaram) Ltd,Powerplant,3.8949903018856737,Neriyakulam,town,False,False,scrub_biomass_burn,Rural scrubland / open biomass near Neriyakulam (3.9 km),cpcb_27,False,,,1,1,scrub_biomass_burn,0.977
8.59828,80.34993,341.5,0.44,0.38,2026-09-10,820,N,VIIRS,n,2.0NRT,304.18,3.94,D,137.29720167403386,industrial,Arkay Energy (Rameswaram) Ltd,cpcb_verified,9.2876,79.3129,cpcb_27,Arkay Energy (Rameswaram) Ltd,Powerplant,2.0455548773976955,Neriyakulam,town,False,False,urban_commercial_fire,Urban / Commercial area (Neriyakulam),cpcb_27,False,,,1,1,urban_commercial_fire,0.982
8.61125,80.33987,335.77,0.44,0.38,2026-09-10,820,N,VIIRS,l,2.0NRT,306.63,2.49,D,135.57486965038152,industrial,Arkay Energy (Rameswaram) Ltd,cpcb_verified,9.2876,79.3129,cpcb_27,Arkay Energy (Rameswaram) Ltd,Powerplant,1.2389192877789572,Sinnasippikulam,village,False,False,agricultural_burn,"Agricultural cropland near Sinnasippikulam (village, 1.2 km)",cpcb_27,False,,,1,0,agricultural_burn,0.987
8.62137,77.9171,337.25,0.38,0.36,2026-09-10,820,N,VIIRS,n,2.0NRT,306.6,4.2,D,28.719973881963828,industrial,Coastal Energen Power Ltd,cpcb_verified,8.7642,78.1348,cpcb_25,Sterlite Industries (India) Ltd - Copper Smelter,Copper,1.2867271578866155,Srivaikuntam,town,False,False,urban_commercial_fire,Urban / Commercial area (Srivaikuntam),cpcb_25,False,,,1,1,urban_commercial_fire,0.984
8.68441,80.27705,342.09,0.44,0.38,2026-09-10,820,N,VIIRS,n,2.0NRT,306.37,3.39,D,125.34659457293937,industrial,Arkay Energy (Rameswaram) Ltd,cpcb_verified,9.2876,79.3129,cpcb_27,Arkay Energy (Rameswaram) Ltd,Powerplant,4.290560359749456,Andiyapuliyankulam,village,False,False,agricultural_burn,"Agricultural cropland near Andiyapuliyankulam (village, 4.3 km)",cpcb_27,False,,,1,1,agricultural_burn,0.987
8.685,80.28103,338.17,0.44,0.38,2026-09-10,820,N,VIIRS,n,2.0NRT,305.32,4.18,D,125.68102887814128,industrial,Arkay Energy (Rameswaram) Ltd,cpcb_verified,9.2876,79.3129,cpcb_27,Arkay Energy (Rameswaram) Ltd,Powerplant,4.40755040902346,Andiyapuliyankulam,village,False,False,agricultural_burn,"Agricultural cropland near Andiyapuliyankulam (village, 4.4 km)",cpcb_27,False,,,1,1,agricultural_burn,0.987
8.70911,80.24902,334.26,0.44,0.38,2026-09-10,820,N,VIIRS,l,2.0NRT,307.35,3.08,D,121.27517083720984,industrial,Arkay Energy (Rameswaram) Ltd,cpcb_verified,9.2876,79.3129,cpcb_27,Arkay Energy (Rameswaram) Ltd,Powerplant,1.989273042179472,Andiyapuliyankulam,village,False,False,agricultural_burn,"Agricultural cropland near Andiyapuliyankulam (village, 2.0 km)",cpcb_27,False,,,1,0,agricultural_burn,0.987
8.70923,80.24919,334.92,0.44,0.38,2026-09-10,820,N,VIIRS,l,2.0NRT,307.37,3.06,D,121.2839086785553,industrial,Arkay Energy (Rameswaram) Ltd,cpcb_verified,9.2876,79.3129,cpcb_27,Arkay Energy (Rameswaram) Ltd,Powerplant,1.9663610707439527,Andiyapuliyankulam,village,False,False,agricultural_burn,"Agricultural cropland near Andiyapuliyankulam (village, 2.0 km)",cpcb_27,False,,,1,0,agricultural_burn,0.987
8.71204,80.24454,336.81,0.44,0.38,2026-09-10,820,N,VIIRS,n,2.0NRT,305.32,3.08,D,120.68491094628334,industrial,Arkay Energy (Rameswaram) Ltd,cpcb_verified,9.2876,79.3129,cpcb_27,Arkay Energy (Rameswaram) Ltd,Powerplant,2.236832656695195,Andiyapuliyankulam,village,False,False,agricultural_burn,"Agricultural cropland near Andiyapuliyankulam (village, 2.2 km)",cpcb_27,False,,,1,1,agricultural_burn,0.987
8.71219,80.2447,335.1,0.44,0.38,2026-09-10,820,N,VIIRS,n,2.0NRT,304.97,3.06,D,120.69094817988686,industrial,Arkay Energy (Rameswaram) Ltd,cpcb_verified,9.2876,79.3129,cpcb_27,Arkay Energy (Rameswaram) Ltd,Powerplant,2.213908710217532,Andiyapuliyankulam,village,False,False,agricultural_burn,"Agricultural cropland near Andiyapuliyankulam (village, 2.2 km)",cpcb_27,False,,,1,1,agricultural_burn,0.987
8.77444,77.74644,341.85,0.38,0.36,2026-09-10,820,N,VIIRS,l,2.0NRT,311.95,6.31,D,24.344455667455524,industrial,IND Barath Thermal Power Ltd,cpcb_verified,8.8894,77.935,cpcb_13,IND Barath Thermal Power Ltd,Powerplant,1.7198342273568226,Rajavallipuram,village,True,False,wildfire,Forest / Woodland reserve near Rajavallipuram,cpcb_13,False,,,1,0,wildfire,0.968
8.83971,80.33202,332.94,0.44,0.39,2026-09-10,820,N,VIIRS,l,2.0NRT,303.36,5.77,D,122.4876867517859,industrial,Arkay Energy (Rameswaram) Ltd,cpcb_verified,9.2876,79.3129,cpcb_27,Arkay Energy (Rameswaram) Ltd,Powerplant,2.5001864932258497,Kovilpuliyankulam,village,False,False,agricultural_burn,"Agricultural cropland near Kovilpuliyankulam (village, 2.5 km)",cpcb_27,False,,,1,0,agricultural_burn,0.987
9.02902,80.24326,337.82,0.44,0.38,2026-09-10,820,N,VIIRS,n,2.0NRT,303.01,3.25,D,106.10257011401778,industrial,Arkay Energy (Rameswaram) Ltd,cpcb_verified,9.2876,79.3129,cpcb_27,Arkay Energy (Rameswaram) Ltd,Powerplant,0.9874351333232432,Chiraddi Kulam,village,False,False,agricultural_burn,"Agricultural cropland near Chiraddi Kulam (village, 1.0 km)",cpcb_27,False,,,1,1,agricultural_burn,0.987
9.3272,80.36589,330.69,0.45,0.39,2026-09-10,820,N,VIIRS,n,2.0NRT,296.03,1.52,D,115.62950177571976,industrial,Arkay Energy (Rameswaram) Ltd,cpcb_verified,9.2876,79.3129,cpcb_27,Arkay Energy (Rameswaram) Ltd,Powerplant,2.066042904716737,Valluvarpannai,village,False,False,agricultural_burn,"Agricultural cropland near Valluvarpannai (village, 2.1 km)",cpcb_27,False,,,1,1,agricultural_burn,0.987
9.00893,77.79801,345.28,0.38,0.36,2026-09-10,822,N,VIIRS,n,2.0NRT,310.28,14.15,D,20.07663175380445,industrial,IND Barath Thermal Power Ltd,cpcb_verified,8.8894,77.935,cpcb_13,IND Barath Thermal Power Ltd,Powerplant,7.099893815263476,Kadambur,village,False,False,scrub_biomass_burn,Rural scrubland / open biomass near Kadambur (7.1 km),cpcb_13,False,,,1,1,scrub_biomass_burn,0.982
9.24757,77.89983,341.57,0.39,0.36,2026-09-10,822,N,VIIRS,n,2.0NRT,309.81,9.52,D,38.85064360147658,industrial,unnamed,tn_central,9.5036327,78.1407603,906837199,,,4.942968358453836,Sankaralingapuram,village,False,False,agricultural_burn,"Agricultural cropland near Sankaralingapuram (village, 4.9 km)",906837199,False,,,1,1,agricultural_burn,0.878
9.41302,80.28743,338.83,0.45,0.39,2026-09-10,822,N,VIIRS,n,2.0NRT,286.25,3.99,D,107.82862962565288,industrial,Arkay Energy (Rameswaram) Ltd,cpcb_verified,9.2876,79.3129,cpcb_27,Arkay Energy (Rameswaram) Ltd,Powerplant,3.520982858009944,Uruthirapuram West,village,False,False,agricultural_burn,"Agricultural cropland near Uruthirapuram West (village, 3.5 km)",cpcb_27,False,,,1,1,agricultural_burn,0.987
9.81509,78.59298,339.48,0.4,0.37,2026-09-10,822,N,VIIRS,n,2.0NRT,295.91,4.08,D,6.842582299431035,industrial,unnamed,tn_central,9.8674891,78.6257282,202530463,,,2.559344073536507,Vittaneri,village,False,False,agricultural_burn,"Agricultural cropland near Vittaneri (village, 2.6 km)",202530463,False,,,1,1,agricultural_burn,0.986
13.56128,76.31514,331.81,0.38,0.36,2026-09-10,822,N,VIIRS,n,2.0NRT,298.1,3.46,D,187.2405757657312,industrial,Sanmar Speciality Chemicals Ltd,cpcb_verified,12.7409,77.8253,cpcb_12,Sanmar Speciality Chemicals Ltd,Pharma,0.1393791235431531,Niduvalli,village,False,False,agricultural_burn,"Agricultural cropland near Niduvalli (village, 0.1 km)",cpcb_12,False,,,1,1,agricultural_burn,0.987
8.13688,79.99423,334.1,0.43,0.38,2026-09-11,801,N,VIIRS,l,2.0NRT,300.19,4.03,D,148.256655116949,industrial,Arkay Energy (Rameswaram) Ltd,cpcb_verified,9.2876,79.3129,cpcb_27,Arkay Energy (Rameswaram) Ltd,Powerplant,4.255799683658721,Pahariya,village,False,False,agricultural_burn,"Agricultural cropland near Pahariya (village, 4.3 km)",cpcb_27,False,,,1,0,agricultural_burn,0.987
8.1375,79.99817,333.52,0.43,0.38,2026-09-11,801,N,VIIRS,l,2.0NRT,300.43,4.32,D,148.41641893349535,industrial,Arkay Energy (Rameswaram) Ltd,cpcb_verified,9.2876,79.3129,cpcb_27,Arkay Energy (Rameswaram) Ltd,Powerplant,4.04407721950717,Pahariya,village,False,False,agricultural_burn,"Agricultural cropland near Pahariya (village, 4.0 km)",cpcb_27,False,,,1,0,agricultural_burn,0.987
8.15112,80.08427,339.28,0.43,0.38,2026-09-11,801,N,VIIRS,l,2.0NRT,303.94,11.03,D,152.17479313242495,industrial,Arkay Energy (Rameswaram) Ltd,cpcb_verified,9.2876,79.3129,cpcb_27,Arkay Energy (Rameswaram) Ltd,Powerplant,4.083253310086399,Kumbukwewa,village,False,False,agricultural_burn,"Agricultural cropland near Kumbukwewa (village, 4.1 km)",cpcb_27,False,,,1,0,agricultural_burn,0.987
8.20834,79.98703,330.92,0.43,0.38,2026-09-11,801,N,VIIRS,l,2.0NRT,303.86,6.63,D,141.03477124768526,industrial,Arkay Energy (Rameswaram) Ltd,cpcb_verified,9.2876,79.3129,cpcb_27,Arkay Energy (Rameswaram) Ltd,Powerplant,4.214025275804515,Pahala Puliyankulama,village,False,False,agricultural_burn,"Agricultural cropland near Pahala Puliyankulama (village, 4.2 km)",cpcb_27,False,,,1,0,agricultural_burn,0.987
8.23207,80.26948,335.58,0.42,0.38,2026-09-11,801,N,VIIRS,n,2.0NRT,302.72,2.64,D,157.56515379319345,industrial,Arkay Energy (Rameswaram) Ltd,cpcb_verified,9.2876,79.3129,cpcb_27,Arkay Energy (Rameswaram) Ltd,Powerplant,4.544425942433668,Ottappuwa,village,False,False,agricultural_burn,"Agricultural cropland near Ottappuwa (village, 4.5 km)",cpcb_27,False,,,1,1,agricultural_burn,0.987
8.29306,80.13734,335.15,0.43,0.38,2026-09-11,801,N,VIIRS,l,2.0NRT,304.39,6.55,D,142.95877617194202,industrial,Arkay Energy (Rameswaram) Ltd,cpcb_verified,9.2876,79.3129,cpcb_27,Arkay Energy (Rameswaram) Ltd,Powerplant,1.7329893971380688,Hunuwilagama,village,False,False,agricultural_burn,"Agricultural cropland near Hunuwilagama (village, 1.7 km)",cpcb_27,False,,,1,0,agricultural_burn,0.987
8.29397,80.13721,338.34,0.43,0.38,2026-09-11,801,N,VIIRS,l,2.0NRT,304.61,6.68,D,142.871389086013,industrial,Arkay Energy (Rameswaram) Ltd,cpcb_verified,9.2876,79.3129,cpcb_27,Arkay Energy (Rameswaram) Ltd,Powerplant,1.6728721557146755,Hunuwilagama,village,False,False,agricultural_burn,"Agricultural cropland near Hunuwilagama (village, 1.7 km)",cpcb_27,False,,,1,0,agricultural_burn,0.987
8.29414,80.21237,340.62,0.42,0.38,2026-09-11,801,N,VIIRS,n,2.0NRT,305.1,5.4,D,148.23126045856492,industrial,Arkay Energy (Rameswaram) Ltd,cpcb_verified,9.2876,79.3129,cpcb_27,Arkay Energy (Rameswaram) Ltd,Powerplant,3.356083309988813,Nochchiyagama,town,False,False,scrub_biomass_burn,Rural scrubland / open biomass near Nochchiyagama (3.4 km),cpcb_27,False,,,1,1,scrub_biomass_burn,0.978
8.29746,80.13666,337.35,0.43,0.38,2026-09-11,801,N,VIIRS,l,2.0NRT,305.64,7.6,D,142.5328389998467,industrial,Arkay Energy (Rameswaram) Ltd,cpcb_verified,9.2876,79.3129,cpcb_27,Arkay Energy (Rameswaram) Ltd,Powerplant,1.490462384549845,Hunuwilagama,village,False,False,agricultural_burn,"Agricultural cropland near Hunuwilagama (village, 1.5 km)",cpcb_27,False,,,1,0,agricultural_burn,0.987
8.29808,80.14052,334.76,0.43,0.38,2026-09-11,801,N,VIIRS,l,2.0NRT,302.53,8.29,D,142.74940047763104,industrial,Arkay Energy (Rameswaram) Ltd,cpcb_verified,9.2876,79.3129,cpcb_27,Arkay Energy (Rameswaram) Ltd,Powerplant,1.0989403442006884,Hunuwilagama,village,False,False,agricultural_burn,"Agricultural cropland near Hunuwilagama (village, 1.1 km)",cpcb_27,False,,,1,0,agricultural_burn,0.987
8.30266,77.63816,339.74,0.57,0.43,2026-09-11,801,N,VIIRS,n,2.0NRT,306.69,6.52,D,45.87204649258785,industrial,Sun Paper Mills Limited,cpcb_verified,8.6822,77.4747,cpcb_28,Sun Paper Mills Limited,Pulp & Paper,0.5080228477142069,Kumbilampadu,village,False,False,agricultural_burn,"Agricultural cropland near Kumbilampadu (village, 0.5 km)",cpcb_28,False,,,1,1,agricultural_burn,0.986
8.30716,80.17469,336.3,0.43,0.38,2026-09-11,801,N,VIIRS,l,2.0NRT,303.52,5.12,D,144.40592557637683,industrial,Arkay Energy (Rameswaram) Ltd,cpcb_verified,9.2876,79.3129,cpcb_27,Arkay Energy (Rameswaram) Ltd,Powerplant,2.913077052753033,Hunuwilagama,village,False,False,agricultural_burn,"Agricultural cropland near Hunuwilagama (village, 2.9 km)",cpcb_27,False,,,1,0,agricultural_burn,0.987
8.31788,80.3184,340.09,0.42,0.38,2026-09-11,801,N,VIIRS,n,2.0NRT,305.3,4.56,D,154.3842079691861,industrial,Arkay Energy (Rameswaram) Ltd,cpcb_verified,9.2876,79.3129,cpcb_27,Arkay Energy (Rameswaram) Ltd,Powerplant,3.6576370660274433,Viharapalugama,village,False,False,agricultural_burn,"Agricultural cropland near Viharapalugama (village, 3.7 km)",cpcb_27,False,,,1,1,agricultural_burn,0.987
8.31956,80.318,337.92,0.42,0.38,2026-09-11,801,N,VIIRS,n,2.0NRT,304.3,4.19,D,154.2221364916962,industrial,Arkay Energy (Rameswaram) Ltd,cpcb_verified,9.2876,79.3129,cpcb_27,Arkay Energy (Rameswaram) Ltd,Powerplant,3.554154809187821,Viharapalugama,village,False,False,agricultural_burn,"Agricultural cropland near Viharapalugama (village, 3.6 km)",cpcb_27,False,,,1,1,agricultural_burn,0.987
8.34312,80.37651,331.32,0.42,0.38,2026-09-11,801,N,VIIRS,l,2.0NRT,302.2,2.73,D,157.1240756142673,industrial,Arkay Energy (Rameswaram) Ltd,cpcb_verified,9.2876,79.3129,cpcb_27,Arkay Energy (Rameswaram) Ltd,Powerplant,0.0269754059730218,Dewanampiyatissapura,village,False,False,agricultural_burn,"Agricultural cropland near Dewanampiyatissapura (village, 0.0 km)",cpcb_27,False,,,1,0,agricultural_burn,0.987
8.40384,80.33569,335.28,0.42,0.38,2026-09-11,801,N,VIIRS,n,2.0NRT,300.08,2.95,D,149.28191664529788,industrial,Arkay Energy (Rameswaram) Ltd,cpcb_verified,9.2876,79.3129,cpcb_27,Arkay Energy (Rameswaram) Ltd,Powerplant,5.590677167059449,Mahamankadawala,village,False,False,scrub_biomass_burn,Rural scrubland / open biomass near Mahamankadawala (5.6 km),cpcb_27,False,,,1,1,scrub_biomass_burn,0.982
8.49105,80.13333,333.92,0.43,0.38,2026-09-11,801,N,VIIRS,l,2.0NRT,302.95,9.01,D,126.3671999593219,industrial,Arkay Energy (Rameswaram) Ltd,cpcb_verified,9.2876,79.3129,cpcb_27,Arkay Energy (Rameswaram) Ltd,Powerplant,2.6135184738770683,Maha Wilachchiya,village,False,False,agricultural_burn,"Agricultural cropland near Maha Wilachchiya (village, 2.6 km)",cpcb_27,False,,,1,0,agricultural_burn,0.987
8.49392,80.12891,332.86,0.43,0.38,2026-09-11,801,N,VIIRS,l,2.0NRT,301.85,2.45,D,125.79698816266696,industrial,Arkay Energy (Rameswaram) Ltd,cpcb_verified,9.2876,79.3129,cpcb_27,Arkay Energy (Rameswaram) Ltd,Powerplant,3.1380107338030228,Maha Wilachchiya,village,False,False,agricultural_burn,"Agricultural cropland near Maha Wilachchiya (village, 3.1 km)",cpcb_27,False,,,1,0,agricultural_burn,0.987
8.50874,80.17788,332.71,0.42,0.38,2026-09-11,801,N,VIIRS,l,2.0NRT,307.19,7.63,D,128.56845944667427,industrial,Arkay Energy (Rameswaram) Ltd,cpcb_verified,9.2876,79.3129,cpcb_27,Arkay Energy (Rameswaram) Ltd,Powerplant,2.587452027765325,Mannaram Handiya,village,False,False,agricultural_burn,"Agricultural cropland near Mannaram Handiya (village, 2.6 km)",cpcb_27,False,,,1,0,agricultural_burn,0.987
8.51221,80.17732,341.24,0.42,0.38,2026-09-11,801,N,VIIRS,l,2.0NRT,304.78,6.13,D,128.26298407901325,industrial,Arkay Energy (Rameswaram) Ltd,cpcb_verified,9.2876,79.3129,cpcb_27,Arkay Energy (Rameswaram) Ltd,Powerplant,2.491911178712676,Mannaram Handiya,village,False,False,agricultural_burn,"Agricultural cropland near Mannaram Handiya (village, 2.5 km)",cpcb_27,False,,,1,0,agricultural_burn,0.987
8.58726,80.3494,333.52,0.42,0.37,2026-09-11,801,N,VIIRS,l,2.0NRT,305.25,4.77,D,137.9383799236728,industrial,Arkay Energy (Rameswaram) Ltd,cpcb_verified,9.2876,79.3129,cpcb_27,Arkay Energy (Rameswaram) Ltd,Powerplant,2.918942435400782,Maccanagar,village,False,False,agricultural_burn,"Agricultural cropland near Maccanagar (village, 2.9 km)",cpcb_27,False,,,1,0,agricultural_burn,0.987
8.61995,78.07992,330.34,0.53,0.42,2026-09-11,801,N,VIIRS,l,2.0NRT,302.72,4.45,D,17.136682276031348,industrial,Coastal Energen Power Ltd,cpcb_verified,8.7642,78.1348,cpcb_25,Sterlite Industries (India) Ltd - Copper Smelter,Copper,1.111894589915361,Athoor,village,False,False,agricultural_burn,"Agricultural cropland near Athoor (village, 1.1 km)",cpcb_25,False,,,1,0,agricultural_burn,0.985
8.71449,80.17688,338.27,0.42,0.38,2026-09-11,801,N,VIIRS,l,2.0NRT,302.39,4.68,D,114.30050046795688,industrial,Arkay Energy (Rameswaram) Ltd,cpcb_verified,9.2876,79.3129,cpcb_27,Arkay Energy (Rameswaram) Ltd,Powerplant,6.941052814924479,Madu Road,village,False,False,scrub_biomass_burn,Rural scrubland / open biomass near Madu Road (6.9 km),cpcb_27,False,,,1,0,scrub_biomass_burn,0.983
8.72995,77.52225,334.04,0.57,0.43,2026-09-11,801,N,VIIRS,n,2.0NRT,297.74,3.73,D,7.450277311047789,industrial,Sun Paper Mills Limited,cpcb_verified,8.6822,77.4747,cpcb_28,Sun Paper Mills Limited,Pulp & Paper,1.416262474548538,Mukoodal,town,False,False,urban_commercial_fire,Urban / Commercial area (Mukoodal),cpcb_28,False,,,1,1,urban_commercial_fire,0.983
8.77848,77.56741,338.43,0.57,0.43,2026-09-11,801,N,VIIRS,n,2.0NRT,300.49,2.92,D,14.77970970538848,industrial,Sun Paper Mills Limited,cpcb_verified,8.6822,77.4747,cpcb_28,Sun Paper Mills Limited,Pulp & Paper,3.604749560249891,Udayampuli,village,False,False,agricultural_burn,"Agricultural cropland near Udayampuli (village, 3.6 km)",cpcb_28,False,,,1,1,agricultural_burn,0.981
8.92184,77.48255,331.84,0.57,0.43,2026-09-11,801,N,VIIRS,n,2.0NRT,297.5,8.51,D,24.049903170700443,industrial,Empee Sugars and Chemicals Ltd,cpcb_verified,8.7089,77.4442,cpcb_38,Empee Sugars and Chemicals Ltd,Sugar,2.47932640376617,Veeranam,village,False,False,agricultural_burn,"Agricultural cropland near Veeranam (village, 2.5 km)",cpcb_38,False,,,1,1,agricultural_burn,0.985
13.18113,79.91359,304.89,0.44,0.39,2026-09-11,2036,N,VIIRS,n,2.0NRT,288.79,0.88,N,3.859398900610624,industrial,unnamed,tn_north,13.1472365,79.9059113,910297554,,,2.888656127151594,Ikkadu,suburb,False,False,scrub_biomass_burn,Rural scrubland / open biomass near Ikkadu (2.9 km),910297554,False,,,0,1,scrub_biomass_burn,0.949
13.39206,80.10056,307.08,0.45,0.39,2026-09-11,2036,N,VIIRS,n,2.0NRT,289.17,1.34,N,0.9964399109596076,industrial,unnamed,tn_north,13.3871773,80.1082841,840721285,T.C.P. Limited - Gummidipoondi,Powerplant,3.9683179706172425,Gummidipoondi,town,False,False,industrial_fire,Industrial facility (Industrial facility),840721285,False,1.5444444444444445,1.0770690682485398,0,1,industrial_fire,0.985
9.32874,77.42142,321.89,0.4,0.37,2026-09-11,2038,N,VIIRS,n,2.0NRT,287.03,2.04,N,68.96845016738096,industrial,Empee Sugars and Chemicals Ltd,cpcb_verified,8.7089,77.4442,cpcb_38,Empee Sugars and Chemicals Ltd,Sugar,1.784350148695952,Sivagiri,village,False,False,agricultural_burn,"Agricultural cropland near Sivagiri (village, 1.8 km)",cpcb_38,False,,,0,1,agricultural_burn,0.987
9.3321,77.42197,324.79,0.4,0.37,2026-09-11,2038,N,VIIRS,n,2.0NRT,287.74,2.04,N,69.33966732405106,industrial,Empee Sugars and Chemicals Ltd,cpcb_verified,8.7089,77.4442,cpcb_38,Empee Sugars and Chemicals Ltd,Sugar,1.4225102570382175,Sivagiri,village,False,False,agricultural_burn,"Agricultural cropland near Sivagiri (village, 1.4 km)",cpcb_38,False,,,0,1,agricultural_burn,0.987
11.26878,80.00301,308.2,0.47,0.4,2026-09-11,2038,N,VIIRS,n,2.0NRT,284.12,2.98,N,39.61192090038065,industrial,IL&FS Tamil Nadu Thermal Power Station,tn_central,11.5261596,79.7517592,645959123,,,17.719665032237025,Tirumullaivasal,village,False,False,scrub_biomass_burn,Rural scrubland / open biomass near Tirumullaivasal (17.7 km),645959123,False,,,0,1,scrub_biomass_burn,0.984
11.2689,80.00498,306.35,0.47,0.4,2026-09-11,2038,N,VIIRS,n,2.0NRT,283.48,3.58,N,39.75107879966412,industrial,IL&FS Tamil Nadu Thermal Power Station,tn_central,11.5261596,79.7517592,645959123,,,17.933666111539576,Tirumullaivasal,village,False,False,scrub_biomass_burn,Rural scrubland / open biomass near Tirumullaivasal (17.9 km),645959123,False,,,0,1,scrub_biomass_burn,0.983
11.57125,77.67776,306.91,0.39,0.36,2026-09-11,2038,N,VIIRS,n,2.0NRT,287.08,2.27,N,27.55407730416906,industrial,Madras Aluminium Company Ltd (MALCO),cpcb_verified,11.788,77.8004,cpcb_0,Madras Aluminium Company Ltd (MALCO),Aluminium,2.74472762493957,Poonachi,village,False,False,agricultural_burn,"Agricultural cropland near Poonachi (village, 2.7 km)",cpcb_0,False,,,0,1,agricultural_burn,0.985
8.06541,80.3713,337.07,0.52,0.5,2026-09-12,744,N,VIIRS,n,2.0NRT,298.56,5.89,D,178.8967341709528,industrial,Arkay Energy (Rameswaram) Ltd,cpcb_verified,9.2876,79.3129,cpcb_27,Arkay Energy (Rameswaram) Ltd,Powerplant,1.288777203700281,Hurigaswewa,village,False,False,agricultural_burn,"Agricultural cropland near Hurigaswewa (village, 1.3 km)",cpcb_27,False,,,1,1,agricultural_burn,0.987
8.11358,80.10298,344.08,0.54,0.51,2026-09-12,744,N,VIIRS,n,2.0NRT,300.1,8.01,D,156.79045294696047,industrial,Arkay Energy (Rameswaram) Ltd,cpcb_verified,9.2876,79.3129,cpcb_27,Arkay Energy (Rameswaram) Ltd,Powerplant,2.1714069166496013,Kumbukwewa,village,False,False,agricultural_burn,"Agricultural cropland near Kumbukwewa (village, 2.2 km)",cpcb_27,False,,,1,1,agricultural_burn,0.987
8.13032,80.07694,338.94,0.54,0.51,2026-09-12,744,N,VIIRS,n,2.0NRT,297.61,3.86,D,153.66034878072608,industrial,Arkay Energy (Rameswaram) Ltd,cpcb_verified,9.2876,79.3129,cpcb_27,Arkay Energy (Rameswaram) Ltd,Powerplant,1.9013164195832564,Kumbukwewa,village,False,False,agricultural_burn,"Agricultural cropland near Kumbukwewa (village, 1.9 km)",cpcb_27,False,,,1,1,agricultural_burn,0.987
8.16267,80.15137,332.25,0.53,0.5,2026-09-12,744,N,VIIRS,n,2.0NRT,298.59,3.69,D,155.36672788842282,industrial,Arkay Energy (Rameswaram) Ltd,cpcb_verified,9.2876,79.3129,cpcb_27,Arkay Energy (Rameswaram) Ltd,Powerplant,1.360316675483536,Perakumpura,village,False,False,agricultural_burn,"Agricultural cropland near Perakumpura (village, 1.4 km)",cpcb_27,False,,,1,1,agricultural_burn,0.987
8.18844,80.27067,339.59,0.52,0.5,2026-09-12,744,N,VIIRS,n,2.0NRT,298.15,5.4,D,161.30070899805284,industrial,Arkay Energy (Rameswaram) Ltd,cpcb_verified,9.2876,79.3129,cpcb_27,Arkay Energy (Rameswaram) Ltd,Powerplant,1.09615282559989,Ottappuwa,village,False,False,agricultural_burn,"Agricultural cropland near Ottappuwa (village, 1.1 km)",cpcb_27,False,,,1,1,agricultural_burn,0.987
8.25494,80.3275,336.75,0.52,0.5,2026-09-12,744,N,VIIRS,n,2.0NRT,300.84,5.9,D,160.05245022738615,industrial,Arkay Energy (Rameswaram) Ltd,cpcb_verified,9.2876,79.3129,cpcb_27,Arkay Energy (Rameswaram) Ltd,Powerplant,3.2558885335358347,Talawa,village,False,False,agricultural_burn,"Agricultural cropland near Talawa (village, 3.3 km)",cpcb_27,False,,,1,1,agricultural_burn,0.987
8.25686,80.15214,335.07,0.53,0.5,2026-09-12,744,N,VIIRS,n,2.0NRT,300.91,4.03,D,147.11165108384853,industrial,Arkay Energy (Rameswaram) Ltd,cpcb_verified,9.2876,79.3129,cpcb_27,Arkay Energy (Rameswaram) Ltd,Powerplant,1.5820453311649196,Maragahawewa,village,False,False,agricultural_burn,"Agricultural cropland near Maragahawewa (village, 1.6 km)",cpcb_27,False,,,1,1,agricultural_burn,0.987
8.25863,80.15495,332.3,0.53,0.5,2026-09-12,744,N,VIIRS,n,2.0NRT,301.39,7.3,D,147.15221863418463,industrial,Arkay Energy (Rameswaram) Ltd,cpcb_verified,9.2876,79.3129,cpcb_27,Arkay Energy (Rameswaram) Ltd,Powerplant,1.5600620743752454,Horuvila,village,False,False,agricultural_burn,"Agricultural cropland near Horuvila (village, 1.6 km)",cpcb_27,False,,,1,1,agricultural_burn,0.987
8.25925,80.29769,335.71,0.52,0.5,2026-09-12,744,N,VIIRS,n,2.0NRT,296.79,2.43,D,157.43901852466533,industrial,Arkay Energy (Rameswaram) Ltd,cpcb_verified,9.2876,79.3129,cpcb_27,Arkay Energy (Rameswaram) Ltd,Powerplant,5.439154378261015,Sinharagama,village,False,False,scrub_biomass_burn,Rural scrubland / open biomass near Sinharagama (5.4 km),cpcb_27,False,,,1,1,scrub_biomass_burn,0.979
8.2885,80.25041,338.02,0.52,0.5,2026-09-12,744,N,VIIRS,n,2.0NRT,297.54,5.12,D,151.51044248543013,industrial,Arkay Energy (Rameswaram) Ltd,cpcb_verified,9.2876,79.3129,cpcb_27,Arkay Energy (Rameswaram) Ltd,Powerplant,0.7083244319949263,Sinharagama,village,False,False,agricultural_burn,"Agricultural cropland near Sinharagama (village, 0.7 km)",cpcb_27,False,,,1,1,agricultural_burn,0.987
8.2887,80.24864,338.9,0.52,0.5,2026-09-12,744,N,VIIRS,n,2.0NRT,295.58,5.83,D,151.3619175621655,industrial,Arkay Energy (Rameswaram) Ltd,cpcb_verified,9.2876,79.3129,cpcb_27,Arkay Energy (Rameswaram) Ltd,Powerplant,0.8755162384524808,Sinharagama,village,False,False,agricultural_burn,"Agricultural cropland near Sinharagama (village, 0.9 km)",cpcb_27,False,,,1,1,agricultural_burn,0.987
8.30267,80.27724,334.43,0.52,0.5,2026-09-12,744,N,VIIRS,n,2.0NRT,297.12,4.2,D,152.39275567282465,industrial,Arkay Energy (Rameswaram) Ltd,cpcb_verified,9.2876,79.3129,cpcb_27,Arkay Energy (Rameswaram) Ltd,Powerplant,3.174597658034061,Sinharagama,village,False,False,agricultural_burn,"Agricultural cropland near Sinharagama (village, 3.2 km)",cpcb_27,False,,,1,1,agricultural_burn,0.987
8.31892,77.59275,330.58,0.39,0.6,2026-09-12,744,N,VIIRS,n,2.0NRT,298.47,2.22,D,42.42980552449933,industrial,Sun Paper Mills Limited,cpcb_verified,8.6822,77.4747,cpcb_28,Sun Paper Mills Limited,Pulp & Paper,1.6140435913185809,Panagudi,town,False,False,urban_commercial_fire,Urban / Commercial area (Panagudi),cpcb_28,False,,,1,1,urban_commercial_fire,0.982
8.47682,80.30786,342.74,0.51,0.5,2026-09-12,744,N,VIIRS,n,2.0NRT,299.2,12.13,D,141.6891705390654,industrial,Arkay Energy (Rameswaram) Ltd,cpcb_verified,9.2876,79.3129,cpcb_27,Arkay Energy (Rameswaram) Ltd,Powerplant,5.018650083976366,Thuppitiyawa,village,False,False,scrub_biomass_burn,Rural scrubland / open biomass near Thuppitiyawa (5.0 km),cpcb_27,False,,,1,1,scrub_biomass_burn,0.977
8.51221,80.37827,348.46,0.51,0.49,2026-09-12,744,N,VIIRS,n,2.0NRT,299.17,9.52,D,145.36616409182304,industrial,Arkay Energy (Rameswaram) Ltd,cpcb_verified,9.2876,79.3129,cpcb_27,Arkay Energy (Rameswaram) Ltd,Powerplant,4.078101438316232,Gambirigaswewa,village,False,False,agricultural_burn,"Agricultural cropland near Gambirigaswewa (village, 4.1 km)",cpcb_27,False,,,1,1,agricultural_burn,0.986
8.51254,80.37491,340.42,0.51,0.49,2026-09-12,744,N,VIIRS,n,2.0NRT,300.35,4.91,D,145.04730340155987,industrial,Arkay Energy (Rameswaram) Ltd,cpcb_verified,9.2876,79.3129,cpcb_27,Arkay Energy (Rameswaram) Ltd,Powerplant,4.179477688190164,Gambirigaswewa,village,False,False,agricultural_burn,"Agricultural cropland near Gambirigaswewa (village, 4.2 km)",cpcb_27,False,,,1,1,agricultural_burn,0.987
8.51335,80.37949,338.79,0.51,0.49,2026-09-12,744,N,VIIRS,n,2.0NRT,298.09,4.69,D,145.39885163694302,industrial,Arkay Energy (Rameswaram) Ltd,cpcb_verified,9.2876,79.3129,cpcb_27,Arkay Energy (Rameswaram) Ltd,Powerplant,4.1884864390222925,Gambirigaswewa,village,False,False,agricultural_burn,"Agricultural cropland near Gambirigaswewa (village, 4.2 km)",cpcb_27,False,,,1,1,agricultural_burn,0.987
8.57469,80.38332,336.42,0.51,0.49,2026-09-12,744,N,VIIRS,n,2.0NRT,300.11,7.75,D,141.80765323324908,industrial,Arkay Energy (Rameswaram) Ltd,cpcb_verified,9.2876,79.3129,cpcb_27,Arkay Energy (Rameswaram) Ltd,Powerplant,5.623189363541585,Neriyakulam,town,False,False,scrub_biomass_burn,Rural scrubland / open biomass near Neriyakulam (5.6 km),cpcb_27,False,,,1,1,scrub_biomass_burn,0.984
8.80845,80.26943,338.62,0.51,0.49,2026-09-12,744,N,VIIRS,n,2.0NRT,294.07,12.49,D,117.77743561915406,industrial,Arkay Energy (Rameswaram) Ltd,cpcb_verified,9.2876,79.3129,cpcb_27,Arkay Energy (Rameswaram) Ltd,Powerplant,1.6484064344778195,Periya Thampanai,village,False,False,agricultural_burn,"Agricultural cropland near Periya Thampanai (village, 1.6 km)",cpcb_27,False,,,1,1,agricultural_burn,0.987
8.80925,80.27412,341.12,0.51,0.49,2026-09-12,744,N,VIIRS,n,2.0NRT,293.98,20.52,D,118.19680743278342,industrial,Arkay Energy (Rameswaram) Ltd,cpcb_verified,9.2876,79.3129,cpcb_27,Arkay Energy (Rameswaram) Ltd,Powerplant,2.0457658535845087,Periya Thampanai,village,False,False,agricultural_burn,"Agricultural cropland near Periya Thampanai (village, 2.0 km)",cpcb_27,False,,,1,1,agricultural_burn,0.987
8.81352,80.27133,331.59,0.51,0.49,2026-09-12,744,N,VIIRS,n,2.0NRT,293.94,3.21,D,117.70933779719682,industrial,Arkay Energy (Rameswaram) Ltd,cpcb_verified,9.2876,79.3129,cpcb_27,Arkay Energy (Rameswaram) Ltd,Powerplant,2.2369511115267,Periya Thampanai,village,False,False,agricultural_burn,"Agricultural cropland near Periya Thampanai (village, 2.2 km)",cpcb_27,False,,,1,1,agricultural_burn,0.987
8.93057,80.21703,334.07,0.51,0.5,2026-09-12,744,N,VIIRS,n,2.0NRT,298.67,2.8,D,106.9109053959874,industrial,Arkay Energy (Rameswaram) Ltd,cpcb_verified,9.2876,79.3129,cpcb_27,Arkay Energy (Rameswaram) Ltd,Powerplant,0.4804450250907512,Palampiddy,village,False,False,agricultural_burn,"Agricultural cropland near Palampiddy (village, 0.5 km)",cpcb_27,False,,,1,1,agricultural_burn,0.987
8.93058,80.21378,336.78,0.51,0.5,2026-09-12,744,N,VIIRS,n,2.0NRT,299.1,5.78,D,106.57926078188548,industrial,Arkay Energy (Rameswaram) Ltd,cpcb_verified,9.2876,79.3129,cpcb_27,Arkay Energy (Rameswaram) Ltd,Powerplant,0.2313937541893639,Palampiddy,village,False,False,agricultural_burn,"Agricultural cropland near Palampiddy (village, 0.2 km)",cpcb_27,False,,,1,1,agricultural_burn,0.987
8.98522,80.06801,338.48,0.52,0.5,2026-09-12,744,N,VIIRS,n,2.0NRT,299.79,5.14,D,89.45817035498989,industrial,Arkay Energy (Rameswaram) Ltd,cpcb_verified,9.2876,79.3129,cpcb_27,Arkay Energy (Rameswaram) Ltd,Powerplant,2.520091833819293,Koddaikadu,village,False,False,agricultural_burn,"Agricultural cropland near Koddaikadu (village, 2.5 km)",cpcb_27,False,,,1,1,agricultural_burn,0.987
9.00462,79.86208,330.12,0.54,0.51,2026-09-12,744,N,VIIRS,n,2.0NRT,297.81,8.01,D,68.00690037124771,industrial,Arkay Energy (Rameswaram) Ltd,cpcb_verified,9.2876,79.3129,cpcb_27,Arkay Energy (Rameswaram) Ltd,Powerplant,1.7053103258737166,Toddaveli,village,False,False,agricultural_burn,"Agricultural cropland near Toddaveli (village, 1.7 km)",cpcb_27,False,,,1,1,agricultural_burn,0.987
9.00842,79.85635,343.25,0.54,0.51,2026-09-12,744,N,VIIRS,n,2.0NRT,297.1,6.61,D,67.2535045698651,industrial,Arkay Energy (Rameswaram) Ltd,cpcb_verified,9.2876,79.3129,cpcb_27,Arkay Energy (Rameswaram) Ltd,Powerplant,2.104016316218024,Toddaveli,village,False,False,agricultural_burn,"Agricultural cropland near Toddaveli (village, 2.1 km)",cpcb_27,False,,,1,1,agricultural_burn,0.987
9.01307,79.85555,351.75,0.54,0.51,2026-09-12,744,N,VIIRS,n,2.0NRT,296.63,20.3,D,66.93789046185155,industrial,Arkay Energy (Rameswaram) Ltd,cpcb_verified,9.2876,79.3129,cpcb_27,Arkay Energy (Rameswaram) Ltd,Powerplant,2.119428835518777,Toddaveli,village,False,False,agricultural_burn,"Agricultural cropland near Toddaveli (village, 2.1 km)",cpcb_27,False,,,1,1,agricultural_burn,0.987
9.06973,77.52162,334.25,0.39,0.59,2026-09-12,744,N,VIIRS,n,2.0NRT,300.96,1.1,D,41.01404953826894,industrial,Empee Sugars and Chemicals Ltd,cpcb_verified,8.7089,77.4442,cpcb_38,Empee Sugars and Chemicals Ltd,Sugar,0.4544266353399432,Uthankulam,village,False,False,agricultural_burn,"Agricultural cropland near Uthankulam (village, 0.5 km)",cpcb_38,False,,,1,1,agricultural_burn,0.984
9.192,77.81502,338.44,0.37,0.58,2026-09-12,744,N,VIIRS,n,2.0NRT,297.68,10.03,D,36.13518328864667,industrial,IND Barath Thermal Power Ltd,cpcb_verified,8.8894,77.935,cpcb_13,IND Barath Thermal Power Ltd,Powerplant,4.233651872436693,Alampatti,village,False,False,agricultural_burn,"Agricultural cropland near Alampatti (village, 4.2 km)",cpcb_13,False,,,1,1,agricultural_burn,0.986
9.40158,80.37805,332.67,0.49,0.49,2026-09-12,744,N,VIIRS,n,2.0NRT,297.28,3.56,D,117.5527038348586,industrial,Arkay Energy (Rameswaram) Ltd,cpcb_verified,9.2876,79.3129,cpcb_27,Arkay Energy (Rameswaram) Ltd,Powerplant,1.13599263271619,Jeyanthi Nagar,village,False,False,agricultural_burn,"Agricultural cropland near Jeyanthi Nagar (village, 1.1 km)",cpcb_27,False,,,1,1,agricultural_burn,0.987
9.67016,78.19058,334.88,0.34,0.56,2026-09-12,744,N,VIIRS,n,2.0NRT,288.66,1.73,D,3.600817114930172,industrial,unnamed,tn_central,9.6624068,78.2224739,1227457839,,,5.07770928521054,Mukkulam,village,False,False,scrub_biomass_burn,Rural scrubland / open biomass near Mukkulam (5.1 km),1227457839,False,,,1,1,scrub_biomass_burn,0.975
11.93996,77.03573,335.16,0.37,0.58,2026-09-12,744,N,VIIRS,n,2.0NRT,295.58,2.4,D,84.90932673484411,industrial,Madras Aluminium Company Ltd (MALCO),cpcb_verified,11.788,77.8004,cpcb_0,Madras Aluminium Company Ltd (MALCO),Aluminium,0.9365773977863716,Nalluru Mole,village,False,False,agricultural_burn,"Agricultural cropland near Nalluru Mole (village, 0.9 km)",cpcb_0,False,,,1,1,agricultural_burn,0.987
9.12278,80.31826,295.62,0.39,0.36,2026-09-12,2019,N,VIIRS,n,2.0NRT,265.77,0.39,N,111.86272192173494,industrial,Arkay Energy (Rameswaram) Ltd,cpcb_verified,9.2876,79.3129,cpcb_27,Arkay Energy (Rameswaram) Ltd,Powerplant,0.467251064604398,Aninchiyankulam,village,False,False,agricultural_burn,"Agricultural cropland near Aninchiyankulam (village, 0.5 km)",cpcb_27,False,,,0,1,agricultural_burn,0.985
8.09099,80.23808,331.4,0.55,0.68,2026-09-13,724,N,VIIRS,n,2.0NRT,287.94,6.35,D,167.46798359310776,industrial,Arkay Energy (Rameswaram) Ltd,cpcb_verified,9.2876,79.3129,cpcb_27,Arkay Energy (Rameswaram) Ltd,Powerplant,4.193597065978727,Senarathgama,village,False,False,agricultural_burn,"Agricultural cropland near Senarathgama (village, 4.2 km)",cpcb_27,False,,,1,1,agricultural_burn,0.987
8.194,79.90574,330.85,0.58,0.7,2026-09-13,724,N,VIIRS,n,2.0NRT,286.37,7.86,D,137.957580944813,industrial,Arkay Energy (Rameswaram) Ltd,cpcb_verified,9.2876,79.3129,cpcb_27,Arkay Energy (Rameswaram) Ltd,Powerplant,11.22078132057141,Karaitivu,village,False,False,scrub_biomass_burn,Rural scrubland / open biomass near Karaitivu (11.2 km),cpcb_27,False,,,1,1,scrub_biomass_burn,0.983
8.19462,79.90289,339.43,0.58,0.7,2026-09-13,724,N,VIIRS,n,2.0NRT,286.71,7.74,D,137.74907708680743,industrial,Arkay Energy (Rameswaram) Ltd,cpcb_verified,9.2876,79.3129,cpcb_27,Arkay Energy (Rameswaram) Ltd,Powerplant,10.900511732308663,Karaitivu,village,False,False,scrub_biomass_burn,Rural scrubland / open biomass near Karaitivu (10.9 km),cpcb_27,False,,,1,1,scrub_biomass_burn,0.983
8.35036,80.23783,356.37,0.55,0.68,2026-09-13,724,N,VIIRS,n,2.0NRT,285.0,10.43,D,145.5670939142955,industrial,Arkay Energy (Rameswaram) Ltd,cpcb_verified,9.2876,79.3129,cpcb_27,Arkay Energy (Rameswaram) Ltd,Powerplant,2.154145023812036,Ranorawa,village,False,False,agricultural_burn,"Agricultural cropland near Ranorawa (village, 2.2 km)",cpcb_27,False,,,1,1,agricultural_burn,0.987
8.35129,80.24283,344.22,0.55,0.68,2026-09-13,724,N,VIIRS,n,2.0NRT,287.47,10.43,D,145.87728287850683,industrial,Arkay Energy (Rameswaram) Ltd,cpcb_verified,9.2876,79.3129,cpcb_27,Arkay Energy (Rameswaram) Ltd,Powerplant,2.1044896124048,Ranorawa,village,False,False,agricultural_burn,"Agricultural cropland near Ranorawa (village, 2.1 km)",cpcb_27,False,,,1,1,agricultural_burn,0.987
11.51971,77.19726,331.51,0.76,0.77,2026-09-13,726,N,VIIRS,n,2.0NRT,273.59,5.26,D,72.14084412131747,industrial,Madras Aluminium Company Ltd (MALCO),cpcb_verified,11.788,77.8004,cpcb_0,Madras Aluminium Company Ltd (MALCO),Aluminium,2.3577279120161165,Thaandaampalayam,village,False,False,agricultural_burn,"Agricultural cropland near Thaandaampalayam (village, 2.4 km)",cpcb_0,False,,,1,1,agricultural_burn,0.987
11.52328,77.19559,338.04,0.76,0.77,2026-09-13,726,N,VIIRS,n,2.0NRT,273.2,4.7,D,72.14321127300624,industrial,Madras Aluminium Company Ltd (MALCO),cpcb_verified,11.788,77.8004,cpcb_0,Madras Aluminium Company Ltd (MALCO),Aluminium,2.7635604405574203,Thaandaampalayam,village,False,False,agricultural_burn,"Agricultural cropland near Thaandaampalayam (village, 2.8 km)",cpcb_0,False,,,1,1,agricultural_burn,0.986
13.29275,78.005,330.52,0.62,0.72,2026-09-13,726,N,VIIRS,n,2.0NRT,273.46,2.75,D,64.37715730826037,industrial,Sanmar Speciality Chemicals Ltd,cpcb_verified,12.7409,77.8253,cpcb_12,Sanmar Speciality Chemicals Ltd,Pharma,0.6835089253106155,Krushnapura,village,False,False,agricultural_burn,"Agricultural cropland near Krushnapura (village, 0.7 km)",cpcb_12,False,,,1,1,agricultural_burn,0.986
8.00954,80.19323,340.44,0.72,0.75,2026-09-13,905,N,VIIRS,n,2.0NRT,286.42,7.61,D,171.9341225900222,industrial,Arkay Energy (Rameswaram) Ltd,cpcb_verified,9.2876,79.3129,cpcb_27,Arkay Energy (Rameswaram) Ltd,Powerplant,1.596171693534968,Wirasurigama,village,False,False,agricultural_burn,"Agricultural cropland near Wirasurigama (village, 1.6 km)",cpcb_27,False,,,1,1,agricultural_burn,0.986
8.01182,80.19453,334.14,0.72,0.75,2026-09-13,905,N,VIIRS,n,2.0NRT,286.37,7.94,D,171.8050411623082,industrial,Arkay Energy (Rameswaram) Ltd,cpcb_verified,9.2876,79.3129,cpcb_27,Arkay Energy (Rameswaram) Ltd,Powerplant,1.8009471093000842,Wirasurigama,village,False,False,agricultural_burn,"Agricultural cropland near Wirasurigama (village, 1.8 km)",cpcb_27,False,,,1,1,agricultural_burn,0.986
8.20266,79.99259,330.5,0.7,0.75,2026-09-13,905,N,VIIRS,n,2.0NRT,284.38,4.57,D,141.89359961835393,industrial,Arkay Energy (Rameswaram) Ltd,cpcb_verified,9.2876,79.3129,cpcb_27,Arkay Energy (Rameswaram) Ltd,Powerplant,3.429895537957098,Pahala Puliyankulama,village,False,False,agricultural_burn,"Agricultural cropland near Pahala Puliyankulama (village, 3.4 km)",cpcb_27,False,,,1,1,agricultural_burn,0.986
8.10966,79.96539,304.34,0.42,0.45,2026-09-13,2000,N,VIIRS,n,2.0NRT,284.42,0.69,N,149.329949818289,industrial,Arkay Energy (Rameswaram) Ltd,cpcb_verified,9.2876,79.3129,cpcb_27,Arkay Energy (Rameswaram) Ltd,Powerplant,5.8617540686095735,Karuwalagaswewa,town,False,False,scrub_biomass_burn,Rural scrubland / open biomass near Karuwalagaswewa (5.9 km),cpcb_27,False,,,0,1,scrub_biomass_burn,0.981
8.02105,80.30539,335.51,0.43,0.46,2026-09-04,835,N,VIIRS,n,2.0NRT,297.65,3.0,D,178.1493887393713,industrial,Arkay Energy (Rameswaram) Ltd,cpcb_verified,9.2876,79.3129,cpcb_27,Arkay Energy (Rameswaram) Ltd,Powerplant,1.7816460792162947,Wetakoluwagama,village,False,False,agricultural_burn,"Agricultural cropland near Wetakoluwagama (village, 1.8 km)",cpcb_27,False,,,1,1,agricultural_burn,0.987
8.05665,80.10335,334.82,0.42,0.45,2026-09-04,835,N,VIIRS,n,2.0NRT,297.08,2.21,D,162.12429811219764,industrial,Arkay Energy (Rameswaram) Ltd,cpcb_verified,9.2876,79.3129,cpcb_27,Arkay Energy (Rameswaram) Ltd,Powerplant,1.5778956361898226,Ralapanawa,village,False,False,agricultural_burn,"Agricultural cropland near Ralapanawa (village, 1.6 km)",cpcb_27,False,,,1,1,agricultural_burn,0.987
8.14543,80.06309,331.23,0.42,0.45,2026-09-04,835,N,VIIRS,n,2.0NRT,290.64,2.4,D,151.4209008904397,industrial,Arkay Energy (Rameswaram) Ltd,cpcb_verified,9.2876,79.3129,cpcb_27,Arkay Energy (Rameswaram) Ltd,Powerplant,3.388021524090879,Ihala Puliyankulama,village,False,False,agricultural_burn,"Agricultural cropland near Ihala Puliyankulama (village, 3.4 km)",cpcb_27,False,,,1,1,agricultural_burn,0.987
8.2431,80.11183,330.25,0.42,0.45,2026-09-04,835,N,VIIRS,n,2.0NRT,297.73,1.97,D,145.59438461692542,industrial,Arkay Energy (Rameswaram) Ltd,cpcb_verified,9.2876,79.3129,cpcb_27,Arkay Energy (Rameswaram) Ltd,Powerplant,3.715099821864427,Kala Oya,village,False,False,agricultural_burn,"Agricultural cropland near Kala Oya (village, 3.7 km)",cpcb_27,False,,,1,1,agricultural_burn,0.987
8.25512,80.10616,343.26,0.42,0.45,2026-09-04,835,N,VIIRS,n,2.0NRT,297.74,4.31,D,144.15193101760968,industrial,Arkay Energy (Rameswaram) Ltd,cpcb_verified,9.2876,79.3129,cpcb_27,Arkay Energy (Rameswaram) Ltd,Powerplant,4.558245823065457,Maragahawewa,village,False,False,agricultural_burn,"Agricultural cropland near Maragahawewa (village, 4.6 km)",cpcb_27,False,,,1,1,agricultural_burn,0.987
8.27044,80.33495,332.14,0.44,0.46,2026-09-04,835,N,VIIRS,n,2.0NRT,298.82,3.03,D,159.39468514769607,industrial,Arkay Energy (Rameswaram) Ltd,cpcb_verified,9.2876,79.3129,cpcb_27,Arkay Energy (Rameswaram) Ltd,Powerplant,4.1304591034429015,Talawa,village,False,False,agricultural_burn,"Agricultural cropland near Talawa (village, 4.1 km)",cpcb_27,False,,,1,1,agricultural_burn,0.987
8.31947,80.29152,342.47,0.43,0.46,2026-09-04,835,N,VIIRS,n,2.0NRT,298.99,8.9,D,152.15903215611658,industrial,Arkay Energy (Rameswaram) Ltd,cpcb_verified,9.2876,79.3129,cpcb_27,Arkay Energy (Rameswaram) Ltd,Powerplant,5.595624964808292,Sinharagama,village,False,False,scrub_biomass_burn,Rural scrubland / open biomass near Sinharagama (5.6 km),cpcb_27,False,,,1,1,scrub_biomass_burn,0.982
8.324,80.23045,345.94,0.43,0.46,2026-09-04,835,N,VIIRS,n,2.0NRT,300.71,7.54,D,147.12528700189998,industrial,Arkay Energy (Rameswaram) Ltd,cpcb_verified,9.2876,79.3129,cpcb_27,Arkay Energy (Rameswaram) Ltd,Powerplant,5.160339969031749,Ranorawa,village,False,False,scrub_biomass_burn,Rural scrubland / open biomass near Ranorawa (5.2 km),cpcb_27,False,,,1,1,scrub_biomass_burn,0.981
8.38549,80.29862,330.45,0.44,0.46,2026-09-04,835,N,VIIRS,n,2.0NRT,299.96,2.31,D,147.6213070048887,industrial,Arkay Energy (Rameswaram) Ltd,cpcb_verified,9.2876,79.3129,cpcb_27,Arkay Energy (Rameswaram) Ltd,Powerplant,1.4198451484220949,Mahamankadawala,village,False,False,agricultural_burn,"Agricultural cropland near Mahamankadawala (village, 1.4 km)",cpcb_27,False,,,1,1,agricultural_burn,0.987
8.43084,80.35042,335.17,0.44,0.46,2026-09-04,835,N,VIIRS,n,2.0NRT,297.18,5.74,D,148.55793447105196,industrial,Arkay Energy (Rameswaram) Ltd,cpcb_verified,9.2876,79.3129,cpcb_27,Arkay Energy (Rameswaram) Ltd,Powerplant,5.365978640479173,Puwarasankulama,village,False,False,scrub_biomass_burn,Rural scrubland / open biomass near Puwarasankulama (5.4 km),cpcb_27,False,,,1,1,scrub_biomass_burn,0.982
8.4458,80.23885,339.02,0.43,0.46,2026-09-04,835,N,VIIRS,n,2.0NRT,295.82,2.9,D,138.24102709749215,industrial,Arkay Energy (Rameswaram) Ltd,cpcb_verified,9.2876,79.3129,cpcb_27,Arkay Energy (Rameswaram) Ltd,Powerplant,2.727308696264348,Oyamaduwa,village,False,False,agricultural_burn,"Agricultural cropland near Oyamaduwa (village, 2.7 km)",cpcb_27,False,,,1,1,agricultural_burn,0.987
8.51423,80.24119,332.7,0.43,0.46,2026-09-04,835,N,VIIRS,n,2.0NRT,298.56,3.23,D,133.39589356255476,industrial,Arkay Energy (Rameswaram) Ltd,cpcb_verified,9.2876,79.3129,cpcb_27,Arkay Energy (Rameswaram) Ltd,Powerplant,0.9714653412551169,Sandamal Eliya,village,False,False,agricultural_burn,"Agricultural cropland near Sandamal Eliya (village, 1.0 km)",cpcb_27,False,,,1,1,agricultural_burn,0.987
8.55367,80.37032,338.51,0.44,0.46,2026-09-04,835,N,VIIRS,n,2.0NRT,299.65,4.39,D,141.95927285825664,industrial,Arkay Energy (Rameswaram) Ltd,cpcb_verified,9.2876,79.3129,cpcb_27,Arkay Energy (Rameswaram) Ltd,Powerplant,6.810421670998284,Aanaivilunthan,village,False,False,scrub_biomass_burn,Rural scrubland / open biomass near Aanaivilunthan (6.8 km),cpcb_27,False,,,1,1,scrub_biomass_burn,0.983
8.56614,80.39735,330.59,0.44,0.46,2026-09-04,835,N,VIIRS,n,2.0NRT,298.57,6.06,D,143.61812491945503,industrial,Arkay Energy (Rameswaram) Ltd,cpcb_verified,9.2876,79.3129,cpcb_27,Arkay Energy (Rameswaram) Ltd,Powerplant,7.32036827251791,Neriyakulam,town,False,False,scrub_biomass_burn,Rural scrubland / open biomass near Neriyakulam (7.3 km),cpcb_27,False,,,1,1,scrub_biomass_burn,0.983
8.61746,77.98914,342.96,0.48,0.4,2026-09-04,835,N,VIIRS,n,2.0NRT,299.73,3.29,D,22.859964591217384,industrial,Coastal Energen Power Ltd,cpcb_verified,8.7642,78.1348,cpcb_25,Sterlite Industries (India) Ltd - Copper Smelter,Copper,0.7912142731797015,Kurangani,village,False,False,agricultural_burn,"Agricultural cropland near Kurangani (village, 0.8 km)",cpcb_25,False,,,1,1,agricultural_burn,0.987
8.62399,80.37293,336.9,0.44,0.46,2026-09-04,835,N,VIIRS,n,2.0NRT,297.95,4.39,D,137.84570766049262,industrial,Arkay Energy (Rameswaram) Ltd,cpcb_verified,9.2876,79.3129,cpcb_27,Arkay Energy (Rameswaram) Ltd,Powerplant,2.242379323142355,Neriyakulam,town,False,False,urban_commercial_fire,Urban / Commercial area (Neriyakulam),cpcb_27,False,,,1,1,urban_commercial_fire,0.982
8.62652,80.37279,330.42,0.44,0.46,2026-09-04,835,N,VIIRS,n,2.0NRT,298.39,2.77,D,137.68197723502848,industrial,Arkay Energy (Rameswaram) Ltd,cpcb_verified,9.2876,79.3129,cpcb_27,Arkay Energy (Rameswaram) Ltd,Powerplant,2.3518098167445776,Neriyakulam,town,False,False,urban_commercial_fire,Urban / Commercial area (Neriyakulam),cpcb_27,False,,,1,1,urban_commercial_fire,0.982
8.66597,77.40293,332.62,0.45,0.39,2026-09-04,835,N,VIIRS,l,2.0NRT,304.58,6.07,D,6.585274959947324,industrial,Empee Sugars and Chemicals Ltd,cpcb_verified,8.7089,77.4442,cpcb_38,Empee Sugars and Chemicals Ltd,Sugar,4.961232251383705,Sivanthipuram,village,True,False,wildfire,Forest / Woodland reserve near Sivanthipuram,cpcb_38,False,,,1,0,wildfire,0.981
8.66727,80.25673,332.11,0.44,0.46,2026-09-04,835,N,VIIRS,n,2.0NRT,299.3,4.23,D,124.51464989289738,industrial,Arkay Energy (Rameswaram) Ltd,cpcb_verified,9.2876,79.3129,cpcb_27,Arkay Energy (Rameswaram) Ltd,Powerplant,5.951088989161736,Andiyapuliyankulam,village,False,False,scrub_biomass_burn,Rural scrubland / open biomass near Andiyapuliyankulam (6.0 km),cpcb_27,False,,,1,1,scrub_biomass_burn,0.983
8.69263,80.37619,337.9,0.44,0.46,2026-09-04,835,N,VIIRS,n,2.0NRT,299.88,4.7,D,134.21722072952753,industrial,Arkay Energy (Rameswaram) Ltd,cpcb_verified,9.2876,79.3129,cpcb_27,Arkay Energy (Rameswaram) Ltd,Powerplant,4.080291870866484,Kanthasamy Nagar,village,False,False,agricultural_burn,"Agricultural cropland near Kanthasamy Nagar (village, 4.1 km)",cpcb_27,False,,,1,1,agricultural_burn,0.987
8.73204,77.86298,347.6,0.48,0.4,2026-09-04,835,N,VIIRS,n,2.0NRT,304.0,16.91,D,19.20402885053883,industrial,IND Barath Thermal Power Ltd,cpcb_verified,8.8894,77.935,cpcb_13,IND Barath Thermal Power Ltd,Powerplant,1.97314705687646,Vallanadu,village,False,False,agricultural_burn,"Agricultural cropland near Vallanadu (village, 2.0 km)",cpcb_13,False,,,1,1,agricultural_burn,0.984
8.78943,80.33366,334.56,0.44,0.46,2026-09-04,835,N,VIIRS,n,2.0NRT,299.39,4.95,D,125.03381411563156,industrial,Arkay Energy (Rameswaram) Ltd,cpcb_verified,9.2876,79.3129,cpcb_27,Arkay Energy (Rameswaram) Ltd,Powerplant,3.7345559749422574,Sinnathambanai,village,False,False,agricultural_burn,"Agricultural cropland near Sinnathambanai (village, 3.7 km)",cpcb_27,False,,,1,1,agricultural_burn,0.987
8.78999,80.3377,330.83,0.44,0.46,2026-09-04,835,N,VIIRS,n,2.0NRT,298.4,4.95,D,125.40413564787043,industrial,Arkay Energy (Rameswaram) Ltd,cpcb_verified,9.2876,79.3129,cpcb_27,Arkay Energy (Rameswaram) Ltd,Powerplant,4.178093262327234,Sinnathambanai,village,False,False,agricultural_burn,"Agricultural cropland near Sinnathambanai (village, 4.2 km)",cpcb_27,False,,,1,1,agricultural_burn,0.987
8.81464,77.83777,342.22,0.48,0.4,2026-09-04,835,N,VIIRS,n,2.0NRT,304.59,11.75,D,13.53606596041906,industrial,IND Barath Thermal Power Ltd,cpcb_verified,8.8894,77.935,cpcb_13,IND Barath Thermal Power Ltd,Powerplant,1.5579571327143715,Savalaperi,village,False,False,agricultural_burn,"Agricultural cropland near Savalaperi (village, 1.6 km)",cpcb_13,False,,,1,1,agricultural_burn,0.985
8.84638,77.70205,345.51,0.47,0.4,2026-09-04,835,N,VIIRS,n,2.0NRT,310.41,22.48,D,26.0364370245369,industrial,IND Barath Thermal Power Ltd,cpcb_verified,8.8894,77.935,cpcb_13,IND Barath Thermal Power Ltd,Powerplant,1.2667997682379852,Thenkalam Puthur,village,False,False,agricultural_burn,"Agricultural cropland near Thenkalam Puthur (village, 1.3 km)",cpcb_13,False,,,1,1,agricultural_burn,0.986
8.88569,77.40527,339.72,0.45,0.39,2026-09-04,835,N,VIIRS,n,2.0NRT,306.78,5.49,D,20.118231857567253,industrial,Empee Sugars and Chemicals Ltd,cpcb_verified,8.7089,77.4442,cpcb_38,Empee Sugars and Chemicals Ltd,Sugar,0.9494530815933936,Pethanadarpatti,village,False,False,agricultural_burn,"Agricultural cropland near Pethanadarpatti (village, 0.9 km)",cpcb_38,False,,,1,1,agricultural_burn,0.985
8.92773,77.46704,336.21,0.46,0.39,2026-09-04,835,N,VIIRS,n,2.0NRT,305.16,2.97,D,24.46186639556559,industrial,Empee Sugars and Chemicals Ltd,cpcb_verified,8.7089,77.4442,cpcb_38,Empee Sugars and Chemicals Ltd,Sugar,2.246486112304128,Veerakeralampudur,village,False,False,agricultural_burn,"Agricultural cropland near Veerakeralampudur (village, 2.2 km)",cpcb_38,False,,,1,1,agricultural_burn,0.986
8.93915,77.83005,339.25,0.48,0.4,2026-09-04,835,N,VIIRS,n,2.0NRT,301.79,7.77,D,12.787459686344471,industrial,IND Barath Thermal Power Ltd,cpcb_verified,8.8894,77.935,cpcb_13,IND Barath Thermal Power Ltd,Powerplant,6.402698987376045,Kayathar,town,False,False,scrub_biomass_burn,Rural scrubland / open biomass near Kayathar (6.4 km),cpcb_13,False,,,1,1,scrub_biomass_burn,0.984
8.96668,80.38145,336.94,0.45,0.47,2026-09-04,835,N,VIIRS,n,2.0NRT,299.16,3.75,D,122.6200609736906,industrial,Arkay Energy (Rameswaram) Ltd,cpcb_verified,9.2876,79.3129,cpcb_27,Arkay Energy (Rameswaram) Ltd,Powerplant,2.049997102779076,Kovilkunchukulam,village,False,False,agricultural_burn,"Agricultural cropland near Kovilkunchukulam (village, 2.0 km)",cpcb_27,False,,,1,1,agricultural_burn,0.987
9.17593,78.22559,337.95,0.5,0.41,2026-09-04,835,N,VIIRS,n,2.0NRT,304.11,10.26,D,34.886585409874726,industrial,unnamed,tn_central,9.4896726,78.2255799,743737307,,,1.7274498478187637,Keilavilattikulam,village,False,False,agricultural_burn,"Agricultural cropland near Keilavilattikulam (village, 1.7 km)",743737307,False,3.12,1.56,1,1,agricultural_burn,0.987
9.1797,78.22505,341.55,0.5,0.41,2026-09-04,835,N,VIIRS,n,2.0NRT,304.13,10.26,D,34.467429557540925,industrial,unnamed,tn_central,9.4896726,78.2255799,743737307,,,2.1211375724781987,Keilavilattikulam,village,False,False,agricultural_burn,"Agricultural cropland near Keilavilattikulam (village, 2.1 km)",743737307,False,3.12,1.56,1,1,agricultural_burn,0.987
9.20293,77.64448,345.47,0.47,0.4,2026-09-04,835,N,VIIRS,n,2.0NRT,309.68,19.15,D,47.25668977093064,industrial,IND Barath Thermal Power Ltd,cpcb_verified,8.8894,77.935,cpcb_13,IND Barath Thermal Power Ltd,Powerplant,4.074608215302034,Kuruvikulam,village,False,False,agricultural_burn,"Agricultural cropland near Kuruvikulam (village, 4.1 km)",cpcb_13,False,,,1,1,agricultural_burn,0.987
9.33688,76.59934,331.72,0.43,0.38,2026-09-04,835,N,VIIRS,n,2.0NRT,299.27,2.02,D,116.1219867359148,industrial,Empee Sugars and Chemicals Ltd,cpcb_verified,8.7089,77.4442,cpcb_38,Empee Sugars and Chemicals Ltd,Sugar,0.3489433977288873,Kallissery,village,False,False,agricultural_burn,"Agricultural cropland near Kallissery (village, 0.3 km)",cpcb_38,False,,,1,1,agricultural_burn,0.987
9.62262,78.11741,340.95,0.5,0.41,2026-09-04,835,N,VIIRS,n,2.0NRT,306.67,10.24,D,7.482700160019618,industrial,unnamed,tn_central,9.5675554,78.078179,1227455975,,,3.086199187651856,Kalkuruchi,village,False,False,agricultural_burn,"Agricultural cropland near Kalkuruchi (village, 3.1 km)",1227455975,False,,,1,1,agricultural_burn,0.986
9.95692,79.105,336.23,0.38,0.44,2026-09-04,835,N,VIIRS,n,2.0NRT,298.7,2.64,D,29.354721002998303,industrial,unnamed,tn_central,9.7927596,78.895145,1000403536,,,1.3874276118474176,Pilluvalasai,village,False,False,agricultural_burn,"Agricultural cropland near Pilluvalasai (village, 1.4 km)",1000403536,False,,,1,1,agricultural_burn,0.987
9.95849,79.1076,342.39,0.39,0.44,2026-09-04,835,N,VIIRS,n,2.0NRT,298.57,2.39,D,29.686321334617343,industrial,unnamed,tn_central,9.7927596,78.895145,1000403536,,,1.2890289049380808,Pilluvalasai,village,False,False,agricultural_burn,"Agricultural cropland near Pilluvalasai (village, 1.3 km)",1000403536,False,,,1,1,agricultural_burn,0.987
10.16672,78.79148,331.56,0.56,0.43,2026-09-04,835,N,VIIRS,n,2.0NRT,300.74,8.56,D,5.35173108144227,industrial,unnamed,tn_central,10.2053945,78.7623732,665751399,,,1.7102943134595097,Kanadukathan,village,False,False,agricultural_burn,"Agricultural cropland near Kanadukathan (village, 1.7 km)",665751399,False,,,1,1,agricultural_burn,0.985
10.16814,78.80172,335.48,0.56,0.43,2026-09-04,835,N,VIIRS,n,2.0NRT,300.33,6.42,D,5.975259711585784,industrial,unnamed,tn_central,10.2053945,78.7623732,665751399,,,1.8495409202330368,Ramachandramaharajapuram,village,True,False,wildfire,Forest / Woodland reserve near Ramachandramaharajapuram,665751399,False,,,1,1,wildfire,0.98
10.28257,78.88253,334.67,0.57,0.43,2026-09-04,835,N,VIIRS,n,2.0NRT,298.75,2.52,D,9.480035556613563,industrial,unnamed,tn_central,10.2527046,78.9636835,542622910,,,1.0463115657153013,Sirayampatti Chattram,village,True,False,wildfire,Forest / Woodland reserve near Sirayampatti Chattram,542622910,False,,,1,1,wildfire,0.978
10.31339,79.34061,330.68,0.4,0.44,2026-09-04,835,N,VIIRS,n,2.0NRT,296.16,2.09,D,6.472145750908126,industrial,unnamed,tn_central,10.2678372,79.3037849,555516026,,,1.6106547914067515,Rajamadam,village,False,False,agricultural_burn,"Agricultural cropland near Rajamadam (village, 1.6 km)",555516026,False,,,1,1,agricultural_burn,0.986
12.0522,78.36801,333.87,0.56,0.43,2026-09-04,835,N,VIIRS,n,2.0NRT,298.13,4.2,D,14.253382036941632,plant,unnamed,tn_central,12.153857,78.4478679,1468887802,,,3.352884332380785,Thonganur,village,False,False,agricultural_burn,"Agricultural cropland near Thonganur (village, 3.4 km)",1468887802,False,,,1,1,agricultural_burn,0.985
12.80993,77.7602,332.58,0.52,0.42,2026-09-04,835,N,VIIRS,n,2.0NRT,298.05,3.52,D,10.428589155183584,industrial,Sanmar Speciality Chemicals Ltd,cpcb_verified,12.7409,77.8253,cpcb_12,Sanmar Speciality Chemicals Ltd,Pharma,0.625884816226096,Suryanagar Phase 3,suburb,False,False,urban_commercial_fire,Urban / Commercial area (Suryanagar Phase 3),cpcb_12,False,,,1,1,urban_commercial_fire,0.984
13.15911,80.28068,306.72,0.77,0.78,2026-09-04,1928,N,VIIRS,n,2.0NRT,285.02,1.63,N,0.8584717388475525,works,unnamed,tn_north,13.1572455,80.2729861,1017185168,,,1.98965544860426,Kargil Nagar,suburb,False,False,industrial_fire,Industrial facility (Industrial facility),1017185168,False,1.775,0.2050609665440988,0,1,industrial_fire,0.985
13.1608,80.27946,307.93,0.77,0.78,2026-09-04,1928,N,VIIRS,n,2.0NRT,285.03,1.92,N,0.8047142952169395,works,unnamed,tn_north,13.1572455,80.2729861,1017185168,,,1.9393062142207351,Kargil Nagar,suburb,False,False,industrial_fire,Industrial facility (Industrial facility),1017185168,False,1.775,0.2050609665440988,0,1,industrial_fire,0.985
9.94102,77.48679,308.54,0.36,0.57,2026-09-04,2108,N,VIIRS,n,2.0NRT,289.38,0.6,N,56.07169715187997,industrial,Vadapalanji IT SEZ,tn_central,9.9312285,77.9986372,1034798587,,,0.5794864643339653,Srirengapuram,village,False,False,agricultural_burn,"Agricultural cropland near Srirengapuram (village, 0.6 km)",1034798587,False,,,0,1,agricultural_burn,0.986
9.94628,77.48783,305.53,0.36,0.57,2026-09-04,2108,N,VIIRS,n,2.0NRT,289.26,0.47,N,55.971795576644695,industrial,Vadapalanji IT SEZ,tn_central,9.9312285,77.9986372,1034798587,,,1.1382481561080118,Srirengapuram,village,False,False,agricultural_burn,"Agricultural cropland near Srirengapuram (village, 1.1 km)",1034798587,False,,,0,1,agricultural_burn,0.986
10.61668,77.42152,304.1,0.35,0.56,2026-09-04,2108,N,VIIRS,n,2.0NRT,289.3,0.28,N,19.077247452962045,industrial,Amaravathy Co-Op Sugar Mills (Distillery),cpcb_verified,10.5876,77.2495,cpcb_4,Amaravathy Co-Op Sugar Mills (Distillery),Distillery,4.93145610194965,Kaniyur,village,False,False,agricultural_burn,"Agricultural cropland near Kaniyur (village, 4.9 km)",cpcb_4,False,,,0,1,agricultural_burn,0.963
10.61797,77.50148,308.59,0.35,0.57,2026-09-04,2108,N,VIIRS,n,2.0NRT,287.83,0.82,N,27.746782346626684,industrial,Amaravathy Co-Op Sugar Mills (Distillery),cpcb_verified,10.5876,77.2495,cpcb_4,Amaravathy Co-Op Sugar Mills (Distillery),Distillery,2.5836521169814324,Keeranur,village,False,False,agricultural_burn,"Agricultural cropland near Keeranur (village, 2.6 km)",cpcb_4,False,,,0,1,agricultural_burn,0.984
11.42084,77.48328,312.92,0.34,0.56,2026-09-04,2108,N,VIIRS,n,2.0NRT,284.16,0.82,N,53.47794428038006,industrial,Madras Aluminium Company Ltd (MALCO),cpcb_verified,11.788,77.8004,cpcb_0,Madras Aluminium Company Ltd (MALCO),Aluminium,4.3300439127359365,Vellankovil,village,False,False,agricultural_burn,"Agricultural cropland near Vellankovil (village, 4.3 km)",cpcb_0,False,,,0,1,agricultural_burn,0.985
11.48001,77.62247,300.66,0.35,0.56,2026-09-04,2108,N,VIIRS,n,2.0NRT,266.67,0.59,N,39.34939737667394,industrial,Madras Aluminium Company Ltd (MALCO),cpcb_verified,11.788,77.8004,cpcb_0,Madras Aluminium Company Ltd (MALCO),Aluminium,4.951716848787028,Aapakudal,village,False,False,agricultural_burn,"Agricultural cropland near Aapakudal (village, 5.0 km)",cpcb_0,False,,,0,1,agricultural_burn,0.917
11.48045,77.62241,298.62,0.35,0.56,2026-09-04,2108,N,VIIRS,n,2.0NRT,264.84,0.77,N,39.310037727431485,industrial,Madras Aluminium Company Ltd (MALCO),cpcb_verified,11.788,77.8004,cpcb_0,Madras Aluminium Company Ltd (MALCO),Aluminium,4.948943774034482,Aapakudal,village,False,False,agricultural_burn,"Agricultural cropland near Aapakudal (village, 4.9 km)",cpcb_0,False,,,0,1,agricultural_burn,0.896
11.56157,77.70795,302.5,0.35,0.57,2026-09-04,2108,N,VIIRS,n,2.0NRT,285.11,0.52,N,27.115961136890167,industrial,Madras Aluminium Company Ltd (MALCO),cpcb_verified,11.788,77.8004,cpcb_0,Madras Aluminium Company Ltd (MALCO),Aluminium,4.610293616009692,Koneripatty,village,False,False,agricultural_burn,"Agricultural cropland near Koneripatty (village, 4.6 km)",cpcb_0,False,,,0,1,agricultural_burn,0.983
12.74499,77.61853,301.04,0.33,0.55,2026-09-04,2108,N,VIIRS,n,2.0NRT,286.93,0.33,N,22.43008625539187,industrial,Sanmar Speciality Chemicals Ltd,cpcb_verified,12.7409,77.8253,cpcb_12,Sanmar Speciality Chemicals Ltd,Pharma,1.0720188283347227,Krishnadoddi,village,False,False,agricultural_burn,"Agricultural cropland near Krishnadoddi (village, 1.1 km)",cpcb_12,False,,,0,1,agricultural_burn,0.986
8.05222,80.25206,340.8,0.39,0.36,2026-09-05,813,N,VIIRS,n,2.0NRT,303.25,5.49,D,171.83508868335832,industrial,Arkay Energy (Rameswaram) Ltd,cpcb_verified,9.2876,79.3129,cpcb_27,Arkay Energy (Rameswaram) Ltd,Powerplant,3.3258710870659107,Buduruwakanda,village,False,False,agricultural_burn,"Agricultural cropland near Buduruwakanda (village, 3.3 km)",cpcb_27,False,,,1,1,agricultural_burn,0.987
8.05383,80.10401,344.98,0.39,0.36,2026-09-05,813,N,VIIRS,n,2.0NRT,302.11,7.27,D,162.4281193256306,industrial,Arkay Energy (Rameswaram) Ltd,cpcb_verified,9.2876,79.3129,cpcb_27,Arkay Energy (Rameswaram) Ltd,Powerplant,1.7591967097720609,Ralapanawa,village,False,False,agricultural_burn,"Agricultural cropland near Ralapanawa (village, 1.8 km)",cpcb_27,False,,,1,1,agricultural_burn,0.987
8.05503,80.24802,338.37,0.39,0.36,2026-09-05,813,N,VIIRS,n,2.0NRT,303.99,3.89,D,171.31836594824503,industrial,Arkay Energy (Rameswaram) Ltd,cpcb_verified,9.2876,79.3129,cpcb_27,Arkay Energy (Rameswaram) Ltd,Powerplant,3.801777914227632,Mahagalkadawala,village,False,False,agricultural_burn,"Agricultural cropland near Mahagalkadawala (village, 3.8 km)",cpcb_27,False,,,1,1,agricultural_burn,0.987
8.05978,79.87353,343.64,0.39,0.36,2026-09-05,813,N,VIIRS,n,2.0NRT,300.6,4.55,D,149.79104621030126,industrial,Arkay Energy (Rameswaram) Ltd,cpcb_verified,9.2876,79.3129,cpcb_27,Arkay Energy (Rameswaram) Ltd,Powerplant,4.588597393052061,Chenaikudirippu,village,False,False,agricultural_burn,"Agricultural cropland near Chenaikudirippu (village, 4.6 km)",cpcb_27,False,,,1,1,agricultural_burn,0.987
8.09138,79.92904,344.56,0.39,0.36,2026-09-05,813,N,VIIRS,n,2.0NRT,301.53,14.3,D,149.26200194996966,industrial,Arkay Energy (Rameswaram) Ltd,cpcb_verified,9.2876,79.3129,cpcb_27,Arkay Energy (Rameswaram) Ltd,Powerplant,5.1790116276198725,Karuwalagaswewa,town,False,False,scrub_biomass_burn,Rural scrubland / open biomass near Karuwalagaswewa (5.2 km),cpcb_27,False,,,1,1,scrub_biomass_burn,0.982
8.11574,80.15222,338.84,0.39,0.36,2026-09-05,813,N,VIIRS,n,2.0NRT,301.11,4.77,D,159.6553133501727,industrial,Arkay Energy (Rameswaram) Ltd,cpcb_verified,9.2876,79.3129,cpcb_27,Arkay Energy (Rameswaram) Ltd,Powerplant,2.468270871545925,Pothanegama,village,False,False,agricultural_burn,"Agricultural cropland near Pothanegama (village, 2.5 km)",cpcb_27,False,,,1,1,agricultural_burn,0.987
8.2587,80.32465,348.78,0.39,0.36,2026-09-05,813,N,VIIRS,n,2.0NRT,304.4,5.93,D,159.53394654862825,industrial,Arkay Energy (Rameswaram) Ltd,cpcb_verified,9.2876,79.3129,cpcb_27,Arkay Energy (Rameswaram) Ltd,Powerplant,3.763992713252592,Talawa,village,False,False,agricultural_burn,"Agricultural cropland near Talawa (village, 3.8 km)",cpcb_27,False,,,1,1,agricultural_burn,0.987
8.35222,80.17999,330.97,0.39,0.36,2026-09-05,813,N,VIIRS,n,2.0NRT,300.46,1.91,D,141.05054451357717,industrial,Arkay Energy (Rameswaram) Ltd,cpcb_verified,9.2876,79.3129,cpcb_27,Arkay Energy (Rameswaram) Ltd,Powerplant,2.307098354190681,Ittikulama,village,False,False,agricultural_burn,"Agricultural cropland near Ittikulama (village, 2.3 km)",cpcb_27,False,,,1,1,agricultural_burn,0.987
8.3665,80.20679,336.98,0.39,0.36,2026-09-05,813,N,VIIRS,n,2.0NRT,303.26,6.99,D,141.90453560201257,industrial,Arkay Energy (Rameswaram) Ltd,cpcb_verified,9.2876,79.3129,cpcb_27,Arkay Energy (Rameswaram) Ltd,Powerplant,1.4894414187984353,Ittikulama,village,False,False,agricultural_burn,"Agricultural cropland near Ittikulama (village, 1.5 km)",cpcb_27,False,,,1,1,agricultural_burn,0.987
8.36862,80.22093,342.21,0.39,0.36,2026-09-05,813,N,VIIRS,n,2.0NRT,302.87,3.3,D,142.81531691868227,industrial,Arkay Energy (Rameswaram) Ltd,cpcb_verified,9.2876,79.3129,cpcb_27,Arkay Energy (Rameswaram) Ltd,Powerplant,1.9352862393205488,Ranorawa,village,False,False,agricultural_burn,"Agricultural cropland near Ranorawa (village, 1.9 km)",cpcb_27,False,,,1,1,agricultural_burn,0.987
8.37896,80.17594,350.32,0.39,0.36,2026-09-05,813,N,VIIRS,n,2.0NRT,306.7,22.11,D,138.5653105015522,industrial,Arkay Energy (Rameswaram) Ltd,cpcb_verified,9.2876,79.3129,cpcb_27,Arkay Energy (Rameswaram) Ltd,Powerplant,1.996378976039306,Kukulkatuwa,village,False,False,agricultural_burn,"Agricultural cropland near Kukulkatuwa (village, 2.0 km)",cpcb_27,False,,,1,1,agricultural_burn,0.987
8.39266,80.28991,336.13,0.39,0.36,2026-09-05,813,N,VIIRS,n,2.0NRT,302.91,7.05,D,146.3766988634032,industrial,Arkay Energy (Rameswaram) Ltd,cpcb_verified,9.2876,79.3129,cpcb_27,Arkay Energy (Rameswaram) Ltd,Powerplant,2.258425614060939,Mahamankadawala,village,False,False,agricultural_burn,"Agricultural cropland near Mahamankadawala (village, 2.3 km)",cpcb_27,False,,,1,1,agricultural_burn,0.987
8.42385,80.38354,336.19,0.39,0.36,2026-09-05,813,N,VIIRS,n,2.0NRT,298.5,2.61,D,151.85923197466127,industrial,Arkay Energy (Rameswaram) Ltd,cpcb_verified,9.2876,79.3129,cpcb_27,Arkay Energy (Rameswaram) Ltd,Powerplant,2.319679248271273,Puwarasankulama,village,False,False,agricultural_burn,"Agricultural cropland near Puwarasankulama (village, 2.3 km)",cpcb_27,False,,,1,1,agricultural_burn,0.987
8.44974,80.17898,334.5,0.39,0.36,2026-09-05,813,N,VIIRS,n,2.0NRT,303.2,4.47,D,133.16775357452792,industrial,Arkay Energy (Rameswaram) Ltd,cpcb_verified,9.2876,79.3129,cpcb_27,Arkay Energy (Rameswaram) Ltd,Powerplant,1.7942098206377604,Kiralapetiyawa,village,False,False,agricultural_burn,"Agricultural cropland near Kiralapetiyawa (village, 1.8 km)",cpcb_27,False,,,1,1,agricultural_burn,0.987
8.49961,80.21492,333.2,0.39,0.36,2026-09-05,813,N,VIIRS,l,2.0NRT,303.29,3.06,D,132.2755853511723,industrial,Arkay Energy (Rameswaram) Ltd,cpcb_verified,9.2876,79.3129,cpcb_27,Arkay Energy (Rameswaram) Ltd,Powerplant,1.769246814459658,Pemaduwa,town,False,False,urban_commercial_fire,Urban / Commercial area (Pemaduwa),cpcb_27,False,,,1,0,urban_commercial_fire,0.982
8.52262,80.27681,343.17,0.39,0.36,2026-09-05,813,N,VIIRS,n,2.0NRT,303.9,4.82,D,135.82348752257127,industrial,Arkay Energy (Rameswaram) Ltd,cpcb_verified,9.2876,79.3129,cpcb_27,Arkay Energy (Rameswaram) Ltd,Powerplant,3.5513851213478915,Thuppitiyawa,village,False,False,agricultural_burn,"Agricultural cropland near Thuppitiyawa (village, 3.6 km)",cpcb_27,False,,,1,1,agricultural_burn,0.987
8.58073,80.36644,349.09,0.39,0.36,2026-09-05,813,N,VIIRS,n,2.0NRT,303.15,3.71,D,139.89482405846238,industrial,Arkay Energy (Rameswaram) Ltd,cpcb_verified,9.2876,79.3129,cpcb_27,Arkay Energy (Rameswaram) Ltd,Powerplant,4.170893628348681,Neriyakulam,town,False,False,scrub_biomass_burn,Rural scrubland / open biomass near Neriyakulam (4.2 km),cpcb_27,False,,,1,1,scrub_biomass_burn,0.979
8.58355,80.36236,345.95,0.39,0.36,2026-09-05,813,N,VIIRS,n,2.0NRT,304.31,3.71,D,139.34753954717175,industrial,Arkay Energy (Rameswaram) Ltd,cpcb_verified,9.2876,79.3129,cpcb_27,Arkay Energy (Rameswaram) Ltd,Powerplant,3.7425020831295335,Neriyakulam,town,False,False,scrub_biomass_burn,Rural scrubland / open biomass near Neriyakulam (3.7 km),cpcb_27,False,,,1,1,scrub_biomass_burn,0.979
8.58409,80.36593,337.15,0.39,0.36,2026-09-05,813,N,VIIRS,n,2.0NRT,302.31,3.71,D,139.6384050707699,industrial,Arkay Energy (Rameswaram) Ltd,cpcb_verified,9.2876,79.3129,cpcb_27,Arkay Energy (Rameswaram) Ltd,Powerplant,3.79994291380354,Neriyakulam,town,False,False,scrub_biomass_burn,Rural scrubland / open biomass near Neriyakulam (3.8 km),cpcb_27,False,,,1,1,scrub_biomass_burn,0.978
8.64641,80.33406,337.54,0.39,0.36,2026-09-05,813,N,VIIRS,n,2.0NRT,304.27,3.67,D,132.90222998324143,industrial,Arkay Energy (Rameswaram) Ltd,cpcb_verified,9.2876,79.3129,cpcb_27,Arkay Energy (Rameswaram) Ltd,Powerplant,2.7786726469695826,Cheddikulam,village,False,False,agricultural_burn,"Agricultural cropland near Cheddikulam (village, 2.8 km)",cpcb_27,False,,,1,1,agricultural_burn,0.987
8.68765,80.35707,352.26,0.39,0.36,2026-09-05,813,N,VIIRS,n,2.0NRT,306.49,14.63,D,132.67242724511175,industrial,Arkay Energy (Rameswaram) Ltd,cpcb_verified,9.2876,79.3129,cpcb_27,Arkay Energy (Rameswaram) Ltd,Powerplant,2.187025718999694,Sanmugapuram,village,False,False,agricultural_burn,"Agricultural cropland near Sanmugapuram (village, 2.2 km)",cpcb_27,False,,,1,1,agricultural_burn,0.987
8.69047,80.353,335.52,0.39,0.36,2026-09-05,813,N,VIIRS,n,2.0NRT,303.33,14.63,D,132.12799945329604,industrial,Arkay Energy (Rameswaram) Ltd,cpcb_verified,9.2876,79.3129,cpcb_27,Arkay Energy (Rameswaram) Ltd,Powerplant,1.668715510178229,Sanmugapuram,village,False,False,agricultural_burn,"Agricultural cropland near Sanmugapuram (village, 1.7 km)",cpcb_27,False,,,1,1,agricultural_burn,0.987
8.69101,80.35657,347.26,0.39,0.36,2026-09-05,813,N,VIIRS,n,2.0NRT,302.46,14.63,D,132.43697044062324,industrial,Arkay Energy (Rameswaram) Ltd,cpcb_verified,9.2876,79.3129,cpcb_27,Arkay Energy (Rameswaram) Ltd,Powerplant,2.041057494192898,Sanmugapuram,village,False,False,agricultural_burn,"Agricultural cropland near Sanmugapuram (village, 2.0 km)",cpcb_27,False,,,1,1,agricultural_burn,0.987
8.69899,80.28534,330.9,0.39,0.36,2026-09-05,813,N,VIIRS,l,2.0NRT,301.1,2.41,D,125.26022158918408,industrial,Arkay Energy (Rameswaram) Ltd,cpcb_verified,9.2876,79.3129,cpcb_27,Arkay Energy (Rameswaram) Ltd,Powerplant,3.418900239723825,Andiyapuliyankulam,village,False,False,agricultural_burn,"Agricultural cropland near Andiyapuliyankulam (village, 3.4 km)",cpcb_27,False,,,1,0,agricultural_burn,0.987
8.76241,78.10452,333.26,0.39,0.36,2026-09-05,813,N,VIIRS,l,2.0NRT,302.74,2.68,D,3.3336240190709687,industrial,Coastal Energen Power Ltd,cpcb_verified,8.7642,78.1348,cpcb_25,Sterlite Industries (India) Ltd - Copper Smelter,Copper,2.1720385898607977,Korampallam,village,False,False,agricultural_burn,"Agricultural cropland near Korampallam (village, 2.2 km)",cpcb_25,False,,,1,0,agricultural_burn,0.983
8.76995,80.10387,337.67,0.39,0.36,2026-09-05,813,N,VIIRS,n,2.0NRT,303.09,4.48,D,104.20232980136664,industrial,Arkay Energy (Rameswaram) Ltd,cpcb_verified,9.2876,79.3129,cpcb_27,Arkay Energy (Rameswaram) Ltd,Powerplant,5.89016360138682,Madu Road,village,False,False,scrub_biomass_burn,Rural scrubland / open biomass near Madu Road (5.9 km),cpcb_27,False,,,1,1,scrub_biomass_burn,0.983
8.7973,80.39112,336.46,0.4,0.37,2026-09-05,813,N,VIIRS,n,2.0NRT,301.83,5.15,D,130.35098095914432,industrial,Arkay Energy (Rameswaram) Ltd,cpcb_verified,9.2876,79.3129,cpcb_27,Arkay Energy (Rameswaram) Ltd,Powerplant,2.6415323594940023,Kidachuri,village,False,False,agricultural_burn,"Agricultural cropland near Kidachuri (village, 2.6 km)",cpcb_27,False,,,1,1,agricultural_burn,0.987
8.79784,80.39472,338.65,0.4,0.37,2026-09-05,813,N,VIIRS,n,2.0NRT,303.53,6.19,D,130.68505903017925,industrial,Arkay Energy (Rameswaram) Ltd,cpcb_verified,9.2876,79.3129,cpcb_27,Arkay Energy (Rameswaram) Ltd,Powerplant,2.470853147520209,Kidachuri,village,False,False,agricultural_burn,"Agricultural cropland near Kidachuri (village, 2.5 km)",cpcb_27,False,,,1,1,agricultural_burn,0.987
8.85206,80.33175,342.91,0.39,0.37,2026-09-05,813,N,VIIRS,n,2.0NRT,301.04,13.35,D,121.90682058146174,industrial,Arkay Energy (Rameswaram) Ltd,cpcb_verified,9.2876,79.3129,cpcb_27,Arkay Energy (Rameswaram) Ltd,Powerplant,3.3730944034736225,Kovilpuliyankulam,village,False,False,agricultural_burn,"Agricultural cropland near Kovilpuliyankulam (village, 3.4 km)",cpcb_27,False,,,1,1,agricultural_burn,0.987
8.94314,80.37978,346.45,0.4,0.37,2026-09-05,813,N,VIIRS,n,2.0NRT,302.05,5.81,D,123.23659253781774,industrial,Arkay Energy (Rameswaram) Ltd,cpcb_verified,9.2876,79.3129,cpcb_27,Arkay Energy (Rameswaram) Ltd,Powerplant,1.1716884934599596,Kovilkunchukulam,village,False,False,agricultural_burn,"Agricultural cropland near Kovilkunchukulam (village, 1.2 km)",cpcb_27,False,,,1,1,agricultural_burn,0.987
9.21617,80.32276,331.28,0.4,0.37,2026-09-05,813,N,VIIRS,n,2.0NRT,300.66,2.46,D,111.11471508410536,industrial,Arkay Energy (Rameswaram) Ltd,cpcb_verified,9.2876,79.3129,cpcb_27,Arkay Energy (Rameswaram) Ltd,Powerplant,0.5356960757184188,Iyankankulam,village,False,False,agricultural_burn,"Agricultural cropland near Iyankankulam (village, 0.5 km)",cpcb_27,False,,,1,1,agricultural_burn,0.987
9.30931,78.79927,340.57,0.38,0.36,2026-09-05,813,N,VIIRS,n,2.0NRT,302.17,4.62,D,7.505388416863703,industrial,Coromandel Electric Company Ltd,cpcb_verified,9.3639,78.8395,cpcb_24,Pioneer Power Ltd,Powerplant,3.894854499572769,Tiruppulani,village,False,False,agricultural_burn,"Agricultural cropland near Tiruppulani (village, 3.9 km)",cpcb_24,False,,,1,1,agricultural_burn,0.986
9.33446,77.69536,346.22,0.4,0.37,2026-09-05,813,N,VIIRS,n,2.0NRT,307.87,7.2,D,44.85833695980363,industrial,unnamed,tn_central,9.5822502,78.0181003,751731783,,,3.775804239716442,Valaiyapatti,village,False,False,agricultural_burn,"Agricultural cropland near Valaiyapatti (village, 3.8 km)",751731783,False,,,1,1,agricultural_burn,0.987
9.39375,78.88885,340.06,0.38,0.36,2026-09-05,813,N,VIIRS,n,2.0NRT,303.67,4.57,D,6.350553303534248,industrial,Coromandel Electric Company Ltd,cpcb_verified,9.3639,78.8395,cpcb_24,Pioneer Power Ltd,Powerplant,2.555075508887984,Gokulavadi,village,False,False,agricultural_burn,"Agricultural cropland near Gokulavadi (village, 2.6 km)",cpcb_24,False,,,1,1,agricultural_burn,0.986
9.62122,77.4757,330.24,0.4,0.37,2026-09-05,813,N,VIIRS,n,2.0NRT,297.29,5.38,D,59.62490811031397,industrial,unnamed,tn_central,9.5822502,78.0181003,751731783,,,3.816664113784438,Gandhigramam,village,False,False,agricultural_burn,"Agricultural cropland near Gandhigramam (village, 3.8 km)",751731783,False,,,1,1,agricultural_burn,0.987
9.62942,80.3325,332.14,0.4,0.37,2026-09-05,813,N,VIIRS,n,2.0NRT,299.9,2.0,D,118.11532431991678,industrial,Arkay Energy (Rameswaram) Ltd,cpcb_verified,9.2876,79.3129,cpcb_27,Arkay Energy (Rameswaram) Ltd,Powerplant,0.4818235267988406,Arasarkerny,village,False,False,agricultural_burn,"Agricultural cropland near Arasarkerny (village, 0.5 km)",cpcb_27,False,,,1,1,agricultural_burn,0.987
9.76186,79.01588,333.28,0.38,0.36,2026-09-05,813,N,VIIRS,n,2.0NRT,301.89,1.74,D,13.668994181833131,industrial,unnamed,tn_central,9.7927596,78.895145,1000403536,,,0.9362302134640494,Vilakkenanthal,village,False,False,agricultural_burn,"Agricultural cropland near Vilakkenanthal (village, 0.9 km)",1000403536,False,,,1,1,agricultural_burn,0.986
9.76191,80.18646,341.75,0.4,0.37,2026-09-05,813,N,VIIRS,n,2.0NRT,297.91,4.1,D,97.59627176242668,industrial,unnamed,tn_central,10.430444,79.6088047,651535389,,,1.7885005014812527,Anthanan Thidal,village,False,False,agricultural_burn,"Agricultural cropland near Anthanan Thidal (village, 1.8 km)",651535389,False,,,1,1,agricultural_burn,0.987
9.77927,80.18752,340.77,0.4,0.37,2026-09-05,813,N,VIIRS,n,2.0NRT,299.6,3.52,D,96.20935425975968,industrial,unnamed,tn_central,10.430444,79.6088047,651535389,,,1.2634893472723745,Karaveddy,village,False,False,agricultural_burn,"Agricultural cropland near Karaveddy (village, 1.3 km)",651535389,False,,,1,1,agricultural_burn,0.987
10.54381,79.22341,346.01,0.39,0.36,2026-09-05,813,N,VIIRS,n,2.0NRT,303.01,5.35,D,8.889297075799535,industrial,unnamed,tn_central,10.6088195,79.2707405,750510845,,,1.4449989421591978,Silathur,village,False,False,agricultural_burn,"Agricultural cropland near Silathur (village, 1.4 km)",750510845,False,,,1,1,agricultural_burn,0.986
10.71104,79.432,341.49,0.39,0.36,2026-09-05,816,N,VIIRS,n,2.0NRT,306.21,6.82,D,4.463502415132169,industrial,unnamed,tn_central,10.6892774,79.4663268,906637551,Thirumakotai Gas Turbine Power Project,Powerplant,1.3213503294249265,Kanoor Thenpathi,village,False,False,agricultural_burn,"Agricultural cropland near Kanoor Thenpathi (village, 1.3 km)",906637551,False,,,1,1,agricultural_burn,0.986
10.79202,79.03259,340.12,0.38,0.36,2026-09-05,816,N,VIIRS,n,2.0NRT,304.36,10.43,D,7.415148086898995,industrial,Waste Water Treatment Plant,tn_central,10.7273687,79.0159501,683688520,,,1.6777387417910432,Kalvirayanpettai,village,False,False,agricultural_burn,"Agricultural cropland near Kalvirayanpettai (village, 1.7 km)",683688520,False,,,1,1,agricultural_burn,0.985
10.82872,79.18511,346.57,0.39,0.36,2026-09-05,816,N,VIIRS,n,2.0NRT,300.54,2.98,D,10.408774377088148,industrial,Central Warehouse Corporation,tn_central,10.7609707,79.119351,46889259,,,1.6741910659819752,Thittai,village,False,False,agricultural_burn,"Agricultural cropland near Thittai (village, 1.7 km)",46889259,False,,,1,1,agricultural_burn,0.986
10.83204,79.18459,332.25,0.39,0.36,2026-09-05,816,N,VIIRS,n,2.0NRT,301.85,2.98,D,10.640853318752646,industrial,Central Warehouse Corporation,tn_central,10.7609707,79.119351,46889259,,,1.4534332829734826,Thittai,village,False,False,agricultural_burn,"Agricultural cropland near Thittai (village, 1.5 km)",46889259,False,,,1,1,agricultural_burn,0.986
10.85818,78.95408,341.88,0.38,0.36,2026-09-05,816,N,VIIRS,n,2.0NRT,304.07,4.71,D,7.947682368899594,industrial,unnamed,tn_central,10.882249,78.8855496,464928710,,,0.8977618770430243,Tirukattupalli,village,False,False,agricultural_burn,"Agricultural cropland near Tirukattupalli (village, 0.9 km)",464928710,False,,,1,1,agricultural_burn,0.985
10.87647,79.25341,338.54,0.39,0.36,2026-09-05,816,N,VIIRS,n,2.0NRT,304.22,2.99,D,9.02483685842383,industrial,Welding Shop,tn_central,10.9423395,79.3017014,287077916,,,1.102263835681846,Devarayanpettai,village,False,False,agricultural_burn,"Agricultural cropland near Devarayanpettai (village, 1.1 km)",287077916,False,,,1,1,agricultural_burn,0.986
10.92989,77.06577,339.03,0.4,0.37,2026-09-05,816,N,VIIRS,l,2.0NRT,308.06,3.75,D,43.02866134977784,industrial,Amaravathy Co-Op Sugar Mills (Distillery),cpcb_verified,10.5876,77.2495,cpcb_4,Amaravathy Co-Op Sugar Mills (Distillery),Distillery,2.9838145967555443,Kallapalayam,village,False,False,agricultural_burn,"Agricultural cropland near Kallapalayam (village, 3.0 km)",cpcb_4,False,,,1,0,agricultural_burn,0.987
10.98545,78.22152,341.16,0.39,0.36,2026-09-05,816,N,VIIRS,n,2.0NRT,307.93,4.83,D,4.562422266999112,works,unnamed,tn_central,10.9589209,78.2534036,906600542,,,0.9487502100100328,Kattupputtur,village,False,False,agricultural_burn,"Agricultural cropland near Kattupputtur (village, 0.9 km)",906600542,False,,,1,1,agricultural_burn,0.986
11.00525,77.1251,345.45,0.4,0.37,2026-09-05,816,N,VIIRS,l,2.0NRT,309.27,7.94,D,48.387529555520885,industrial,Amaravathy Co-Op Sugar Mills (Distillery),cpcb_verified,10.5876,77.2495,cpcb_4,Amaravathy Co-Op Sugar Mills (Distillery),Distillery,1.947352545804352,Kalangal,village,False,False,agricultural_burn,"Agricultural cropland near Kalangal (village, 1.9 km)",cpcb_4,False,,,1,0,agricultural_burn,0.987
11.48627,78.88146,338.67,0.38,0.36,2026-09-05,816,N,VIIRS,n,2.0NRT,304.46,4.68,D,0.1114864359004831,industrial,unnamed,tn_central,11.4872581,78.8812865,645549284,,,1.0684005900639988,Kariyanur,village,False,False,industrial_fire,Industrial facility (Industrial facility),645549284,False,4.68,2.34,1,1,industrial_fire,0.985
11.57037,79.64236,335.47,0.39,0.36,2026-09-05,816,N,VIIRS,n,2.0NRT,290.73,1.41,D,3.407999166514778,industrial,unnamed,tn_central,11.5898488,79.6182055,206113660,,,5.232337817708472,Kurinjippadi,village,False,False,scrub_biomass_burn,Rural scrubland / open biomass near Kurinjippadi (5.2 km),206113660,False,,,1,1,scrub_biomass_burn,0.976
11.81176,79.62698,335.58,0.39,0.36,2026-09-05,816,N,VIIRS,n,2.0NRT,301.35,3.95,D,6.309031759150149,industrial,EID Parry & Company,tn_central,11.7710694,79.6673739,206113659,,,5.930152994804031,Nettapakkam,village,False,False,scrub_biomass_burn,Rural scrubland / open biomass near Nettapakkam (5.9 km),206113659,False,,,1,1,scrub_biomass_burn,0.982
11.85545,78.73141,330.2,0.38,0.36,2026-09-05,816,N,VIIRS,n,2.0NRT,299.24,2.96,D,6.654754281824309,works,Chilling Plant,tn_central,11.8414036,78.6719676,1337630473,,,5.6612838664702245,Navalur,village,False,False,scrub_biomass_burn,Rural scrubland / open biomass near Navalur (5.7 km),1337630473,False,,,1,1,scrub_biomass_burn,0.982
11.89135,78.72217,333.36,0.38,0.36,2026-09-05,816,N,VIIRS,n,2.0NRT,303.29,1.26,D,7.790279532102367,works,Chilling Plant,tn_central,11.8414036,78.6719676,1337630473,,,6.998152943853077,Navalur,village,True,False,wildfire,Forest / Woodland reserve near Navalur,1337630473,False,,,1,1,wildfire,0.967
11.96047,78.80122,331.4,0.38,0.36,2026-09-05,816,N,VIIRS,n,2.0NRT,301.09,4.31,D,19.31482563647983,works,Chilling Plant,tn_central,11.8414036,78.6719676,1337630473,,,14.396513334424434,Kottappatti,village,False,False,scrub_biomass_burn,Rural scrubland / open biomass near Kottappatti (14.4 km),1337630473,False,,,1,1,scrub_biomass_burn,0.982
11.96101,78.80475,336.43,0.38,0.36,2026-09-05,816,N,VIIRS,n,2.0NRT,303.7,7.02,D,19.63685386453022,works,Chilling Plant,tn_central,11.8414036,78.6719676,1337630473,,,14.667963727143755,Sankarapuram,town,False,False,scrub_biomass_burn,Rural scrubland / open biomass near Sankarapuram (14.7 km),1337630473,False,,,1,1,scrub_biomass_burn,0.983
12.09322,79.02973,338.07,0.39,0.36,2026-09-05,816,N,VIIRS,n,2.0NRT,300.9,3.38,D,17.55039767570445,industrial,unnamed,tn_central,12.2403156,79.0882692,1390499800,,,1.7843844975090524,Vanapuram,village,False,False,agricultural_burn,"Agricultural cropland near Vanapuram (village, 1.8 km)",1390499800,False,,,1,1,agricultural_burn,0.985
12.80918,79.95596,332.32,0.41,0.37,2026-09-05,816,N,VIIRS,l,2.0NRT,304.04,4.06,D,3.2235704277587254,works,unnamed,tn_north,12.8378758,79.9517331,1053243953,,,0.8928906033639455,Senthamangalam,suburb,False,False,urban_commercial_fire,Urban / Commercial area (Senthamangalam),1053243953,False,,,1,0,urban_commercial_fire,0.984
12.83815,79.94009,334.31,0.41,0.37,2026-09-05,816,N,VIIRS,l,2.0NRT,305.24,5.26,D,0.3500651248841107,industrial,Renault Nissan,tn_north,12.835853,79.9422981,191527886,,,0.5604694003871543,Oragadam,town,False,False,industrial_fire,Industrial facility (Renault Nissan),191527886,False,3.185,1.703809457265297,1,0,industrial_fire,0.985
12.85665,79.94463,332.34,0.41,0.37,2026-09-05,816,N,VIIRS,l,2.0NRT,302.97,4.58,D,0.0989078563793762,industrial,unnamed,tn_north,12.8575345,79.9445334,661546337,,,0.3571968174418937,Oragadam Industrial Estate,suburb,False,False,industrial_fire,Industrial facility (Industrial facility),661546337,False,3.495,0.8633462032502758,1,0,industrial_fire,0.985
12.86005,79.94411,330.17,0.41,0.37,2026-09-05,816,N,VIIRS,l,2.0NRT,302.1,2.67,D,0.2834517471153807,industrial,unnamed,tn_north,12.8575345,79.9445334,661546337,,,0.5672652257645981,Oragadam Industrial Estate,suburb,False,False,industrial_fire,Industrial facility (Industrial facility),661546337,False,3.495,0.8633462032502758,1,0,industrial_fire,0.985
12.87172,80.07278,330.58,0.41,0.37,2026-09-05,816,N,VIIRS,n,2.0NRT,298.93,1.57,D,1.1923320499131091,industrial,unnamed,tn_north,12.8611079,80.0712029,98357304,,,0.5462206461728979,Kilambakkam,suburb,False,False,industrial_fire,Industrial facility (Industrial facility),98357304,False,1.57,0.785,1,1,industrial_fire,0.984
12.93002,76.32658,335.18,0.41,0.37,2026-09-05,816,N,VIIRS,n,2.0NRT,305.77,4.73,D,163.8406710582791,industrial,Sanmar Speciality Chemicals Ltd,cpcb_verified,12.7409,77.8253,cpcb_12,Sanmar Speciality Chemicals Ltd,Pharma,1.5101836870796133,Kattarighatta,village,False,False,agricultural_burn,"Agricultural cropland near Kattarighatta (village, 1.5 km)",cpcb_12,False,,,1,1,agricultural_burn,0.987
13.14227,79.26152,336.42,0.39,0.36,2026-09-05,816,N,VIIRS,n,2.0NRT,301.2,1.48,D,8.45859823180618,industrial,unnamed,tn_north,13.0926986,79.3207662,1264111096,,,0.8943134209548493,Oddaneri,village,False,False,agricultural_burn,"Agricultural cropland near Oddaneri (village, 0.9 km)",1264111096,False,,,1,1,agricultural_burn,0.985
13.29584,80.0663,331.23,0.41,0.37,2026-09-05,816,N,VIIRS,l,2.0NRT,302.64,4.15,D,0.5782629700618488,industrial,unnamed,tn_north,13.2916621,80.063118,138337700,,,2.540091679748848,Periyapalayam,village,False,False,industrial_fire,Industrial facility (Industrial facility),138337700,False,3.305,1.1950104602052656,1,0,industrial_fire,0.985
13.29621,80.06625,330.97,0.41,0.37,2026-09-05,816,N,VIIRS,l,2.0NRT,302.74,2.46,D,0.6087771451581068,industrial,unnamed,tn_north,13.2916621,80.063118,138337700,,,2.511482924682229,Periyapalayam,village,False,False,industrial_fire,Industrial facility (Industrial facility),138337700,False,3.305,1.1950104602052656,1,0,industrial_fire,0.985
11.6361,77.65678,327.2,0.52,0.41,2026-09-05,2049,N,VIIRS,n,2.0NRT,290.59,2.4,N,23.01771286145824,industrial,Madras Aluminium Company Ltd (MALCO),cpcb_verified,11.788,77.8004,cpcb_0,Madras Aluminium Company Ltd (MALCO),Aluminium,1.5600371367722714,Reddipalayam,village,False,False,agricultural_burn,"Agricultural cropland near Reddipalayam (village, 1.6 km)",cpcb_0,False,,,0,1,agricultural_burn,0.987
12.62502,79.78784,308.38,0.44,0.46,2026-09-05,2049,N,VIIRS,n,2.0NRT,289.72,1.63,N,4.605412422924489,industrial,unnamed,tn_north,12.6305393,79.8299056,1017039654,,,3.1639769057988203,Uttiramerur,village,False,False,agricultural_burn,"Agricultural cropland near Uttiramerur (village, 3.2 km)",1017039654,False,,,0,1,agricultural_burn,0.981
13.16061,80.2888,315.1,0.47,0.48,2026-09-05,2049,N,VIIRS,n,2.0NRT,289.67,1.1,N,0.4711698621818703,industrial,unnamed,tn_north,13.1563844,80.2884764,218212406,,,1.3596316091422629,Tiruvottiyur,town,False,False,industrial_fire,Industrial facility (Industrial facility),218212406,False,4.27,4.85415972817816,0,1,industrial_fire,0.985
13.16123,80.28672,323.74,0.47,0.48,2026-09-05,2049,N,VIIRS,n,2.0NRT,289.72,2.49,N,0.571382934523442,industrial,unnamed,tn_north,13.1563844,80.2884764,218212406,,,1.4407014664302271,Kargil Nagar,suburb,False,False,industrial_fire,Industrial facility (Industrial facility),218212406,False,4.27,4.85415972817816,0,1,industrial_fire,0.985
13.16142,80.28448,309.21,0.47,0.48,2026-09-05,2049,N,VIIRS,n,2.0NRT,289.81,1.99,N,0.7076468357224937,industrial,unnamed,tn_north,13.1563844,80.2884764,218212406,,,1.5393033682939736,Kargil Nagar,suburb,False,False,industrial_fire,Industrial facility (Industrial facility),218212406,False,4.27,4.85415972817816,0,1,industrial_fire,0.985
8.03835,80.35418,341.72,0.5,0.41,2026-09-06,756,N,VIIRS,n,2.0NRT,296.93,7.63,D,179.99313936111815,industrial,Arkay Energy (Rameswaram) Ltd,cpcb_verified,9.2876,79.3129,cpcb_27,Arkay Energy (Rameswaram) Ltd,Powerplant,0.6945973953748974,Madinnoruwa,village,False,False,agricultural_burn,"Agricultural cropland near Madinnoruwa (village, 0.7 km)",cpcb_27,False,,,1,1,agricultural_burn,0.987
8.08336,80.1761,336.55,0.51,0.41,2026-09-06,756,N,VIIRS,n,2.0NRT,298.36,8.84,D,164.11284622891856,industrial,Arkay Energy (Rameswaram) Ltd,cpcb_verified,9.2876,79.3129,cpcb_27,Arkay Energy (Rameswaram) Ltd,Powerplant,4.0667330169819484,Pothanegama,village,False,False,agricultural_burn,"Agricultural cropland near Pothanegama (village, 4.1 km)",cpcb_27,False,,,1,1,agricultural_burn,0.987
8.22726,80.32596,334.35,0.49,0.41,2026-09-06,756,N,VIIRS,n,2.0NRT,296.89,2.74,D,162.1613323615213,industrial,Arkay Energy (Rameswaram) Ltd,cpcb_verified,9.2876,79.3129,cpcb_27,Arkay Energy (Rameswaram) Ltd,Powerplant,2.911775257967355,Talawa,village,False,False,agricultural_burn,"Agricultural cropland near Talawa (village, 2.9 km)",cpcb_27,False,,,1,1,agricultural_burn,0.987
8.23099,80.32535,335.4,0.49,0.41,2026-09-06,756,N,VIIRS,n,2.0NRT,296.16,2.74,D,161.81354257342372,industrial,Arkay Energy (Rameswaram) Ltd,cpcb_verified,9.2876,79.3129,cpcb_27,Arkay Energy (Rameswaram) Ltd,Powerplant,2.854688754894524,Talawa,village,False,False,agricultural_burn,"Agricultural cropland near Talawa (village, 2.9 km)",cpcb_27,False,,,1,1,agricultural_burn,0.987
8.2361,80.16422,336.92,0.5,0.41,2026-09-06,756,N,VIIRS,l,2.0NRT,300.06,5.42,D,149.74450225110226,industrial,Arkay Energy (Rameswaram) Ltd,cpcb_verified,9.2876,79.3129,cpcb_27,Arkay Energy (Rameswaram) Ltd,Powerplant,2.185884738103536,Maragahawewa,village,False,False,agricultural_burn,"Agricultural cropland near Maragahawewa (village, 2.2 km)",cpcb_27,False,,,1,0,agricultural_burn,0.987
8.23612,80.1665,338.29,0.5,0.41,2026-09-06,756,N,VIIRS,l,2.0NRT,299.55,6.0,D,149.89943807249588,industrial,Arkay Energy (Rameswaram) Ltd,cpcb_verified,9.2876,79.3129,cpcb_27,Arkay Energy (Rameswaram) Ltd,Powerplant,2.417019095220655,Maragahawewa,village,False,False,agricultural_burn,"Agricultural cropland near Maragahawewa (village, 2.4 km)",cpcb_27,False,,,1,0,agricultural_burn,0.987
8.25071,80.2575,331.3,0.5,0.41,2026-09-06,756,N,VIIRS,l,2.0NRT,299.64,4.58,D,155.14166352635047,industrial,Arkay Energy (Rameswaram) Ltd,cpcb_verified,9.2876,79.3129,cpcb_27,Arkay Energy (Rameswaram) Ltd,Powerplant,3.737517139780146,Sinharagama,village,False,False,agricultural_burn,"Agricultural cropland near Sinharagama (village, 3.7 km)",cpcb_27,False,,,1,0,agricultural_burn,0.987
8.255,80.25446,334.57,0.5,0.41,2026-09-06,756,N,VIIRS,l,2.0NRT,299.29,4.7,D,154.56324510857723,industrial,Arkay Energy (Rameswaram) Ltd,cpcb_verified,9.2876,79.3129,cpcb_27,Arkay Energy (Rameswaram) Ltd,Powerplant,3.2529394087650103,Sinharagama,village,False,False,agricultural_burn,"Agricultural cropland near Sinharagama (village, 3.3 km)",cpcb_27,False,,,1,0,agricultural_burn,0.987
8.25819,80.25628,337.49,0.5,0.41,2026-09-06,756,N,VIIRS,l,2.0NRT,299.47,8.63,D,154.43382242574825,industrial,Arkay Energy (Rameswaram) Ltd,cpcb_verified,9.2876,79.3129,cpcb_27,Arkay Energy (Rameswaram) Ltd,Powerplant,2.8996388163107083,Sinharagama,village,False,False,agricultural_burn,"Agricultural cropland near Sinharagama (village, 2.9 km)",cpcb_27,False,,,1,0,agricultural_burn,0.987
8.26466,80.15013,332.6,0.5,0.41,2026-09-06,756,N,VIIRS,l,2.0NRT,295.15,1.55,D,146.29733288046629,industrial,Arkay Energy (Rameswaram) Ltd,cpcb_verified,9.2876,79.3129,cpcb_27,Arkay Energy (Rameswaram) Ltd,Powerplant,0.7204841982099541,Horuvila,village,False,False,agricultural_burn,"Agricultural cropland near Horuvila (village, 0.7 km)",cpcb_27,False,,,1,0,agricultural_burn,0.987
8.26842,80.14952,346.01,0.5,0.41,2026-09-06,756,N,VIIRS,n,2.0NRT,297.91,10.91,D,145.92997509732507,industrial,Arkay Energy (Rameswaram) Ltd,cpcb_verified,9.2876,79.3129,cpcb_27,Arkay Energy (Rameswaram) Ltd,Powerplant,0.3228757469053958,Horuvila,village,False,False,agricultural_burn,"Agricultural cropland near Horuvila (village, 0.3 km)",cpcb_27,False,,,1,1,agricultural_burn,0.987
8.29321,80.18297,340.21,0.5,0.41,2026-09-06,756,N,VIIRS,n,2.0NRT,298.89,9.1,D,146.17517432203374,industrial,Arkay Energy (Rameswaram) Ltd,cpcb_verified,9.2876,79.3129,cpcb_27,Arkay Energy (Rameswaram) Ltd,Powerplant,3.995455537504721,Hunuwilagama,village,False,False,agricultural_burn,"Agricultural cropland near Hunuwilagama (village, 4.0 km)",cpcb_27,False,,,1,1,agricultural_burn,0.987
8.36934,80.17639,338.25,0.5,0.41,2026-09-06,756,N,VIIRS,l,2.0NRT,294.62,12.84,D,139.38168959373198,industrial,Arkay Energy (Rameswaram) Ltd,cpcb_verified,9.2876,79.3129,cpcb_27,Arkay Energy (Rameswaram) Ltd,Powerplant,1.8344081766959084,Kukulkatuwa,village,False,False,agricultural_burn,"Agricultural cropland near Kukulkatuwa (village, 1.8 km)",cpcb_27,False,,,1,0,agricultural_burn,0.987
8.42356,80.34282,332.46,0.49,0.4,2026-09-06,756,N,VIIRS,n,2.0NRT,297.82,4.74,D,148.44170283417634,industrial,Arkay Energy (Rameswaram) Ltd,cpcb_verified,9.2876,79.3129,cpcb_27,Arkay Energy (Rameswaram) Ltd,Powerplant,6.354461093733124,Puwarasankulama,village,False,False,scrub_biomass_burn,Rural scrubland / open biomass near Puwarasankulama (6.4 km),cpcb_27,False,,,1,1,scrub_biomass_burn,0.983
8.4977,80.24945,349.04,0.49,0.41,2026-09-06,756,N,VIIRS,n,2.0NRT,300.89,15.55,D,135.2787171672651,industrial,Arkay Energy (Rameswaram) Ltd,cpcb_verified,9.2876,79.3129,cpcb_27,Arkay Energy (Rameswaram) Ltd,Powerplant,1.814106685433532,Thuppitiyawa,village,False,False,agricultural_burn,"Agricultural cropland near Thuppitiyawa (village, 1.8 km)",cpcb_27,False,,,1,1,agricultural_burn,0.987
8.50974,80.18266,335.74,0.5,0.41,2026-09-06,756,N,VIIRS,l,2.0NRT,294.4,23.97,D,128.88230012591868,industrial,Arkay Energy (Rameswaram) Ltd,cpcb_verified,9.2876,79.3129,cpcb_27,Arkay Energy (Rameswaram) Ltd,Powerplant,2.819915129669586,Pemaduwa,town,False,False,scrub_biomass_burn,Rural scrubland / open biomass near Pemaduwa (2.8 km),cpcb_27,False,,,1,0,scrub_biomass_burn,0.976
8.64313,78.06151,334.8,0.44,0.46,2026-09-06,756,N,VIIRS,n,2.0NRT,298.2,3.63,D,15.688483816273152,industrial,Coastal Energen Power Ltd,cpcb_verified,8.7642,78.1348,cpcb_25,Sterlite Industries (India) Ltd - Copper Smelter,Copper,1.7378001696998089,Mukkani,village,False,False,agricultural_burn,"Agricultural cropland near Mukkani (village, 1.7 km)",cpcb_25,False,,,1,1,agricultural_burn,0.984
8.64496,78.06096,334.28,0.44,0.46,2026-09-06,756,N,VIIRS,n,2.0NRT,298.39,3.84,D,15.545687830431833,industrial,Coastal Energen Power Ltd,cpcb_verified,8.7642,78.1348,cpcb_25,Sterlite Industries (India) Ltd - Copper Smelter,Copper,1.901440967977979,Mukkani,village,False,False,agricultural_burn,"Agricultural cropland near Mukkani (village, 1.9 km)",cpcb_25,False,,,1,1,agricultural_burn,0.984
8.69569,77.7998,344.6,0.46,0.47,2026-09-06,756,N,VIIRS,n,2.0NRT,299.54,12.9,D,26.166387138500564,industrial,IND Barath Thermal Power Ltd,cpcb_verified,8.8894,77.935,cpcb_13,IND Barath Thermal Power Ltd,Powerplant,2.743513875185814,Uthamapandiankulam,village,False,False,agricultural_burn,"Agricultural cropland near Uthamapandiankulam (village, 2.7 km)",cpcb_13,False,,,1,1,agricultural_burn,0.985
8.75129,77.44485,343.06,0.48,0.48,2026-09-06,756,N,VIIRS,n,2.0NRT,299.3,6.9,D,4.714094282002566,industrial,Empee Sugars and Chemicals Ltd,cpcb_verified,8.7089,77.4442,cpcb_38,Empee Sugars and Chemicals Ltd,Sugar,1.3786862280031775,Adaichani,village,False,False,agricultural_burn,"Agricultural cropland near Adaichani (village, 1.4 km)",cpcb_38,False,,,1,1,agricultural_burn,0.979
9.21651,80.32494,334.09,0.48,0.4,2026-09-06,756,N,VIIRS,l,2.0NRT,297.82,8.53,D,111.35061188012432,industrial,Arkay Energy (Rameswaram) Ltd,cpcb_verified,9.2876,79.3129,cpcb_27,Arkay Energy (Rameswaram) Ltd,Powerplant,0.3285235201297292,Iyankankulam,village,False,False,agricultural_burn,"Agricultural cropland near Iyankankulam (village, 0.3 km)",cpcb_27,False,,,1,0,agricultural_burn,0.987
9.23311,78.75137,337.36,0.39,0.44,2026-09-06,756,N,VIIRS,n,2.0NRT,297.91,2.59,D,17.465089248890532,industrial,Coromandel Electric Company Ltd,cpcb_verified,9.3639,78.8395,cpcb_24,Pioneer Power Ltd,Powerplant,0.122611295677166,Chinna Mayakulam,village,False,False,agricultural_burn,"Agricultural cropland near Chinna Mayakulam (village, 0.1 km)",cpcb_24,False,,,1,1,agricultural_burn,0.987
9.37995,80.32283,337.54,0.48,0.4,2026-09-06,756,N,VIIRS,n,2.0NRT,298.09,8.4,D,111.2870178713076,industrial,Arkay Energy (Rameswaram) Ltd,cpcb_verified,9.2876,79.3129,cpcb_27,Arkay Energy (Rameswaram) Ltd,Powerplant,1.9238774590946195,Konavil,village,False,False,agricultural_burn,"Agricultural cropland near Konavil (village, 1.9 km)",cpcb_27,False,,,1,1,agricultural_burn,0.987
9.69221,77.82102,340.85,0.44,0.46,2026-09-06,756,N,VIIRS,n,2.0NRT,294.22,4.64,D,24.82493523939045,industrial,unnamed,tn_central,9.5822502,78.0181003,751731783,,,1.8968684919409493,M. Subbulapuram,village,False,False,agricultural_burn,"Agricultural cropland near M. Subbulapuram (village, 1.9 km)",751731783,False,,,1,1,agricultural_burn,0.986
9.78295,77.51691,340.9,0.46,0.47,2026-09-06,756,N,VIIRS,n,2.0NRT,289.11,10.03,D,55.29044546798731,industrial,Vadapalanji IT SEZ,tn_central,9.9312285,77.9986372,1034798587,,,0.6815267397282373,Mayiladumparai,village,False,False,agricultural_burn,"Agricultural cropland near Mayiladumparai (village, 0.7 km)",1034798587,False,,,1,1,agricultural_burn,0.987
11.19149,79.82079,338.01,0.48,0.4,2026-09-06,756,N,VIIRS,n,2.0NRT,293.68,6.32,D,20.640823789759143,industrial,N.P.K.R. Ramasamy Co-op Sugar Mills,cpcb_verified,11.1017,79.6552,cpcb_31,Sahali Exports Pvt Ltd (Biomass),Powerplant,0.7805504599266068,Embavai,village,False,False,agricultural_burn,"Agricultural cropland near Embavai (village, 0.8 km)",cpcb_31,False,,,1,1,agricultural_burn,0.986
11.73491,76.77407,338.02,0.48,0.48,2026-09-06,756,N,VIIRS,n,2.0NRT,295.97,6.41,D,111.8824366118597,industrial,Madras Aluminium Company Ltd (MALCO),cpcb_verified,11.788,77.8004,cpcb_0,Madras Aluminium Company Ltd (MALCO),Aluminium,1.1862341485093262,Daribeguru,village,False,False,agricultural_burn,"Agricultural cropland near Daribeguru (village, 1.2 km)",cpcb_0,False,,,1,1,agricultural_burn,0.987
13.39207,80.103,304.24,0.4,0.37,2026-09-06,2029,N,VIIRS,n,2.0NRT,285.54,0.59,N,0.7891151583891247,industrial,unnamed,tn_north,13.3871773,80.1082841,840721285,T.C.P. Limited - Gummidipoondi,Powerplant,3.781086150002592,Gummidipoondi,town,False,False,industrial_fire,Industrial facility (Industrial facility),840721285,False,1.5444444444444445,1.0770690682485398,0,1,industrial_fire,0.985
13.39294,80.0768,307.2,0.4,0.37,2026-09-06,2029,N,VIIRS,n,2.0NRT,281.93,0.57,N,0.0622350863034685,industrial,unnamed,tn_north,13.3934322,80.0770739,840721279,T.C.P. Limited - Gummidipoondi,Powerplant,6.047579497126131,Gummidipoondi,town,False,False,industrial_fire,Industrial facility (Industrial facility),840721279,False,1.46,1.324889932535278,0,1,industrial_fire,0.985
10.44463,77.50969,308.74,0.39,0.36,2026-09-06,2032,N,VIIRS,n,2.0NRT,290.41,0.44,N,32.586777539191026,industrial,Amaravathy Co-Op Sugar Mills (Distillery),cpcb_verified,10.5876,77.2495,cpcb_4,Amaravathy Co-Op Sugar Mills (Distillery),Distillery,0.9405190810071454,Adivaram,suburb,False,False,urban_commercial_fire,Urban / Commercial area (Adivaram),cpcb_4,False,,,0,1,urban_commercial_fire,0.978
10.61761,77.42153,304.96,0.39,0.36,2026-09-06,2032,N,VIIRS,n,2.0NRT,292.05,0.67,N,19.0960954061301,industrial,Amaravathy Co-Op Sugar Mills (Distillery),cpcb_verified,10.5876,77.2495,cpcb_4,Amaravathy Co-Op Sugar Mills (Distillery),Distillery,4.959339587828915,Kaniyur,village,False,False,agricultural_burn,"Agricultural cropland near Kaniyur (village, 5.0 km)",cpcb_4,False,,,0,1,agricultural_burn,0.976
10.90913,77.41766,305.74,0.39,0.36,2026-09-06,2032,N,VIIRS,n,2.0NRT,292.29,0.84,N,40.19596223485727,industrial,Amaravathy Co-Op Sugar Mills (Distillery),cpcb_verified,10.5876,77.2495,cpcb_4,Amaravathy Co-Op Sugar Mills (Distillery),Distillery,4.339771337713167,Koduvai,town,False,False,scrub_biomass_burn,Rural scrubland / open biomass near Koduvai (4.3 km),cpcb_4,False,,,0,1,scrub_biomass_burn,0.976
11.72184,76.97085,307.81,0.4,0.37,2026-09-06,2032,N,VIIRS,n,2.0NRT,275.69,1.32,N,90.60636784858448,industrial,Madras Aluminium Company Ltd (MALCO),cpcb_verified,11.788,77.8004,cpcb_0,Madras Aluminium Company Ltd (MALCO),Aluminium,5.279158002826972,Chikkahalli,village,False,False,scrub_biomass_burn,Rural scrubland / open biomass near Chikkahalli (5.3 km),cpcb_0,False,,,0,1,scrub_biomass_burn,0.972
8.02418,80.36,331.59,0.33,0.55,2026-09-07,735,N,VIIRS,n,2.0NRT,294.65,5.32,D,181.6180240702319,industrial,Arkay Energy (Rameswaram) Ltd,cpcb_verified,9.2876,79.3129,cpcb_27,Arkay Energy (Rameswaram) Ltd,Powerplant,1.4209219718022352,Madinnoruwa,village,False,False,agricultural_burn,"Agricultural cropland near Madinnoruwa (village, 1.4 km)",cpcb_27,False,,,1,1,agricultural_burn,0.987
8.13118,80.02525,340.17,0.35,0.56,2026-09-07,735,N,VIIRS,n,2.0NRT,292.88,5.23,D,150.54891706171605,industrial,Arkay Energy (Rameswaram) Ltd,cpcb_verified,9.2876,79.3129,cpcb_27,Arkay Energy (Rameswaram) Ltd,Powerplant,2.6837296236859607,Pahariya,village,False,False,agricultural_burn,"Agricultural cropland near Pahariya (village, 2.7 km)",cpcb_27,False,,,1,1,agricultural_burn,0.987
8.13301,80.09626,331.97,0.34,0.56,2026-09-07,735,N,VIIRS,n,2.0NRT,291.48,6.31,D,154.5823745185232,industrial,Arkay Energy (Rameswaram) Ltd,cpcb_verified,9.2876,79.3129,cpcb_27,Arkay Energy (Rameswaram) Ltd,Powerplant,2.5140965891670337,Kumbukwewa,village,False,False,agricultural_burn,"Agricultural cropland near Kumbukwewa (village, 2.5 km)",cpcb_27,False,,,1,1,agricultural_burn,0.987
8.19346,80.10268,351.75,0.34,0.56,2026-09-07,735,N,VIIRS,n,2.0NRT,292.84,5.18,D,149.45157152809062,industrial,Arkay Energy (Rameswaram) Ltd,cpcb_verified,9.2876,79.3129,cpcb_27,Arkay Energy (Rameswaram) Ltd,Powerplant,1.293060151130634,Saliyawewa,town,False,False,urban_commercial_fire,Urban / Commercial area (Saliyawewa),cpcb_27,False,,,1,1,urban_commercial_fire,0.982
8.25063,80.33293,349.05,0.33,0.55,2026-09-07,735,N,VIIRS,n,2.0NRT,294.46,3.86,D,160.81244208955167,industrial,Arkay Energy (Rameswaram) Ltd,cpcb_verified,9.2876,79.3129,cpcb_27,Arkay Energy (Rameswaram) Ltd,Powerplant,2.489911193042765,Talawa,village,False,False,agricultural_burn,"Agricultural cropland near Talawa (village, 2.5 km)",cpcb_27,False,,,1,1,agricultural_burn,0.987
8.26096,80.12309,343.55,0.34,0.56,2026-09-07,735,N,VIIRS,n,2.0NRT,290.9,3.68,D,144.7715610529906,industrial,Arkay Energy (Rameswaram) Ltd,cpcb_verified,9.2876,79.3129,cpcb_27,Arkay Energy (Rameswaram) Ltd,Powerplant,2.9094618727491355,Horuvila,village,False,False,agricultural_burn,"Agricultural cropland near Horuvila (village, 2.9 km)",cpcb_27,False,,,1,1,agricultural_burn,0.987
8.33283,80.27589,341.44,0.33,0.55,2026-09-07,735,N,VIIRS,n,2.0NRT,292.58,3.14,D,149.8929963724533,industrial,Arkay Energy (Rameswaram) Ltd,cpcb_verified,9.2876,79.3129,cpcb_27,Arkay Energy (Rameswaram) Ltd,Powerplant,4.5796855028179815,Mahalindawewa,village,False,False,agricultural_burn,"Agricultural cropland near Mahalindawewa (village, 4.6 km)",cpcb_27,False,,,1,1,agricultural_burn,0.987
8.33792,80.27499,331.57,0.33,0.55,2026-09-07,735,N,VIIRS,n,2.0NRT,291.07,3.14,D,149.4221706812415,industrial,Arkay Energy (Rameswaram) Ltd,cpcb_verified,9.2876,79.3129,cpcb_27,Arkay Energy (Rameswaram) Ltd,Powerplant,4.009412482647416,Mahalindawewa,village,False,False,agricultural_burn,"Agricultural cropland near Mahalindawewa (village, 4.0 km)",cpcb_27,False,,,1,1,agricultural_burn,0.987
8.38897,80.20666,341.05,0.33,0.56,2026-09-07,735,N,VIIRS,n,2.0NRT,294.14,3.5,D,140.09977191415035,industrial,Arkay Energy (Rameswaram) Ltd,cpcb_verified,9.2876,79.3129,cpcb_27,Arkay Energy (Rameswaram) Ltd,Powerplant,2.5867262466146115,Dunumadalawa,village,False,False,agricultural_burn,"Agricultural cropland near Dunumadalawa (village, 2.6 km)",cpcb_27,False,,,1,1,agricultural_burn,0.987
8.3895,80.2097,367.0,0.33,0.56,2026-09-07,735,N,VIIRS,h,2.0NRT,295.34,9.34,D,140.29209032267428,industrial,Arkay Energy (Rameswaram) Ltd,cpcb_verified,9.2876,79.3129,cpcb_27,Arkay Energy (Rameswaram) Ltd,Powerplant,2.487020758937041,Dunumadalawa,village,False,False,agricultural_burn,"Agricultural cropland near Dunumadalawa (village, 2.5 km)",cpcb_27,False,,,1,2,agricultural_burn,0.987
8.43057,80.38477,331.9,0.32,0.55,2026-09-07,735,N,VIIRS,n,2.0NRT,289.74,1.88,D,151.49195141520866,industrial,Arkay Energy (Rameswaram) Ltd,cpcb_verified,9.2876,79.3129,cpcb_27,Arkay Energy (Rameswaram) Ltd,Powerplant,1.7554294693462082,Puwarasankulama,village,False,False,agricultural_burn,"Agricultural cropland near Puwarasankulama (village, 1.8 km)",cpcb_27,False,,,1,1,agricultural_burn,0.987
8.43337,80.38214,332.28,0.32,0.55,2026-09-07,735,N,VIIRS,n,2.0NRT,292.88,2.14,D,151.07114858021177,industrial,Arkay Energy (Rameswaram) Ltd,cpcb_verified,9.2876,79.3129,cpcb_27,Arkay Energy (Rameswaram) Ltd,Powerplant,1.8961564324747664,Puwarasankulama,village,False,False,agricultural_burn,"Agricultural cropland near Puwarasankulama (village, 1.9 km)",cpcb_27,False,,,1,1,agricultural_burn,0.987
8.45209,80.22456,332.12,0.33,0.55,2026-09-07,735,N,VIIRS,n,2.0NRT,293.52,2.13,D,136.61261232122874,industrial,Arkay Energy (Rameswaram) Ltd,cpcb_verified,9.2876,79.3129,cpcb_27,Arkay Energy (Rameswaram) Ltd,Powerplant,3.9015719376264313,Helambawewa,village,False,False,agricultural_burn,"Agricultural cropland near Helambawewa (village, 3.9 km)",cpcb_27,False,,,1,1,agricultural_burn,0.987
8.48152,80.33078,330.11,0.33,0.55,2026-09-07,735,N,VIIRS,n,2.0NRT,293.36,3.22,D,143.31264063805952,industrial,Arkay Energy (Rameswaram) Ltd,cpcb_verified,9.2876,79.3129,cpcb_27,Arkay Energy (Rameswaram) Ltd,Powerplant,5.80195526107767,Gambirigaswewa,village,False,False,scrub_biomass_burn,Rural scrubland / open biomass near Gambirigaswewa (5.8 km),cpcb_27,False,,,1,1,scrub_biomass_burn,0.983
8.50991,80.16398,330.11,0.33,0.56,2026-09-07,735,N,VIIRS,n,2.0NRT,291.81,1.9,D,127.35555089072668,industrial,Arkay Energy (Rameswaram) Ltd,cpcb_verified,9.2876,79.3129,cpcb_27,Arkay Energy (Rameswaram) Ltd,Powerplant,1.0646688053947062,Mannaram Handiya,village,False,False,agricultural_burn,"Agricultural cropland near Mannaram Handiya (village, 1.1 km)",cpcb_27,False,,,1,1,agricultural_burn,0.987
8.51254,80.16476,338.1,0.33,0.56,2026-09-07,735,N,VIIRS,n,2.0NRT,290.38,2.89,D,127.219935499437,industrial,Arkay Energy (Rameswaram) Ltd,cpcb_verified,9.2876,79.3129,cpcb_27,Arkay Energy (Rameswaram) Ltd,Powerplant,1.11047088378425,Mannaram Handiya,village,False,False,agricultural_burn,"Agricultural cropland near Mannaram Handiya (village, 1.1 km)",cpcb_27,False,,,1,1,agricultural_burn,0.987
9.17599,77.52721,333.26,0.49,0.65,2026-09-07,737,N,VIIRS,n,2.0NRT,288.8,2.66,D,52.732333633168906,industrial,Empee Sugars and Chemicals Ltd,cpcb_verified,8.7089,77.4442,cpcb_38,Empee Sugars and Chemicals Ltd,Sugar,1.1113286407624878,Sankarankovil,town,False,False,urban_commercial_fire,Urban / Commercial area (Sankarankovil),cpcb_38,False,,,1,1,urban_commercial_fire,0.984
9.55967,78.24466,336.71,0.43,0.62,2026-09-07,737,N,VIIRS,n,2.0NRT,293.64,2.76,D,4.578551564324177,industrial,Tiruchuli,tn_central,9.5221996,78.2273494,590858788,,,5.05244223252102,Udaiyananpatti,village,False,False,scrub_biomass_burn,Rural scrubland / open biomass near Udaiyananpatti (5.1 km),590858788,False,3.54,1.4400000000000002,1,1,scrub_biomass_burn,0.975
10.1291,79.13102,332.12,0.37,0.58,2026-09-07,737,N,VIIRS,n,2.0NRT,295.76,5.25,D,22.89725731716022,industrial,unnamed,tn_central,10.2527046,78.9636835,542622910,,,0.3849820331136377,Edaiyathur,village,False,False,agricultural_burn,"Agricultural cropland near Edaiyathur (village, 0.4 km)",542622910,False,,,1,1,agricultural_burn,0.986
10.65692,77.37951,330.62,0.47,0.64,2026-09-07,737,N,VIIRS,n,2.0NRT,298.11,4.96,D,16.16482495954524,industrial,Amaravathy Co-Op Sugar Mills (Distillery),cpcb_verified,10.5876,77.2495,cpcb_4,Amaravathy Co-Op Sugar Mills (Distillery),Distillery,3.4895321346274257,Karatholuvu,village,False,False,agricultural_burn,"Agricultural cropland near Karatholuvu (village, 3.5 km)",cpcb_4,False,,,1,1,agricultural_burn,0.985
10.76486,79.56414,335.07,0.34,0.56,2026-09-07,737,N,VIIRS,n,2.0NRT,295.31,4.29,D,3.483563453431458,industrial,unnamed,tn_central,10.7543883,79.5941949,651570455,,,1.7120005257948845,Keelaparuthiyur,village,False,False,agricultural_burn,"Agricultural cropland near Keelaparuthiyur (village, 1.7 km)",651570455,False,,,1,1,agricultural_burn,0.986
12.62981,79.35361,333.59,0.32,0.55,2026-09-07,737,N,VIIRS,n,2.0NRT,297.1,2.88,D,7.43031406241134,industrial,unnamed,tn_north,12.6671547,79.2968187,178495073,,,2.134944598835673,Paracheri,village,False,False,agricultural_burn,"Agricultural cropland near Paracheri (village, 2.1 km)",178495073,False,,,1,1,agricultural_burn,0.986
13.29172,78.11819,330.13,0.38,0.59,2026-09-07,737,N,VIIRS,l,2.0NRT,304.36,2.95,D,68.9798355182777,industrial,Sanmar Speciality Chemicals Ltd,cpcb_verified,12.7409,77.8253,cpcb_12,Sanmar Speciality Chemicals Ltd,Pharma,0.8204895054621418,Ternahalli,village,False,False,agricultural_burn,"Agricultural cropland near Ternahalli (village, 0.8 km)",cpcb_12,False,,,1,0,agricultural_burn,0.986
13.33688,77.90711,341.01,0.39,0.59,2026-09-07,737,N,VIIRS,n,2.0NRT,304.06,4.79,D,66.85990111181992,industrial,Sanmar Speciality Chemicals Ltd,cpcb_verified,12.7409,77.8253,cpcb_12,Sanmar Speciality Chemicals Ltd,Pharma,1.5373156719194592,Sorakayalahalli,village,False,False,agricultural_burn,"Agricultural cropland near Sorakayalahalli (village, 1.5 km)",cpcb_12,False,,,1,1,agricultural_burn,0.987
13.39129,78.55532,336.72,0.35,0.57,2026-09-07,737,N,VIIRS,n,2.0NRT,298.92,2.84,D,52.90141607383995,industrial,unnamed,tn_north,13.3195981,79.0387143,1264681434,,,0.4149877988613619,Lekeshapuram,village,False,False,agricultural_burn,"Agricultural cropland near Lekeshapuram (village, 0.4 km)",1264681434,False,,,1,1,agricultural_burn,0.987
13.39136,78.55396,346.49,0.35,0.57,2026-09-07,737,N,VIIRS,n,2.0NRT,299.5,1.87,D,53.04803855239174,industrial,unnamed,tn_north,13.3195981,79.0387143,1264681434,,,0.5543564778040334,Lekeshapuram,village,False,False,agricultural_burn,"Agricultural cropland near Lekeshapuram (village, 0.6 km)",1264681434,False,,,1,1,agricultural_burn,0.986
10.61566,77.41953,310.47,0.41,0.45,2026-09-07,2012,N,VIIRS,n,2.0NRT,293.93,0.66,N,18.84384944157545,industrial,Amaravathy Co-Op Sugar Mills (Distillery),cpcb_verified,10.5876,77.2495,cpcb_4,Amaravathy Co-Op Sugar Mills (Distillery),Distillery,4.692863918093074,Kaniyur,village,False,False,agricultural_burn,"Agricultural cropland near Kaniyur (village, 4.7 km)",cpcb_4,False,,,0,1,agricultural_burn,0.986
10.82689,78.8291,313.7,0.51,0.41,2026-09-07,2012,N,VIIRS,n,2.0NRT,294.42,2.11,N,4.4966331722928965,industrial,unnamed,tn_central,10.8669771,78.8345216,464925382,,,0.9427059846137174,Kallanai,village,False,False,agricultural_burn,"Agricultural cropland near Kallanai (village, 0.9 km)",464925382,False,,,0,1,agricultural_burn,0.983
11.26702,80.00352,321.1,0.45,0.39,2026-09-07,2012,N,VIIRS,n,2.0NRT,293.9,1.08,N,39.79192142066512,industrial,IL&FS Tamil Nadu Thermal Power Station,tn_central,11.5261596,79.7517592,645959123,,,17.742475034428068,Tirumullaivasal,village,False,False,scrub_biomass_burn,Rural scrubland / open biomass near Tirumullaivasal (17.7 km),645959123,False,,,0,1,scrub_biomass_burn,0.983
11.76615,76.94112,305.83,0.46,0.47,2026-09-07,2012,N,VIIRS,n,2.0NRT,290.12,0.87,N,93.56772937024355,industrial,Madras Aluminium Company Ltd (MALCO),cpcb_verified,11.788,77.8004,cpcb_0,Madras Aluminium Company Ltd (MALCO),Aluminium,0.4961913776444923,Mettlavadi,village,False,False,agricultural_burn,"Agricultural cropland near Mettlavadi (village, 0.5 km)",cpcb_0,False,,,0,1,agricultural_burn,0.987
11.77049,76.9417,304.84,0.46,0.47,2026-09-07,2012,N,VIIRS,n,2.0NRT,290.95,0.87,N,93.4925827478241,industrial,Madras Aluminium Company Ltd (MALCO),cpcb_verified,11.788,77.8004,cpcb_0,Madras Aluminium Company Ltd (MALCO),Aluminium,0.0323362322527616,Mettlavadi,village,False,False,agricultural_burn,"Agricultural cropland near Mettlavadi (village, 0.0 km)",cpcb_0,False,,,0,1,agricultural_burn,0.987
11.81668,77.91529,307.02,0.4,0.44,2026-09-07,2012,N,VIIRS,n,2.0NRT,294.26,1.54,N,12.905340975880822,industrial,Madras Aluminium Company Ltd (MALCO),cpcb_verified,11.788,77.8004,cpcb_0,Madras Aluminium Company Ltd (MALCO),Aluminium,0.9349368070074644,Kukkalpatti,village,False,False,agricultural_burn,"Agricultural cropland near Kukkalpatti (village, 0.9 km)",cpcb_0,False,,,0,1,agricultural_burn,0.987
12.09401,76.79564,301.72,0.47,0.48,2026-09-07,2012,N,VIIRS,n,2.0NRT,290.69,0.55,N,114.480194179421,industrial,Madras Aluminium Company Ltd (MALCO),cpcb_verified,11.788,77.8004,cpcb_0,Madras Aluminium Company Ltd (MALCO),Aluminium,1.29989918538047,Thagaduru,village,False,False,agricultural_burn,"Agricultural cropland near Thagaduru (village, 1.3 km)",cpcb_0,False,,,0,1,agricultural_burn,0.987
12.09417,76.79395,302.15,0.47,0.48,2026-09-07,2012,N,VIIRS,n,2.0NRT,290.74,0.63,N,114.66100095215258,industrial,Madras Aluminium Company Ltd (MALCO),cpcb_verified,11.788,77.8004,cpcb_0,Madras Aluminium Company Ltd (MALCO),Aluminium,1.4812413555980115,Thagaduru,village,False,False,agricultural_burn,"Agricultural cropland near Thagaduru (village, 1.5 km)",cpcb_0,False,,,0,1,agricultural_burn,0.987
12.09841,76.79625,302.32,0.47,0.48,2026-09-07,2012,N,VIIRS,n,2.0NRT,290.88,0.49,N,114.5624380977306,industrial,Madras Aluminium Company Ltd (MALCO),cpcb_verified,11.788,77.8004,cpcb_0,Madras Aluminium Company Ltd (MALCO),Aluminium,1.27635592531205,Thagaduru,village,False,False,agricultural_burn,"Agricultural cropland near Thagaduru (village, 1.3 km)",cpcb_0,False,,,0,1,agricultural_burn,0.987
12.09858,76.79456,305.69,0.47,0.48,2026-09-07,2012,N,VIIRS,n,2.0NRT,290.83,0.66,N,114.74341470501824,industrial,Madras Aluminium Company Ltd (MALCO),cpcb_verified,11.788,77.8004,cpcb_0,Madras Aluminium Company Ltd (MALCO),Aluminium,1.4585186780970976,Thagaduru,village,False,False,agricultural_burn,"Agricultural cropland near Thagaduru (village, 1.5 km)",cpcb_0,False,,,0,1,agricultural_burn,0.987
12.74417,77.6196,306.6,0.42,0.46,2026-09-07,2012,N,VIIRS,n,2.0NRT,290.3,0.82,N,22.312426149261835,industrial,Sanmar Speciality Chemicals Ltd,cpcb_verified,12.7409,77.8253,cpcb_12,Sanmar Speciality Chemicals Ltd,Pharma,1.2153618357451217,Krishnadoddi,village,False,False,agricultural_burn,"Agricultural cropland near Krishnadoddi (village, 1.2 km)",cpcb_12,False,,,0,1,agricultural_burn,0.987
8.29047,80.20461,309.31,0.42,0.37,2026-09-07,2014,N,VIIRS,n,2.0NRT,292.58,1.76,N,147.96988563318865,industrial,Arkay Energy (Rameswaram) Ltd,cpcb_verified,9.2876,79.3129,cpcb_27,Arkay Energy (Rameswaram) Ltd,Powerplant,3.0125345759463515,Nochchiyagama,town,False,False,scrub_biomass_burn,Rural scrubland / open biomass near Nochchiyagama (3.0 km),cpcb_27,False,,,0,1,scrub_biomass_burn,0.97
10.41876,79.25484,335.8,0.74,0.76,2026-09-08,718,N,VIIRS,n,2.0NRT,295.51,7.07,D,6.8946008046200005,industrial,Shriram Non-Conventional Energy Ltd,cpcb_verified,10.4256,79.3175,cpcb_17,Shriram Non-Conventional Energy Ltd,Powerplant,1.4599427885650464,Naduvikkotai,village,False,False,agricultural_burn,"Agricultural cropland near Naduvikkotai (village, 1.5 km)",cpcb_17,False,,,1,1,agricultural_burn,0.986
10.42313,79.25229,355.09,0.73,0.76,2026-09-08,718,N,VIIRS,n,2.0NRT,295.22,10.43,D,7.136627173937937,industrial,Shriram Non-Conventional Energy Ltd,cpcb_verified,10.4256,79.3175,cpcb_17,Shriram Non-Conventional Energy Ltd,Powerplant,1.2678872871318347,Naduvikkotai,village,False,False,agricultural_burn,"Agricultural cropland near Naduvikkotai (village, 1.3 km)",cpcb_17,False,,,1,1,agricultural_burn,0.986
10.42577,79.25342,344.95,0.74,0.76,2026-09-08,718,N,VIIRS,n,2.0NRT,295.13,7.07,D,7.007759697389522,industrial,Shriram Non-Conventional Energy Ltd,cpcb_verified,10.4256,79.3175,cpcb_17,Shriram Non-Conventional Energy Ltd,Powerplant,1.0006764162360178,Naduvikkotai,village,False,False,agricultural_burn,"Agricultural cropland near Naduvikkotai (village, 1.0 km)",cpcb_17,False,,,1,1,agricultural_burn,0.986
11.16977,79.58669,330.7,0.68,0.74,2026-09-08,718,N,VIIRS,n,2.0NRT,293.92,5.67,D,8.271487085594899,industrial,Lanco Tanjore Power Plant,tn_central,11.1214883,79.5290129,374825637,,,0.76043077877453,Kesingan,village,False,False,agricultural_burn,"Agricultural cropland near Kesingan (village, 0.8 km)",374825637,False,,,1,1,agricultural_burn,0.987
11.44852,79.55484,331.28,0.67,0.74,2026-09-08,720,N,VIIRS,n,2.0NRT,294.18,6.1,D,0.6759842044422137,industrial,unnamed,tn_central,11.4481361,79.5486497,165199027,,,1.927539572454133,Sethiathoppu,town,False,False,industrial_fire,Industrial facility (Industrial facility),165199027,False,6.1,3.05,1,1,industrial_fire,0.984
11.71798,79.20487,330.28,0.7,0.75,2026-09-08,720,N,VIIRS,n,2.0NRT,294.5,6.98,D,11.8146589292207,industrial,IOCL Asanur,tn_central,11.6130218,79.1879921,1069783572,,,2.6392347975404267,Elavanasur,village,False,False,agricultural_burn,"Agricultural cropland near Elavanasur (village, 2.6 km)",1069783572,False,,,1,1,agricultural_burn,0.985
11.71861,79.20637,333.78,0.7,0.75,2026-09-08,720,N,VIIRS,n,2.0NRT,294.92,4.97,D,11.910220347230574,industrial,IOCL Asanur,tn_central,11.6130218,79.1879921,1069783572,,,2.812178065072572,Elavanasur,village,False,False,agricultural_burn,"Agricultural cropland near Elavanasur (village, 2.8 km)",1069783572,False,,,1,1,agricultural_burn,0.984
11.91456,78.91544,337.28,0.73,0.76,2026-09-08,720,N,VIIRS,n,2.0NRT,294.41,4.43,D,20.02472827837136,industrial,Poompuhar THDC Ltd,tn_central,11.7375173,78.9491263,836478966,,,2.510134105433552,Pandalam,village,True,False,wildfire,Forest / Woodland reserve near Pandalam,836478966,False,,,1,1,wildfire,0.981
8.43047,80.35378,336.38,0.59,0.7,2026-09-08,858,N,VIIRS,n,2.0NRT,290.13,6.95,D,148.86775678729248,industrial,Arkay Energy (Rameswaram) Ltd,cpcb_verified,9.2876,79.3129,cpcb_27,Arkay Energy (Rameswaram) Ltd,Powerplant,5.008520224395085,Puwarasankulama,village,False,False,scrub_biomass_burn,Rural scrubland / open biomass near Puwarasankulama (5.0 km),cpcb_27,False,,,1,1,scrub_biomass_burn,0.975
8.60429,77.96714,337.01,0.41,0.6,2026-09-08,858,N,VIIRS,n,2.0NRT,299.88,2.57,D,25.60870684037413,industrial,Coastal Energen Power Ltd,cpcb_verified,8.7642,78.1348,cpcb_25,Sterlite Industries (India) Ltd - Copper Smelter,Copper,2.214363004016305,Thenthiruperai,village,False,False,agricultural_burn,"Agricultural cropland near Thenthiruperai (village, 2.2 km)",cpcb_25,False,,,1,1,agricultural_burn,0.987
9.09733,77.4617,330.93,0.38,0.59,2026-09-08,858,N,VIIRS,n,2.0NRT,298.6,1.47,D,43.23420881194591,industrial,Empee Sugars and Chemicals Ltd,cpcb_verified,8.7089,77.4442,cpcb_38,Empee Sugars and Chemicals Ltd,Sugar,1.61130545896793,Veerasigamani,village,False,False,agricultural_burn,"Agricultural cropland near Veerasigamani (village, 1.6 km)",cpcb_38,False,,,1,1,agricultural_burn,0.986
9.09777,77.45968,335.17,0.38,0.59,2026-09-08,858,N,VIIRS,n,2.0NRT,298.97,1.46,D,43.27379782507077,industrial,Empee Sugars and Chemicals Ltd,cpcb_verified,8.7089,77.4442,cpcb_38,Empee Sugars and Chemicals Ltd,Sugar,1.4440106234844063,Veerasigamani,village,False,False,agricultural_burn,"Agricultural cropland near Veerasigamani (village, 1.4 km)",cpcb_38,False,,,1,1,agricultural_burn,0.986
9.24284,77.45622,367.0,0.38,0.59,2026-09-08,858,N,VIIRS,h,2.0NRT,300.12,6.7,D,59.38609528172183,industrial,Empee Sugars and Chemicals Ltd,cpcb_verified,8.7089,77.4442,cpcb_38,Empee Sugars and Chemicals Ltd,Sugar,5.06085352105768,Vasudevanallur,village,False,False,scrub_biomass_burn,Rural scrubland / open biomass near Vasudevanallur (5.1 km),cpcb_38,False,,,1,2,scrub_biomass_burn,0.978
9.34336,77.66833,336.37,0.4,0.6,2026-09-08,858,N,VIIRS,n,2.0NRT,301.54,1.47,D,46.66224483301811,industrial,unnamed,tn_central,9.5822502,78.0181003,751731783,,,2.5048019516447297,Alangulam,village,False,False,agricultural_burn,"Agricultural cropland near Alangulam (village, 2.5 km)",751731783,False,,,1,1,agricultural_burn,0.986
9.34557,78.82265,340.93,0.48,0.64,2026-09-08,858,N,VIIRS,n,2.0NRT,294.84,7.49,D,2.75173134375103,industrial,Coromandel Electric Company Ltd,cpcb_verified,9.3639,78.8395,cpcb_24,Pioneer Power Ltd,Powerplant,2.533932435167402,Ramanathapuram,town,False,False,scrub_biomass_burn,Rural scrubland / open biomass near Ramanathapuram (2.5 km),cpcb_24,False,,,1,1,scrub_biomass_burn,0.948
9.3474,77.66602,348.28,0.4,0.6,2026-09-08,858,N,VIIRS,n,2.0NRT,300.93,2.13,D,46.61745944977505,industrial,unnamed,tn_central,9.5822502,78.0181003,751731783,,,2.2117856231522333,Alangulam,village,False,False,agricultural_burn,"Agricultural cropland near Alangulam (village, 2.2 km)",751731783,False,,,1,1,agricultural_burn,0.986
9.34892,77.66765,330.81,0.4,0.6,2026-09-08,858,N,VIIRS,n,2.0NRT,300.21,1.47,D,46.37463059253133,industrial,unnamed,tn_central,9.5822502,78.0181003,751731783,,,1.975544644306958,Alangulam,village,False,False,agricultural_burn,"Agricultural cropland near Alangulam (village, 2.0 km)",751731783,False,,,1,1,agricultural_burn,0.986
9.48111,78.22231,334.78,0.44,0.62,2026-09-08,858,N,VIIRS,n,2.0NRT,297.17,3.12,D,1.0174183107060222,industrial,unnamed,tn_central,9.4896726,78.2255799,743737307,,,3.0180137751099263,Panaiyur,village,False,False,industrial_fire,Industrial facility (Industrial facility),743737307,False,3.12,1.56,1,1,industrial_fire,0.984
9.53493,78.64525,358.03,0.47,0.64,2026-09-08,858,N,VIIRS,n,2.0NRT,293.97,10.55,D,4.004790312500067,industrial,unnamed,tn_central,9.4991424,78.6411443,477564304,,,5.494308741067023,Nainarkovil,village,False,False,scrub_biomass_burn,Rural scrubland / open biomass near Nainarkovil (5.5 km),477564304,False,,,1,1,scrub_biomass_burn,0.977
9.84427,77.43711,333.04,0.39,0.59,2026-09-08,858,N,VIIRS,n,2.0NRT,301.65,1.08,D,62.26684954658751,industrial,Vadapalanji IT SEZ,tn_central,9.9312285,77.9986372,1034798587,,,1.367348200999153,Odaipatti,village,False,False,agricultural_burn,"Agricultural cropland near Odaipatti (village, 1.4 km)",1034798587,False,,,1,1,agricultural_burn,0.986
9.84432,77.43795,330.84,0.39,0.59,2026-09-08,858,N,VIIRS,l,2.0NRT,301.21,2.31,D,62.17508215101535,industrial,Vadapalanji IT SEZ,tn_central,9.9312285,77.9986372,1034798587,,,1.3399408854031802,Odaipatti,village,False,False,agricultural_burn,"Agricultural cropland near Odaipatti (village, 1.3 km)",1034798587,False,,,1,0,agricultural_burn,0.987
10.26803,77.25012,333.67,0.38,0.59,2026-09-08,858,N,VIIRS,n,2.0NRT,300.52,4.37,D,35.53462739302293,industrial,Amaravathy Co-Op Sugar Mills (Distillery),cpcb_verified,10.5876,77.2495,cpcb_4,Amaravathy Co-Op Sugar Mills (Distillery),Distillery,7.09140493839478,Kadavari,village,False,False,scrub_biomass_burn,Rural scrubland / open biomass near Kadavari (7.1 km),cpcb_4,False,,,1,1,scrub_biomass_burn,0.983
10.26851,77.25398,367.0,0.39,0.59,2026-09-08,858,N,VIIRS,h,2.0NRT,303.46,13.47,D,35.484571422997504,industrial,Amaravathy Co-Op Sugar Mills (Distillery),cpcb_verified,10.5876,77.2495,cpcb_4,Amaravathy Co-Op Sugar Mills (Distillery),Distillery,6.900929110646358,Kadavari,village,False,False,scrub_biomass_burn,Rural scrubland / open biomass near Kadavari (6.9 km),cpcb_4,False,,,1,2,scrub_biomass_burn,0.984
10.26912,77.25885,367.0,0.39,0.59,2026-09-08,858,N,VIIRS,h,2.0NRT,303.19,13.47,D,35.42811856535519,industrial,Amaravathy Co-Op Sugar Mills (Distillery),cpcb_verified,10.5876,77.2495,cpcb_4,Amaravathy Co-Op Sugar Mills (Distillery),Distillery,6.692027098884909,Kadavari,village,False,False,scrub_biomass_burn,Rural scrubland / open biomass near Kadavari (6.7 km),cpcb_4,False,,,1,2,scrub_biomass_burn,0.984
10.27382,77.25198,367.0,0.38,0.59,2026-09-08,858,N,VIIRS,h,2.0NRT,306.94,8.66,D,34.891798109191114,industrial,Amaravathy Co-Op Sugar Mills (Distillery),cpcb_verified,10.5876,77.2495,cpcb_4,Amaravathy Co-Op Sugar Mills (Distillery),Distillery,7.5182558339662435,Kadavari,village,False,False,scrub_biomass_burn,Rural scrubland / open biomass near Kadavari (7.5 km),cpcb_4,False,,,1,2,scrub_biomass_burn,0.983
10.27434,77.2561,338.94,0.39,0.59,2026-09-08,858,N,VIIRS,n,2.0NRT,304.77,7.95,D,34.84039951874307,industrial,Amaravathy Co-Op Sugar Mills (Distillery),cpcb_verified,10.5876,77.2495,cpcb_4,Amaravathy Co-Op Sugar Mills (Distillery),Distillery,7.345778943870327,Kadavari,village,False,False,scrub_biomass_burn,Rural scrubland / open biomass near Kadavari (7.3 km),cpcb_4,False,,,1,1,scrub_biomass_burn,0.983
12.06157,77.02383,330.93,0.39,0.6,2026-09-08,900,N,VIIRS,n,2.0NRT,298.73,2.86,D,89.79651341434493,industrial,Madras Aluminium Company Ltd (MALCO),cpcb_verified,11.788,77.8004,cpcb_0,Madras Aluminium Company Ltd (MALCO),Aluminium,1.849979252581992,Yelanduru,town,False,False,urban_commercial_fire,Urban / Commercial area (Yelanduru),cpcb_0,False,,,1,1,urban_commercial_fire,0.983
12.09969,77.06045,331.42,0.4,0.6,2026-09-08,900,N,VIIRS,l,2.0NRT,302.11,3.63,D,87.64139843853548,industrial,Madras Aluminium Company Ltd (MALCO),cpcb_verified,11.788,77.8004,cpcb_0,Madras Aluminium Company Ltd (MALCO),Aluminium,1.9979046996695964,Kinakahalli,village,False,False,agricultural_burn,"Agricultural cropland near Kinakahalli (village, 2.0 km)",cpcb_0,False,,,1,0,agricultural_burn,0.986
12.6018,76.3521,330.43,0.36,0.57,2026-09-08,900,N,VIIRS,n,2.0NRT,297.42,1.17,D,160.56904793576572,industrial,Sanmar Speciality Chemicals Ltd,cpcb_verified,12.7409,77.8253,cpcb_12,Sanmar Speciality Chemicals Ltd,Pharma,0.841404108040795,Chikkabherya,village,False,False,agricultural_burn,"Agricultural cropland near Chikkabherya (village, 0.8 km)",cpcb_12,False,,,1,1,agricultural_burn,0.985
12.68629,79.22961,330.03,0.56,0.69,2026-09-08,900,N,VIIRS,n,2.0NRT,290.8,5.0,D,7.595222170637967,industrial,unnamed,tn_north,12.6671547,79.2968187,178495073,,,0.5577897062129525,Kunnattūr,village,False,False,agricultural_burn,"Agricultural cropland near Kunnattūr (village, 0.6 km)",178495073,False,,,1,1,agricultural_burn,0.986
11.86825,79.20898,308.07,0.33,0.56,2026-09-08,1951,N,VIIRS,n,2.0NRT,291.62,0.69,N,5.249703395735837,industrial,unnamed,tn_central,11.9136152,79.1956187,265038580,,,5.668230157592628,Periyakurukkai village,village,False,False,scrub_biomass_burn,Rural scrubland / open biomass near Periyakurukkai village (5.7 km),265038580,False,,,0,1,scrub_biomass_burn,0.977
11.86972,79.20905,308.67,0.33,0.56,2026-09-08,1951,N,VIIRS,n,2.0NRT,291.66,0.73,N,5.095019423136879,industrial,unnamed,tn_central,11.9136152,79.1956187,265038580,,,5.831776947452452,Periyakurukkai village,village,False,False,scrub_biomass_burn,Rural scrubland / open biomass near Periyakurukkai village (5.8 km),265038580,False,,,0,1,scrub_biomass_burn,0.979
12.69771,76.40362,296.02,0.53,0.67,2026-09-08,1951,N,VIIRS,n,2.0NRT,285.99,2.14,N,154.27886739984086,industrial,Sanmar Speciality Chemicals Ltd,cpcb_verified,12.7409,77.8253,cpcb_12,Sanmar Speciality Chemicals Ltd,Pharma,1.5589934503988918,Manikyanahalli,village,False,False,agricultural_burn,"Agricultural cropland near Manikyanahalli (village, 1.6 km)",cpcb_12,False,,,0,1,agricultural_burn,0.987
8.10951,79.96661,307.71,0.53,0.5,2026-09-08,1953,N,VIIRS,n,2.0NRT,292.32,2.24,N,149.40902734949458,industrial,Arkay Energy (Rameswaram) Ltd,cpcb_verified,9.2876,79.3129,cpcb_27,Arkay Energy (Rameswaram) Ltd,Powerplant,5.806557683705985,Pahariya,village,False,False,scrub_biomass_burn,Rural scrubland / open biomass near Pahariya (5.8 km),cpcb_27,False,,,0,1,scrub_biomass_burn,0.981
9.93439,78.31834,308.55,0.36,0.57,2026-09-08,1953,N,VIIRS,n,2.0NRT,292.76,0.7,N,5.047855394726604,industrial,unnamed,tn_central,9.910556,78.2791168,686727700,,,7.248781121747568,Varichiyur,village,False,False,scrub_biomass_burn,Rural scrubland / open biomass near Varichiyur (7.2 km),686727700,False,,,0,1,scrub_biomass_burn,0.98
10.26213,77.25868,300.67,0.43,0.62,2026-09-08,1953,N,VIIRS,n,2.0NRT,289.55,0.89,N,36.20453431071331,industrial,Amaravathy Co-Op Sugar Mills (Distillery),cpcb_verified,10.5876,77.2495,cpcb_4,Amaravathy Co-Op Sugar Mills (Distillery),Distillery,6.026844875134757,Kadavari,village,False,False,scrub_biomass_burn,Rural scrubland / open biomass near Kadavari (6.0 km),cpcb_4,False,,,0,1,scrub_biomass_burn,0.981
10.39128,79.30709,311.77,0.63,0.54,2026-09-08,1953,N,VIIRS,n,2.0NRT,293.29,2.85,N,3.982413996117338,industrial,Shriram Non-Conventional Energy Ltd,cpcb_verified,10.4256,79.3175,cpcb_17,Shriram Non-Conventional Energy Ltd,Powerplant,0.9088673971601764,Kargavayal,village,False,False,agricultural_burn,"Agricultural cropland near Kargavayal (village, 0.9 km)",cpcb_17,False,,,0,1,agricultural_burn,0.984
8.60875,77.83811,330.12,0.41,0.37,2026-08-30,826,N,VIIRS,n,2.0NRT,284.72,2.3,D,32.973538030114774,industrial,IND Barath Thermal Power Ltd,cpcb_verified,8.8894,77.935,cpcb_13,IND Barath Thermal Power Ltd,Powerplant,3.684733993746712,Puliankulam,village,False,False,agricultural_burn,"Agricultural cropland near Puliankulam (village, 3.7 km)",cpcb_13,False,,,1,1,agricultural_burn,0.986
8.78732,78.01003,339.42,0.42,0.37,2026-08-30,828,N,VIIRS,n,2.0NRT,301.37,4.32,D,13.95029868575973,industrial,Coastal Energen Power Ltd,cpcb_verified,8.7642,78.1348,cpcb_25,Sterlite Industries (India) Ltd - Copper Smelter,Copper,6.6142396453516445,Pudukottai,village,False,False,scrub_biomass_burn,Rural scrubland / open biomass near Pudukottai (6.6 km),cpcb_25,False,,,1,1,scrub_biomass_burn,0.983
8.80542,78.10815,335.36,0.42,0.38,2026-08-30,828,N,VIIRS,n,2.0NRT,296.09,2.62,D,5.439177135235851,industrial,Coastal Energen Power Ltd,cpcb_verified,8.7642,78.1348,cpcb_25,Sterlite Industries (India) Ltd - Copper Smelter,Copper,1.3596338618133426,Madathur,suburb,False,False,urban_commercial_fire,Urban / Commercial area (Madathur),cpcb_25,False,,,1,1,urban_commercial_fire,0.984
8.88687,77.78855,336.67,0.41,0.37,2026-08-30,828,N,VIIRS,n,2.0NRT,297.2,3.0,D,16.09141009658247,industrial,IND Barath Thermal Power Ltd,cpcb_verified,8.8894,77.935,cpcb_13,IND Barath Thermal Power Ltd,Powerplant,3.35604125852139,Gangaikondan,village,False,False,agricultural_burn,"Agricultural cropland near Gangaikondan (village, 3.4 km)",cpcb_13,False,,,1,1,agricultural_burn,0.986
8.91,77.59529,335.65,0.4,0.37,2026-08-30,828,N,VIIRS,n,2.0NRT,296.51,1.37,D,27.850710745618223,industrial,Empee Sugars and Chemicals Ltd,cpcb_verified,8.7089,77.4442,cpcb_38,Empee Sugars and Chemicals Ltd,Sugar,0.5105594474048539,Ukkirankottai,village,False,False,agricultural_burn,"Agricultural cropland near Ukkirankottai (village, 0.5 km)",cpcb_38,False,,,1,1,agricultural_burn,0.985
8.93239,77.96133,333.2,0.42,0.37,2026-08-30,828,N,VIIRS,n,2.0NRT,296.5,2.9,D,5.587227005336309,industrial,IND Barath Thermal Power Ltd,cpcb_verified,8.8894,77.935,cpcb_13,IND Barath Thermal Power Ltd,Powerplant,7.074820012249509,Ottappidaram,town,False,False,scrub_biomass_burn,Rural scrubland / open biomass near Ottappidaram (7.1 km),cpcb_13,False,,,1,1,scrub_biomass_burn,0.983
8.93294,77.9651,349.29,0.42,0.37,2026-08-30,828,N,VIIRS,n,2.0NRT,296.81,2.9,D,5.862832939097553,industrial,IND Barath Thermal Power Ltd,cpcb_verified,8.8894,77.935,cpcb_13,IND Barath Thermal Power Ltd,Powerplant,6.7091521370824285,Ottappidaram,town,False,False,scrub_biomass_burn,Rural scrubland / open biomass near Ottappidaram (6.7 km),cpcb_13,False,,,1,1,scrub_biomass_burn,0.983
9.11369,77.77237,334.29,0.41,0.37,2026-08-30,828,N,VIIRS,n,2.0NRT,298.66,1.37,D,30.67590196752952,industrial,IND Barath Thermal Power Ltd,cpcb_verified,8.8894,77.935,cpcb_13,IND Barath Thermal Power Ltd,Powerplant,5.999317850089315,Mudukkumindanpatti,village,False,False,scrub_biomass_burn,Rural scrubland / open biomass near Mudukkumindanpatti (6.0 km),cpcb_13,False,,,1,1,scrub_biomass_burn,0.982
9.15121,78.32916,331.35,0.43,0.38,2026-08-30,828,N,VIIRS,n,2.0NRT,293.35,1.56,D,39.31402289916517,industrial,unnamed,tn_central,9.4896726,78.2255799,743737307,,,3.318479432921036,Sevalpatti,village,False,False,agricultural_burn,"Agricultural cropland near Sevalpatti (village, 3.3 km)",743737307,False,3.12,1.56,1,1,agricultural_burn,0.987
9.32007,77.4914,333.17,0.4,0.37,2026-08-30,828,N,VIIRS,n,2.0NRT,290.35,2.53,D,64.71038082408823,industrial,unnamed,tn_central,9.5822502,78.0181003,751731783,,,0.895147620626222,Thenmalai,village,False,False,agricultural_burn,"Agricultural cropland near Thenmalai (village, 0.9 km)",751731783,False,,,1,1,agricultural_burn,0.987
9.42778,80.38101,331.15,0.55,0.42,2026-08-30,828,N,VIIRS,n,2.0NRT,292.84,1.83,D,118.2199248832954,industrial,Arkay Energy (Rameswaram) Ltd,cpcb_verified,9.2876,79.3129,cpcb_27,Arkay Energy (Rameswaram) Ltd,Powerplant,0.9369369011149936,Kanesa Puram,village,False,False,agricultural_burn,"Agricultural cropland near Kanesa Puram (village, 0.9 km)",cpcb_27,False,,,1,1,agricultural_burn,0.987
9.44417,77.66956,357.05,0.41,0.37,2026-08-30,828,N,VIIRS,n,2.0NRT,290.55,5.42,D,41.19139097188687,industrial,unnamed,tn_central,9.5822502,78.0181003,751731783,,,1.0172165651784444,Achanthavilthan,village,False,False,agricultural_burn,"Agricultural cropland near Achanthavilthan (village, 1.0 km)",751731783,False,,,1,1,agricultural_burn,0.987
9.44472,77.67329,339.12,0.41,0.37,2026-08-30,828,N,VIIRS,n,2.0NRT,287.31,5.42,D,40.78910486096996,industrial,unnamed,tn_central,9.5822502,78.0181003,751731783,,,1.3070519810032577,Achanthavilthan,village,False,False,agricultural_burn,"Agricultural cropland near Achanthavilthan (village, 1.3 km)",751731783,False,,,1,1,agricultural_burn,0.987
9.49209,77.66238,342.98,0.41,0.37,2026-08-30,828,N,VIIRS,n,2.0NRT,299.79,7.59,D,40.27529099091021,industrial,unnamed,tn_central,9.5822502,78.0181003,751731783,,,0.4217291012945773,Nochikulam,village,False,False,agricultural_burn,"Agricultural cropland near Nochikulam (village, 0.4 km)",751731783,False,,,1,1,agricultural_burn,0.987
9.51278,78.066,343.56,0.42,0.38,2026-08-30,828,N,VIIRS,n,2.0NRT,303.22,10.29,D,4.376757591237678,industrial,unnamed,tn_central,9.5451952,78.0886407,906837193,,,3.334395842995892,Aruppukkottai,town,False,False,scrub_biomass_burn,Rural scrubland / open biomass near Aruppukkottai (3.3 km),906837193,False,,,1,1,scrub_biomass_burn,0.974
9.82619,77.39869,331.44,0.4,0.37,2026-08-30,828,N,VIIRS,l,2.0NRT,303.27,1.05,D,66.75171381451463,industrial,Vadapalanji IT SEZ,tn_central,9.9312285,77.9986372,1034798587,,,2.2802517488356804,Chinnamanur,village,False,False,agricultural_burn,"Agricultural cropland near Chinnamanur (village, 2.3 km)",1034798587,False,,,1,0,agricultural_burn,0.986
9.86126,78.18573,338.34,0.43,0.38,2026-08-30,828,N,VIIRS,n,2.0NRT,303.91,4.18,D,0.6076458356453215,industrial,unnamed,tn_central,9.8585379,78.1905395,726539282,,,1.4850439299965268,Silaiman,village,False,False,industrial_fire,Industrial facility (Industrial facility),726539282,False,4.18,2.09,1,1,industrial_fire,0.985
9.87797,78.03197,336.6,0.42,0.38,2026-08-30,828,N,VIIRS,n,2.0NRT,294.37,1.97,D,1.7244775342987606,industrial,unnamed,tn_central,9.865834,78.0221691,990641679,,,1.9987305453932969,Thirupparankundram,town,False,False,industrial_fire,Industrial facility (Industrial facility),990641679,False,1.97,0.985,1,1,industrial_fire,0.985
10.00316,76.4542,333.81,0.39,0.36,2026-08-30,828,N,VIIRS,n,2.0NRT,298.59,0.94,D,108.5995232757065,industrial,Amaravathy Co-Op Sugar Mills (Distillery),cpcb_verified,10.5876,77.2495,cpcb_4,Amaravathy Co-Op Sugar Mills (Distillery),Distillery,0.3960355800741686,Kadayiruppu,village,False,False,agricultural_burn,"Agricultural cropland near Kadayiruppu (village, 0.4 km)",cpcb_4,False,,,1,1,agricultural_burn,0.985
11.80984,77.21425,335.6,0.41,0.37,2026-08-30,828,N,VIIRS,n,2.0NRT,301.41,61.33,D,63.84599003476837,industrial,Madras Aluminium Company Ltd (MALCO),cpcb_verified,11.788,77.8004,cpcb_0,Madras Aluminium Company Ltd (MALCO),Aluminium,3.458011422072305,Bailuru,village,False,False,agricultural_burn,"Agricultural cropland near Bailuru (village, 3.5 km)",cpcb_0,False,,,1,1,agricultural_burn,0.986
12.07999,76.99017,338.02,0.41,0.37,2026-08-30,828,N,VIIRS,n,2.0NRT,303.8,3.7,D,93.93556967961403,industrial,Madras Aluminium Company Ltd (MALCO),cpcb_verified,11.788,77.8004,cpcb_0,Madras Aluminium Company Ltd (MALCO),Aluminium,2.081664297016396,Kavudavadi,village,False,False,agricultural_burn,"Agricultural cropland near Kavudavadi (village, 2.1 km)",cpcb_0,False,,,1,1,agricultural_burn,0.987
12.48661,76.3177,336.89,0.39,0.37,2026-08-30,828,N,VIIRS,n,2.0NRT,298.79,3.61,D,166.01672126587434,industrial,Sanmar Speciality Chemicals Ltd,cpcb_verified,12.7409,77.8253,cpcb_12,Sanmar Speciality Chemicals Ltd,Pharma,1.306332402128198,Shrirampura,village,False,False,agricultural_burn,"Agricultural cropland near Shrirampura (village, 1.3 km)",cpcb_12,False,,,1,1,agricultural_burn,0.987
12.81456,78.60983,333.07,0.48,0.4,2026-08-30,828,N,VIIRS,n,2.0NRT,291.11,2.64,D,11.799928697174778,industrial,Bachi Shoes India Pvt Ltd (Ambur),cpcb_verified,12.7917,78.7161,cpcb_42,Bachi Shoes India Pvt Ltd (Ambur),Tannery,4.7558706753377455,Peddur,village,False,False,agricultural_burn,"Agricultural cropland near Peddur (village, 4.8 km)",cpcb_42,False,,,1,1,agricultural_burn,0.983
9.67002,77.45597,297.92,0.57,0.52,2026-08-30,2101,N,VIIRS,n,2.0NRT,278.12,0.77,N,62.39394404575901,industrial,unnamed,tn_central,9.5822502,78.0181003,751731783,,,2.0286348257693145,Gandhigramam,village,False,False,agricultural_burn,"Agricultural cropland near Gandhigramam (village, 2.0 km)",751731783,False,,,0,1,agricultural_burn,0.986
11.62482,79.08276,304.91,0.34,0.56,2026-08-30,2101,N,VIIRS,n,2.0NRT,283.7,0.94,N,11.536338957702151,industrial,IOCL Asanur,tn_central,11.6130218,79.1879921,1069783572,,,3.777878595775956,Vadapoondi,village,True,False,wildfire,Forest / Woodland reserve near Vadapoondi,1069783572,False,,,0,1,wildfire,0.977
8.03437,80.19405,338.36,0.39,0.36,2026-08-31,807,N,VIIRS,n,2.0NRT,306.27,6.16,D,169.7087895126397,industrial,Arkay Energy (Rameswaram) Ltd,cpcb_verified,9.2876,79.3129,cpcb_27,Arkay Energy (Rameswaram) Ltd,Powerplant,3.4985432705115382,Wirasurigama,village,False,False,agricultural_burn,"Agricultural cropland near Wirasurigama (village, 3.5 km)",cpcb_27,False,,,1,1,agricultural_burn,0.987
8.08878,80.19277,344.37,0.39,0.36,2026-08-31,807,N,VIIRS,n,2.0NRT,305.52,5.01,D,164.69036684353986,industrial,Arkay Energy (Rameswaram) Ltd,cpcb_verified,9.2876,79.3129,cpcb_27,Arkay Energy (Rameswaram) Ltd,Powerplant,3.092935952219991,Pahala Giribawa,village,False,False,agricultural_burn,"Agricultural cropland near Pahala Giribawa (village, 3.1 km)",cpcb_27,False,,,1,1,agricultural_burn,0.987
8.14198,79.99303,337.81,0.39,0.36,2026-08-31,807,N,VIIRS,n,2.0NRT,303.02,3.1,D,147.70044925640812,industrial,Arkay Energy (Rameswaram) Ltd,cpcb_verified,9.2876,79.3129,cpcb_27,Arkay Energy (Rameswaram) Ltd,Powerplant,4.780397084249287,Pahariya,village,False,False,agricultural_burn,"Agricultural cropland near Pahariya (village, 4.8 km)",cpcb_27,False,,,1,1,agricultural_burn,0.986
8.26829,80.17477,333.76,0.39,0.36,2026-08-31,807,N,VIIRS,l,2.0NRT,308.72,2.7,D,147.7049072701685,industrial,Arkay Energy (Rameswaram) Ltd,cpcb_verified,9.2876,79.3129,cpcb_27,Arkay Energy (Rameswaram) Ltd,Powerplant,2.996065267276937,Horuvila,village,False,False,agricultural_burn,"Agricultural cropland near Horuvila (village, 3.0 km)",cpcb_27,False,,,1,0,agricultural_burn,0.987
8.28108,80.16919,341.22,0.39,0.36,2026-08-31,807,N,VIIRS,n,2.0NRT,309.37,3.83,D,146.22003937360424,industrial,Arkay Energy (Rameswaram) Ltd,cpcb_verified,9.2876,79.3129,cpcb_27,Arkay Energy (Rameswaram) Ltd,Powerplant,2.6386617947789945,Horuvila,village,False,False,agricultural_burn,"Agricultural cropland near Horuvila (village, 2.6 km)",cpcb_27,False,,,1,1,agricultural_burn,0.987
8.29091,80.21081,346.43,0.39,0.36,2026-08-31,807,N,VIIRS,n,2.0NRT,308.56,5.81,D,148.38534984941973,industrial,Arkay Energy (Rameswaram) Ltd,cpcb_verified,9.2876,79.3129,cpcb_27,Arkay Energy (Rameswaram) Ltd,Powerplant,2.990858810816143,Nochchiyagama,town,False,False,scrub_biomass_burn,Rural scrubland / open biomass near Nochchiyagama (3.0 km),cpcb_27,False,,,1,1,scrub_biomass_burn,0.979
8.30053,80.16256,339.1,0.39,0.36,2026-08-31,807,N,VIIRS,n,2.0NRT,308.91,3.66,D,144.09663694042433,industrial,Arkay Energy (Rameswaram) Ltd,cpcb_verified,9.2876,79.3129,cpcb_27,Arkay Energy (Rameswaram) Ltd,Powerplant,1.611002061797908,Hunuwilagama,village,False,False,agricultural_burn,"Agricultural cropland near Hunuwilagama (village, 1.6 km)",cpcb_27,False,,,1,1,agricultural_burn,0.987
8.30774,80.12835,332.31,0.39,0.36,2026-08-31,807,N,VIIRS,l,2.0NRT,306.22,2.95,D,141.06916671167778,industrial,Arkay Energy (Rameswaram) Ltd,cpcb_verified,9.2876,79.3129,cpcb_27,Arkay Energy (Rameswaram) Ltd,Powerplant,2.2401986370462943,Hunuwilagama,village,False,False,agricultural_burn,"Agricultural cropland near Hunuwilagama (village, 2.2 km)",cpcb_27,False,,,1,0,agricultural_burn,0.987
8.31053,80.29387,334.22,0.39,0.36,2026-08-31,807,N,VIIRS,l,2.0NRT,305.49,1.4,D,153.04661289339575,industrial,Arkay Energy (Rameswaram) Ltd,cpcb_verified,9.2876,79.3129,cpcb_27,Arkay Energy (Rameswaram) Ltd,Powerplant,5.161956549646047,Sinharagama,village,False,False,scrub_biomass_burn,Rural scrubland / open biomass near Sinharagama (5.2 km),cpcb_27,False,,,1,0,scrub_biomass_burn,0.978
8.34692,80.20496,336.99,0.39,0.36,2026-08-31,807,N,VIIRS,l,2.0NRT,309.9,3.86,D,143.3480519600719,industrial,Arkay Energy (Rameswaram) Ltd,cpcb_verified,9.2876,79.3129,cpcb_27,Arkay Energy (Rameswaram) Ltd,Powerplant,2.688754212794591,Ittikulama,village,False,False,agricultural_burn,"Agricultural cropland near Ittikulama (village, 2.7 km)",cpcb_27,False,,,1,0,agricultural_burn,0.987
8.34746,80.20847,336.17,0.39,0.36,2026-08-31,807,N,VIIRS,l,2.0NRT,309.73,3.85,D,143.56827135717458,industrial,Arkay Energy (Rameswaram) Ltd,cpcb_verified,9.2876,79.3129,cpcb_27,Arkay Energy (Rameswaram) Ltd,Powerplant,2.843130801374217,Ittikulama,village,False,False,agricultural_burn,"Agricultural cropland near Ittikulama (village, 2.8 km)",cpcb_27,False,,,1,0,agricultural_burn,0.987
8.37858,80.18925,336.53,0.39,0.36,2026-08-31,807,N,VIIRS,l,2.0NRT,308.88,4.28,D,139.60081659753396,industrial,Arkay Energy (Rameswaram) Ltd,cpcb_verified,9.2876,79.3129,cpcb_27,Arkay Energy (Rameswaram) Ltd,Powerplant,1.239239296907833,Ittikulama,village,False,False,agricultural_burn,"Agricultural cropland near Ittikulama (village, 1.2 km)",cpcb_27,False,,,1,0,agricultural_burn,0.987
8.38648,80.15206,334.03,0.39,0.36,2026-08-31,807,N,VIIRS,l,2.0NRT,304.84,4.9,D,136.16598646533612,industrial,Arkay Energy (Rameswaram) Ltd,cpcb_verified,9.2876,79.3129,cpcb_27,Arkay Energy (Rameswaram) Ltd,Powerplant,1.940242798703148,Kukulkatuwa,village,False,False,agricultural_burn,"Agricultural cropland near Kukulkatuwa (village, 1.9 km)",cpcb_27,False,,,1,0,agricultural_burn,0.987
8.38703,80.15557,346.01,0.39,0.36,2026-08-31,807,N,VIIRS,n,2.0NRT,310.23,4.9,D,136.3824630071235,industrial,Arkay Energy (Rameswaram) Ltd,cpcb_verified,9.2876,79.3129,cpcb_27,Arkay Energy (Rameswaram) Ltd,Powerplant,1.864114955787888,Kukulkatuwa,village,False,False,agricultural_burn,"Agricultural cropland near Kukulkatuwa (village, 1.9 km)",cpcb_27,False,,,1,1,agricultural_burn,0.987
8.47334,80.16677,342.12,0.39,0.36,2026-08-31,807,N,VIIRS,n,2.0NRT,309.88,7.33,D,130.3745677694136,industrial,Arkay Energy (Rameswaram) Ltd,cpcb_verified,9.2876,79.3129,cpcb_27,Arkay Energy (Rameswaram) Ltd,Powerplant,1.4419543456580888,Kiralapetiyawa,village,False,False,agricultural_burn,"Agricultural cropland near Kiralapetiyawa (village, 1.4 km)",cpcb_27,False,,,1,1,agricultural_burn,0.987
8.48646,80.36195,333.66,0.39,0.36,2026-08-31,807,N,VIIRS,l,2.0NRT,306.36,2.3,D,145.66309850171507,industrial,Arkay Energy (Rameswaram) Ltd,cpcb_verified,9.2876,79.3129,cpcb_27,Arkay Energy (Rameswaram) Ltd,Powerplant,2.6196267373479047,Gambirigaswewa,village,False,False,agricultural_burn,"Agricultural cropland near Gambirigaswewa (village, 2.6 km)",cpcb_27,False,,,1,0,agricultural_burn,0.987
8.49849,80.39584,331.59,0.39,0.36,2026-08-31,807,N,VIIRS,l,2.0NRT,303.07,2.61,D,147.8268093773358,industrial,Arkay Energy (Rameswaram) Ltd,cpcb_verified,9.2876,79.3129,cpcb_27,Arkay Energy (Rameswaram) Ltd,Powerplant,2.873173385821647,Gambirigaswewa,village,False,False,agricultural_burn,"Agricultural cropland near Gambirigaswewa (village, 2.9 km)",cpcb_27,False,,,1,0,agricultural_burn,0.987
8.66698,80.36886,337.97,0.39,0.36,2026-08-31,807,N,VIIRS,n,2.0NRT,307.33,3.35,D,134.9568238526718,industrial,Arkay Energy (Rameswaram) Ltd,cpcb_verified,9.2876,79.3129,cpcb_27,Arkay Energy (Rameswaram) Ltd,Powerplant,4.5144823253343125,Sanmugapuram,village,False,False,agricultural_burn,"Agricultural cropland near Sanmugapuram (village, 4.5 km)",cpcb_27,False,,,1,1,agricultural_burn,0.986
8.74873,80.32748,338.49,0.39,0.36,2026-08-31,807,N,VIIRS,n,2.0NRT,305.13,3.57,D,126.510967340756,industrial,Arkay Energy (Rameswaram) Ltd,cpcb_verified,9.2876,79.3129,cpcb_27,Arkay Energy (Rameswaram) Ltd,Powerplant,4.737256430434272,Thaddankulam,village,False,False,agricultural_burn,"Agricultural cropland near Thaddankulam (village, 4.7 km)",cpcb_27,False,,,1,1,agricultural_burn,0.986
8.80894,80.39244,341.51,0.38,0.36,2026-08-31,807,N,VIIRS,n,2.0NRT,306.81,3.36,D,129.94545450697768,industrial,Arkay Energy (Rameswaram) Ltd,cpcb_verified,9.2876,79.3129,cpcb_27,Arkay Energy (Rameswaram) Ltd,Powerplant,1.4156352886244552,Kidachuri,village,False,False,agricultural_burn,"Agricultural cropland near Kidachuri (village, 1.4 km)",cpcb_27,False,,,1,1,agricultural_burn,0.987
8.9767,80.37984,336.51,0.38,0.36,2026-08-31,807,N,VIIRS,l,2.0NRT,308.02,6.26,D,122.12935467866043,industrial,Arkay Energy (Rameswaram) Ltd,cpcb_verified,9.2876,79.3129,cpcb_27,Arkay Energy (Rameswaram) Ltd,Powerplant,2.9718896072772814,Moondu Murippu,village,False,False,agricultural_burn,"Agricultural cropland near Moondu Murippu (village, 3.0 km)",cpcb_27,False,,,1,0,agricultural_burn,0.987
8.97723,80.38334,337.39,0.38,0.36,2026-08-31,807,N,VIIRS,l,2.0NRT,307.43,6.26,D,122.48123389545906,industrial,Arkay Energy (Rameswaram) Ltd,cpcb_verified,9.2876,79.3129,cpcb_27,Arkay Energy (Rameswaram) Ltd,Powerplant,3.128546506105505,Kovilkunchukulam,village,False,False,agricultural_burn,"Agricultural cropland near Kovilkunchukulam (village, 3.1 km)",cpcb_27,False,,,1,0,agricultural_burn,0.987
9.02789,77.86799,345.65,0.45,0.39,2026-08-31,807,N,VIIRS,n,2.0NRT,311.04,11.75,D,17.06794340790398,industrial,IND Barath Thermal Power Ltd,cpcb_verified,8.8894,77.935,cpcb_13,IND Barath Thermal Power Ltd,Powerplant,3.20050450384008,Kadambur,village,False,False,agricultural_burn,"Agricultural cropland near Kadambur (village, 3.2 km)",cpcb_13,False,,,1,1,agricultural_burn,0.986
9.17411,80.12911,332.22,0.39,0.36,2026-08-31,807,N,VIIRS,l,2.0NRT,306.33,2.97,D,90.46754159634506,industrial,Arkay Energy (Rameswaram) Ltd,cpcb_verified,9.2876,79.3129,cpcb_27,Arkay Energy (Rameswaram) Ltd,Powerplant,1.3497009767885355,Vellankulam,town,False,False,urban_commercial_fire,Urban / Commercial area (Vellankulam),cpcb_27,False,,,1,0,urban_commercial_fire,0.983
9.17741,78.13036,346.2,0.43,0.38,2026-08-31,807,N,VIIRS,n,2.0NRT,304.75,6.86,D,36.052533960004666,industrial,unnamed,tn_central,9.4999715,78.1636343,906837201,,,3.033308266547677,Chittavanayakkanpatti,village,False,False,agricultural_burn,"Agricultural cropland near Chittavanayakkanpatti (village, 3.0 km)",906837201,False,,,1,1,agricultural_burn,0.987
9.18498,80.30385,347.17,0.39,0.36,2026-08-31,807,N,VIIRS,n,2.0NRT,313.38,6.16,D,109.35690405376172,industrial,Arkay Energy (Rameswaram) Ltd,cpcb_verified,9.2876,79.3129,cpcb_27,Arkay Energy (Rameswaram) Ltd,Powerplant,1.8790225116322687,Veddaiyadaippu,village,False,False,agricultural_burn,"Agricultural cropland near Veddaiyadaippu (village, 1.9 km)",cpcb_27,False,,,1,1,agricultural_burn,0.987
9.22821,77.66577,339.43,0.45,0.39,2026-08-31,807,N,VIIRS,l,2.0NRT,303.45,16.19,D,47.88873789301713,industrial,IND Barath Thermal Power Ltd,cpcb_verified,8.8894,77.935,cpcb_13,IND Barath Thermal Power Ltd,Powerplant,3.6857586440230414,Thiruvengadam,village,False,False,agricultural_burn,"Agricultural cropland near Thiruvengadam (village, 3.7 km)",cpcb_13,False,,,1,0,agricultural_burn,0.987
9.39429,80.28052,338.13,0.38,0.36,2026-08-31,807,N,VIIRS,n,2.0NRT,306.48,3.06,D,106.82844349166676,industrial,Arkay Energy (Rameswaram) Ltd,cpcb_verified,9.2876,79.3129,cpcb_27,Arkay Energy (Rameswaram) Ltd,Powerplant,1.709402110586919,Mudkompan,village,False,False,agricultural_burn,"Agricultural cropland near Mudkompan (village, 1.7 km)",cpcb_27,False,,,1,1,agricultural_burn,0.987
9.47052,78.63935,342.36,0.41,0.37,2026-08-31,807,N,VIIRS,l,2.0NRT,300.43,5.55,D,3.1887437758077803,industrial,unnamed,tn_central,9.4991424,78.6411443,477564304,,,9.40722023950876,Paramakkudi,town,False,False,scrub_biomass_burn,Rural scrubland / open biomass near Paramakkudi (9.4 km),477564304,False,,,1,0,scrub_biomass_burn,0.98
9.77185,78.36581,340.43,0.42,0.38,2026-08-31,807,N,VIIRS,n,2.0NRT,303.44,3.64,D,4.957969166933758,industrial,unnamed,tn_central,9.7404361,78.3979171,727316888,,,2.591843954224559,Thiruppachethi,village,False,False,agricultural_burn,"Agricultural cropland near Thiruppachethi (village, 2.6 km)",727316888,False,9.66,4.83,1,1,agricultural_burn,0.986
9.8061,77.88528,340.12,0.44,0.38,2026-08-31,807,N,VIIRS,l,2.0NRT,312.07,7.57,D,16.1541828402314,industrial,unnamed,tn_central,9.8584161,78.0228317,990641680,,,5.022035452157137,Pudupatti,village,False,False,scrub_biomass_burn,Rural scrubland / open biomass near Pudupatti (5.0 km),990641680,False,,,1,0,scrub_biomass_burn,0.977
9.80675,77.88925,344.35,0.44,0.38,2026-08-31,807,N,VIIRS,l,2.0NRT,314.76,7.57,D,15.722616631013713,industrial,unnamed,tn_central,9.8584161,78.0228317,990641680,,,4.748614654343959,Pudupatti,village,False,False,agricultural_burn,"Agricultural cropland near Pudupatti (village, 4.7 km)",990641680,False,,,1,0,agricultural_burn,0.984
9.90981,78.52617,339.05,0.41,0.37,2026-08-31,807,N,VIIRS,l,2.0NRT,304.96,4.17,D,7.17104869089966,industrial,unnamed,tn_central,9.8806583,78.4677753,731104677,Aurobindo Agro Energy Pvt Ltd,Powerplant,3.5771733513235247,Okkur,village,False,False,agricultural_burn,"Agricultural cropland near Okkur (village, 3.6 km)",731104677,False,,,1,0,agricultural_burn,0.986
9.98556,77.43252,336.54,0.46,0.39,2026-08-31,807,N,VIIRS,l,2.0NRT,304.75,5.73,D,62.29457135737051,industrial,Vadapalanji IT SEZ,tn_central,9.9312285,77.9986372,1034798587,,,0.9858218503653624,Kodangipatty,village,False,False,agricultural_burn,"Agricultural cropland near Kodangipatty (village, 1.0 km)",1034798587,False,,,1,0,agricultural_burn,0.987
11.62862,78.61463,331.27,0.4,0.37,2026-08-31,807,N,VIIRS,l,2.0NRT,298.12,4.3,D,3.916620498283293,industrial,unnamed,tn_central,11.5934027,78.6139823,555497839,,,1.012274773204967,Kamaraj Nagar,village,False,False,agricultural_burn,"Agricultural cropland near Kamaraj Nagar (village, 1.0 km)",555497839,False,,,1,0,agricultural_burn,0.985
11.52704,77.24921,330.49,0.45,0.39,2026-08-31,809,N,VIIRS,l,2.0NRT,299.28,3.56,D,66.67113548190251,industrial,Madras Aluminium Company Ltd (MALCO),cpcb_verified,11.788,77.8004,cpcb_0,Madras Aluminium Company Ltd (MALCO),Aluminium,2.921028279992757,Satyamangalam,town,False,False,scrub_biomass_burn,Rural scrubland / open biomass near Satyamangalam (2.9 km),cpcb_0,False,,,1,0,scrub_biomass_burn,0.98
11.52934,77.24984,332.74,0.45,0.39,2026-08-31,809,N,VIIRS,n,2.0NRT,298.98,4.63,D,66.49813578359046,industrial,Madras Aluminium Company Ltd (MALCO),cpcb_verified,11.788,77.8004,cpcb_0,Madras Aluminium Company Ltd (MALCO),Aluminium,3.184369481166593,Satyamangalam,town,False,False,scrub_biomass_burn,Rural scrubland / open biomass near Satyamangalam (3.2 km),cpcb_0,False,,,1,1,scrub_biomass_burn,0.981
11.73493,77.98431,331.16,0.42,0.37,2026-08-31,809,N,VIIRS,n,2.0NRT,299.52,3.07,D,6.600497559728567,industrial,unnamed,tn_central,11.7179808,78.0424111,974689384,,,1.8813222974014605,Amaragundhi,village,False,False,agricultural_burn,"Agricultural cropland near Amaragundhi (village, 1.9 km)",974689384,False,,,1,1,agricultural_burn,0.986
11.80935,77.92519,331.34,0.42,0.38,2026-08-31,809,N,VIIRS,l,2.0NRT,292.97,2.83,D,13.788748291621651,industrial,Madras Aluminium Company Ltd (MALCO),cpcb_verified,11.788,77.8004,cpcb_0,Madras Aluminium Company Ltd (MALCO),Aluminium,0.9553389764615005,Kukkalpatti,village,False,False,agricultural_burn,"Agricultural cropland near Kukkalpatti (village, 1.0 km)",cpcb_0,False,,,1,0,agricultural_burn,0.987
11.99381,79.54753,350.08,0.39,0.36,2026-08-31,809,N,VIIRS,n,2.0NRT,310.35,8.02,D,6.244195628643499,industrial,unnamed,tn_central,12.0499496,79.5461681,1026885679,,,2.077699965669422,Panayapuram,village,False,False,agricultural_burn,"Agricultural cropland near Panayapuram (village, 2.1 km)",1026885679,False,,,1,1,agricultural_burn,0.986
11.99713,79.547,346.13,0.39,0.36,2026-08-31,809,N,VIIRS,n,2.0NRT,308.36,8.02,D,5.873968349060545,industrial,unnamed,tn_central,12.0499496,79.5461681,1026885679,,,1.7673444591902752,Panayapuram,village,False,False,agricultural_burn,"Agricultural cropland near Panayapuram (village, 1.8 km)",1026885679,False,,,1,1,agricultural_burn,0.986
12.05555,79.07794,330.89,0.39,0.36,2026-08-31,809,N,VIIRS,l,2.0NRT,302.51,2.96,D,19.98524730755708,industrial,unnamed,tn_central,11.9185368,79.1968552,265038581,,,3.924153446237452,Allikondapattu,village,True,False,wildfire,Forest / Woodland reserve near Allikondapattu,265038581,False,,,1,0,wildfire,0.979
12.58657,79.6415,349.15,0.38,0.36,2026-08-31,809,N,VIIRS,n,2.0NRT,307.62,4.02,D,9.318122209794126,industrial,Global Powertech Equipments Ltd (Biomass),cpcb_verified,12.5085,79.6103,cpcb_23,Global Powertech Equipments Ltd (Biomass),Powerplant,4.625694973080024,Thennangur,village,False,False,agricultural_burn,"Agricultural cropland near Thennangur (village, 4.6 km)",cpcb_23,False,,,1,1,agricultural_burn,0.984
13.40939,80.26858,339.14,0.39,0.36,2026-08-31,809,N,VIIRS,n,2.0NRT,301.29,2.09,D,6.423130681633192,industrial,unnamed,tn_north,13.4212687,80.3266958,555507811,,,2.107074104223023,Thirupalaivanam,village,False,False,agricultural_burn,"Agricultural cropland near Thirupalaivanam (village, 2.1 km)",555507811,False,,,1,1,agricultural_burn,0.985
8.11074,79.87141,312.18,0.42,0.45,2026-08-31,2044,N,VIIRS,n,2.0NRT,291.17,2.02,N,144.54424023901382,industrial,Arkay Energy (Rameswaram) Ltd,cpcb_verified,9.2876,79.3129,cpcb_27,Arkay Energy (Rameswaram) Ltd,Powerplant,9.741497060163791,Chenaikudirippu,village,False,False,scrub_biomass_burn,Rural scrubland / open biomass near Chenaikudirippu (9.7 km),cpcb_27,False,,,0,1,scrub_biomass_burn,0.982
8.11138,79.86758,306.74,0.42,0.45,2026-08-31,2044,N,VIIRS,n,2.0NRT,291.83,2.42,N,144.3014319926836,industrial,Arkay Energy (Rameswaram) Ltd,cpcb_verified,9.2876,79.3129,cpcb_27,Arkay Energy (Rameswaram) Ltd,Powerplant,9.71769277932171,Chenaikudirippu,village,False,False,scrub_biomass_burn,Rural scrubland / open biomass near Chenaikudirippu (9.7 km),cpcb_27,False,,,0,1,scrub_biomass_burn,0.982
8.11194,79.87071,322.48,0.42,0.45,2026-08-31,2044,N,VIIRS,n,2.0NRT,291.95,2.58,N,144.39072160156266,industrial,Arkay Energy (Rameswaram) Ltd,cpcb_verified,9.2876,79.3129,cpcb_27,Arkay Energy (Rameswaram) Ltd,Powerplant,9.852854038986054,Chenaikudirippu,village,False,False,scrub_biomass_burn,Rural scrubland / open biomass near Chenaikudirippu (9.9 km),cpcb_27,False,,,0,1,scrub_biomass_burn,0.982
8.74017,78.09332,306.91,0.49,0.4,2026-08-31,2044,N,VIIRS,n,2.0NRT,294.39,0.38,N,5.284034455573412,industrial,Coastal Energen Power Ltd,cpcb_verified,8.7642,78.1348,cpcb_25,Sterlite Industries (India) Ltd - Copper Smelter,Copper,2.966065601018339,Mullakadu,suburb,False,False,scrub_biomass_burn,Rural scrubland / open biomass near Mullakadu (3.0 km),cpcb_25,False,,,0,1,scrub_biomass_burn,0.969
10.41461,77.11382,305.75,0.43,0.38,2026-08-31,2044,N,VIIRS,n,2.0NRT,289.06,0.43,N,24.291218007635777,industrial,Amaravathy Co-Op Sugar Mills (Distillery),cpcb_verified,10.5876,77.2495,cpcb_4,Amaravathy Co-Op Sugar Mills (Distillery),Distillery,8.980270206410694,Thirumoorthy,village,False,False,scrub_biomass_burn,Rural scrubland / open biomass near Thirumoorthy (9.0 km),cpcb_4,False,,,0,1,scrub_biomass_burn,0.976
10.94284,78.06322,316.81,0.46,0.39,2026-08-31,2044,N,VIIRS,n,2.0NRT,294.36,1.41,N,2.329798016859378,industrial,unnamed,tn_central,10.9369348,78.0427449,193319216,EID Parry - Karur,Sugar,0.9646583266436196,Vaniga Valagam,village,False,False,agricultural_burn,"Agricultural cropland near Vaniga Valagam (village, 1.0 km)",193319216,False,,,0,1,agricultural_burn,0.977
11.08366,78.75399,311.37,0.5,0.41,2026-08-31,2044,N,VIIRS,n,2.0NRT,294.08,2.89,N,6.268481155315768,industrial,unnamed,tn_central,11.0662175,78.6993652,1003158323,,,1.5979283417117054,Perakambi,village,True,False,wildfire,Forest / Woodland reserve near Perakambi,1003158323,False,,,0,1,wildfire,0.976
11.18313,79.09899,304.24,0.51,0.41,2026-08-31,2044,N,VIIRS,n,2.0NRT,283.87,0.5,N,0.6956361049431071,industrial,unnamed,tn_central,11.1819029,79.0927368,178523246,Tamil Nadu Cement Corp - Ariyalur,Cement,1.059050822915432,Thamaraikulam,village,False,False,industrial_fire,Industrial facility (Industrial facility),178523246,False,1.1757142857142855,0.9439960653671028,0,1,industrial_fire,0.985
11.80957,77.92274,309.05,0.44,0.39,2026-08-31,2044,N,VIIRS,n,2.0NRT,293.67,1.65,N,13.53044634998158,industrial,Madras Aluminium Company Ltd (MALCO),cpcb_verified,11.788,77.8004,cpcb_0,Madras Aluminium Company Ltd (MALCO),Aluminium,0.9260050438450024,Kukkalpatti,village,False,False,agricultural_burn,"Agricultural cropland near Kukkalpatti (village, 0.9 km)",cpcb_0,False,,,0,1,agricultural_burn,0.987
11.81027,77.91869,306.89,0.44,0.39,2026-08-31,2044,N,VIIRS,n,2.0NRT,292.03,2.44,N,13.111297844797411,industrial,Madras Aluminium Company Ltd (MALCO),cpcb_verified,11.788,77.8004,cpcb_0,Madras Aluminium Company Ltd (MALCO),Aluminium,0.6567628953302282,Kuttapatti,village,False,False,agricultural_burn,"Agricultural cropland near Kuttapatti (village, 0.7 km)",cpcb_0,False,,,0,1,agricultural_burn,0.987
11.81802,77.91586,308.19,0.44,0.39,2026-08-31,2044,N,VIIRS,n,2.0NRT,291.36,1.71,N,13.002888807243618,industrial,Madras Aluminium Company Ltd (MALCO),cpcb_verified,11.788,77.8004,cpcb_0,Madras Aluminium Company Ltd (MALCO),Aluminium,0.8643147832552429,Kukkalpatti,village,False,False,agricultural_burn,"Agricultural cropland near Kukkalpatti (village, 0.9 km)",cpcb_0,False,,,0,1,agricultural_burn,0.987
12.59783,77.8851,299.48,0.43,0.38,2026-08-31,2044,N,VIIRS,n,2.0NRT,281.77,0.27,N,17.180621439092352,industrial,Sanmar Speciality Chemicals Ltd,cpcb_verified,12.7409,77.8253,cpcb_12,Sanmar Speciality Chemicals Ltd,Pharma,3.4058466333460173,Kelamangalam,town,False,False,scrub_biomass_burn,Rural scrubland / open biomass near Kelamangalam (3.4 km),cpcb_12,False,,,0,1,scrub_biomass_burn,0.98
12.60132,77.88569,308.19,0.43,0.38,2026-08-31,2044,N,VIIRS,n,2.0NRT,283.62,0.27,N,16.84669144382118,industrial,Sanmar Speciality Chemicals Ltd,cpcb_verified,12.7409,77.8253,cpcb_12,Sanmar Speciality Chemicals Ltd,Pharma,3.395564448202328,Kelamangalam,town,False,False,scrub_biomass_burn,Rural scrubland / open biomass near Kelamangalam (3.4 km),cpcb_12,False,,,0,1,scrub_biomass_burn,0.98
8.29291,77.57172,340.35,0.61,0.54,2026-09-01,750,N,VIIRS,n,2.0NRT,300.05,3.49,D,44.582717330646304,industrial,Sun Paper Mills Limited,cpcb_verified,8.6822,77.4747,cpcb_28,Sun Paper Mills Limited,Pulp & Paper,1.9353823243608688,Kavalkinaru,village,True,False,wildfire,Forest / Woodland reserve near Kavalkinaru,cpcb_28,False,,,1,1,wildfire,0.956
8.29877,80.15601,343.71,0.42,0.45,2026-09-01,750,N,VIIRS,n,2.0NRT,301.32,18.87,D,143.7810681202747,industrial,Arkay Energy (Rameswaram) Ltd,cpcb_verified,9.2876,79.3129,cpcb_27,Arkay Energy (Rameswaram) Ltd,Powerplant,1.0313549138007865,Hunuwilagama,village,False,False,agricultural_burn,"Agricultural cropland near Hunuwilagama (village, 1.0 km)",cpcb_27,False,,,1,1,agricultural_burn,0.987
8.30062,80.15585,344.61,0.41,0.45,2026-09-01,750,N,VIIRS,n,2.0NRT,303.18,19.56,D,143.61233036042134,industrial,Arkay Energy (Rameswaram) Ltd,cpcb_verified,9.2876,79.3129,cpcb_27,Arkay Energy (Rameswaram) Ltd,Powerplant,0.9109525754421568,Hunuwilagama,village,False,False,agricultural_burn,"Agricultural cropland near Hunuwilagama (village, 0.9 km)",cpcb_27,False,,,1,1,agricultural_burn,0.987
8.3114,80.28439,343.65,0.41,0.45,2026-09-01,750,N,VIIRS,n,2.0NRT,300.84,2.5,D,152.24563842468828,industrial,Arkay Energy (Rameswaram) Ltd,cpcb_verified,9.2876,79.3129,cpcb_27,Arkay Energy (Rameswaram) Ltd,Powerplant,4.408212059877222,Sinharagama,village,False,False,agricultural_burn,"Agricultural cropland near Sinharagama (village, 4.4 km)",cpcb_27,False,,,1,1,agricultural_burn,0.987
8.31414,80.28391,339.16,0.41,0.45,2026-09-01,750,N,VIIRS,n,2.0NRT,301.37,3.4,D,151.99125761770313,industrial,Arkay Energy (Rameswaram) Ltd,cpcb_verified,9.2876,79.3129,cpcb_27,Arkay Energy (Rameswaram) Ltd,Powerplant,4.58568859508495,Sinharagama,village,False,False,agricultural_burn,"Agricultural cropland near Sinharagama (village, 4.6 km)",cpcb_27,False,,,1,1,agricultural_burn,0.987
8.32899,80.29664,333.49,0.41,0.45,2026-09-01,750,N,VIIRS,n,2.0NRT,300.35,3.46,D,151.8110588848122,industrial,Arkay Energy (Rameswaram) Ltd,cpcb_verified,9.2876,79.3129,cpcb_27,Arkay Energy (Rameswaram) Ltd,Powerplant,4.907371460366202,Mahamankadawala,village,False,False,agricultural_burn,"Agricultural cropland near Mahamankadawala (village, 4.9 km)",cpcb_27,False,,,1,1,agricultural_burn,0.914
8.34424,80.18712,332.68,0.41,0.45,2026-09-01,750,N,VIIRS,n,2.0NRT,301.94,6.2,D,142.23473088045836,industrial,Arkay Energy (Rameswaram) Ltd,cpcb_verified,9.2876,79.3129,cpcb_27,Arkay Energy (Rameswaram) Ltd,Powerplant,2.7517002978465306,Ittikulama,village,False,False,agricultural_burn,"Agricultural cropland near Ittikulama (village, 2.8 km)",cpcb_27,False,,,1,1,agricultural_burn,0.987
8.349,80.19014,331.08,0.41,0.45,2026-09-01,750,N,VIIRS,l,2.0NRT,301.86,4.48,D,142.06935708487097,industrial,Arkay Energy (Rameswaram) Ltd,cpcb_verified,9.2876,79.3129,cpcb_27,Arkay Energy (Rameswaram) Ltd,Powerplant,2.1645781918144293,Ittikulama,village,False,False,agricultural_burn,"Agricultural cropland near Ittikulama (village, 2.2 km)",cpcb_27,False,,,1,0,agricultural_burn,0.987
8.35582,80.28069,331.43,0.41,0.45,2026-09-01,750,N,VIIRS,l,2.0NRT,301.46,3.73,D,148.4683667304314,industrial,Arkay Energy (Rameswaram) Ltd,cpcb_verified,9.2876,79.3129,cpcb_27,Arkay Energy (Rameswaram) Ltd,Powerplant,2.5175733187131684,Mahamankadawala,village,False,False,agricultural_burn,"Agricultural cropland near Mahamankadawala (village, 2.5 km)",cpcb_27,False,,,1,0,agricultural_burn,0.987
8.36403,80.27928,346.99,0.41,0.45,2026-09-01,750,N,VIIRS,n,2.0NRT,302.44,6.03,D,147.72049798941833,industrial,Arkay Energy (Rameswaram) Ltd,cpcb_verified,9.2876,79.3129,cpcb_27,Arkay Energy (Rameswaram) Ltd,Powerplant,1.9100413417010973,Mahalindawewa,village,False,False,agricultural_burn,"Agricultural cropland near Mahalindawewa (village, 1.9 km)",cpcb_27,False,,,1,1,agricultural_burn,0.987
8.38557,80.25662,344.78,0.41,0.45,2026-09-01,750,N,VIIRS,n,2.0NRT,299.85,10.02,D,144.26354382271697,industrial,Arkay Energy (Rameswaram) Ltd,cpcb_verified,9.2876,79.3129,cpcb_27,Arkay Energy (Rameswaram) Ltd,Powerplant,1.6859715253562575,Mahalindawewa,village,False,False,agricultural_burn,"Agricultural cropland near Mahalindawewa (village, 1.7 km)",cpcb_27,False,,,1,1,agricultural_burn,0.987
8.40672,80.25681,337.52,0.41,0.45,2026-09-01,750,N,VIIRS,n,2.0NRT,301.7,6.7,D,142.65150874308864,industrial,Arkay Energy (Rameswaram) Ltd,cpcb_verified,9.2876,79.3129,cpcb_27,Arkay Energy (Rameswaram) Ltd,Powerplant,3.146290549306168,Oyamaduwa,village,False,False,agricultural_burn,"Agricultural cropland near Oyamaduwa (village, 3.1 km)",cpcb_27,False,,,1,1,agricultural_burn,0.987
8.40733,80.26052,332.36,0.41,0.45,2026-09-01,750,N,VIIRS,n,2.0NRT,299.62,3.39,D,142.90159377913952,industrial,Arkay Energy (Rameswaram) Ltd,cpcb_verified,9.2876,79.3129,cpcb_27,Arkay Energy (Rameswaram) Ltd,Powerplant,3.045428726686735,Oyamaduwa,village,False,False,agricultural_burn,"Agricultural cropland near Oyamaduwa (village, 3.0 km)",cpcb_27,False,,,1,1,agricultural_burn,0.987
8.41083,80.25612,338.4,0.41,0.45,2026-09-01,750,N,VIIRS,n,2.0NRT,297.36,4.26,D,142.2824564833344,industrial,Arkay Energy (Rameswaram) Ltd,cpcb_verified,9.2876,79.3129,cpcb_27,Arkay Energy (Rameswaram) Ltd,Powerplant,2.708870330498433,Oyamaduwa,village,False,False,agricultural_burn,"Agricultural cropland near Oyamaduwa (village, 2.7 km)",cpcb_27,False,,,1,1,agricultural_burn,0.987
8.41854,80.18941,334.78,0.41,0.45,2026-09-01,750,N,VIIRS,n,2.0NRT,299.92,4.82,D,136.42681306968433,industrial,Arkay Energy (Rameswaram) Ltd,cpcb_verified,9.2876,79.3129,cpcb_27,Arkay Energy (Rameswaram) Ltd,Powerplant,1.7194761862054222,Helambawewa,village,False,False,agricultural_burn,"Agricultural cropland near Helambawewa (village, 1.7 km)",cpcb_27,False,,,1,1,agricultural_burn,0.987
8.43706,80.33877,330.46,0.4,0.44,2026-09-01,750,N,VIIRS,l,2.0NRT,301.29,4.04,D,147.13185642365826,industrial,Arkay Energy (Rameswaram) Ltd,cpcb_verified,9.2876,79.3129,cpcb_27,Arkay Energy (Rameswaram) Ltd,Powerplant,6.520920783625358,Gambirigaswewa,village,False,False,scrub_biomass_burn,Rural scrubland / open biomass near Gambirigaswewa (6.5 km),cpcb_27,False,,,1,0,scrub_biomass_burn,0.983
8.44123,80.37093,334.63,0.4,0.44,2026-09-01,750,N,VIIRS,n,2.0NRT,299.81,1.9,D,149.5629998610879,industrial,Arkay Energy (Rameswaram) Ltd,cpcb_verified,9.2876,79.3129,cpcb_27,Arkay Energy (Rameswaram) Ltd,Powerplant,3.0582030506270046,Puwarasankulama,village,False,False,agricultural_burn,"Agricultural cropland near Puwarasankulama (village, 3.1 km)",cpcb_27,False,,,1,1,agricultural_burn,0.987
8.44242,80.37146,337.13,0.4,0.44,2026-09-01,750,N,VIIRS,n,2.0NRT,299.87,4.32,D,149.5249134157118,industrial,Arkay Energy (Rameswaram) Ltd,cpcb_verified,9.2876,79.3129,cpcb_27,Arkay Energy (Rameswaram) Ltd,Powerplant,3.0166583688895448,Puwarasankulama,village,False,False,agricultural_burn,"Agricultural cropland near Puwarasankulama (village, 3.0 km)",cpcb_27,False,,,1,1,agricultural_burn,0.987
8.51547,80.31347,343.83,0.4,0.44,2026-09-01,750,N,VIIRS,n,2.0NRT,295.89,5.43,D,139.47486833278262,industrial,Arkay Energy (Rameswaram) Ltd,cpcb_verified,9.2876,79.3129,cpcb_27,Arkay Energy (Rameswaram) Ltd,Powerplant,5.876440736768908,Thuppitiyawa,village,False,False,scrub_biomass_burn,Rural scrubland / open biomass near Thuppitiyawa (5.9 km),cpcb_27,False,,,1,1,scrub_biomass_burn,0.983
8.69272,78.05309,339.6,0.56,0.52,2026-09-01,750,N,VIIRS,n,2.0NRT,301.29,4.6,D,11.992651205706435,industrial,Coastal Energen Power Ltd,cpcb_verified,8.7642,78.1348,cpcb_25,Sterlite Industries (India) Ltd - Copper Smelter,Copper,2.892898174854642,Sawyerpuram,village,False,False,agricultural_burn,"Agricultural cropland near Sawyerpuram (village, 2.9 km)",cpcb_25,False,,,1,1,agricultural_burn,0.984
8.69322,78.05519,347.78,0.56,0.52,2026-09-01,750,N,VIIRS,n,2.0NRT,301.94,6.31,D,11.783490490000212,industrial,Coastal Energen Power Ltd,cpcb_verified,8.7642,78.1348,cpcb_25,Sterlite Industries (India) Ltd - Copper Smelter,Copper,3.1257807404908995,Sawyerpuram,village,False,False,agricultural_burn,"Agricultural cropland near Sawyerpuram (village, 3.1 km)",cpcb_25,False,,,1,1,agricultural_burn,0.983
8.69359,78.05819,331.91,0.56,0.52,2026-09-01,750,N,VIIRS,n,2.0NRT,300.81,4.74,D,11.512672394828082,industrial,Coastal Energen Power Ltd,cpcb_verified,8.7642,78.1348,cpcb_25,Sterlite Industries (India) Ltd - Copper Smelter,Copper,3.339513667702969,Kootampuli,village,False,False,agricultural_burn,"Agricultural cropland near Kootampuli (village, 3.3 km)",cpcb_25,False,,,1,1,agricultural_burn,0.984
8.74317,80.18766,343.55,0.41,0.45,2026-09-01,750,N,VIIRS,n,2.0NRT,298.99,5.11,D,113.55028815635733,industrial,Arkay Energy (Rameswaram) Ltd,cpcb_verified,9.2876,79.3129,cpcb_27,Arkay Energy (Rameswaram) Ltd,Powerplant,4.769579954638597,Madu Road,village,False,False,agricultural_burn,"Agricultural cropland near Madu Road (village, 4.8 km)",cpcb_27,False,,,1,1,agricultural_burn,0.985
8.9195,80.3924,332.26,0.39,0.44,2026-09-01,750,N,VIIRS,l,2.0NRT,304.48,5.41,D,125.39124872650548,industrial,Arkay Energy (Rameswaram) Ltd,cpcb_verified,9.2876,79.3129,cpcb_27,Arkay Energy (Rameswaram) Ltd,Powerplant,3.3686437123530704,Kovilkunchukulam,village,False,False,agricultural_burn,"Agricultural cropland near Kovilkunchukulam (village, 3.4 km)",cpcb_27,False,,,1,0,agricultural_burn,0.987
8.92294,80.38815,344.04,0.39,0.44,2026-09-01,750,N,VIIRS,n,2.0NRT,301.73,11.59,D,124.82496553347283,industrial,Arkay Energy (Rameswaram) Ltd,cpcb_verified,9.2876,79.3129,cpcb_27,Arkay Energy (Rameswaram) Ltd,Powerplant,2.95547949714572,Kovilkunchukulam,village,False,False,agricultural_burn,"Agricultural cropland near Kovilkunchukulam (village, 3.0 km)",cpcb_27,False,,,1,1,agricultural_burn,0.987
9.02756,80.16605,334.03,0.4,0.45,2026-09-01,750,N,VIIRS,n,2.0NRT,300.17,2.26,D,98.01869815566344,industrial,Arkay Energy (Rameswaram) Ltd,cpcb_verified,9.2876,79.3129,cpcb_27,Arkay Energy (Rameswaram) Ltd,Powerplant,4.975789681610381,Panichamadu,village,False,False,agricultural_burn,"Agricultural cropland near Panichamadu (village, 5.0 km)",cpcb_27,False,,,1,1,agricultural_burn,0.838
9.02817,80.16972,332.18,0.4,0.44,2026-09-01,750,N,VIIRS,n,2.0NRT,300.5,2.67,D,98.38373802923738,industrial,Arkay Energy (Rameswaram) Ltd,cpcb_verified,9.2876,79.3129,cpcb_27,Arkay Energy (Rameswaram) Ltd,Powerplant,4.582119067403284,Panichamadu,village,False,False,agricultural_burn,"Agricultural cropland near Panichamadu (village, 4.6 km)",cpcb_27,False,,,1,1,agricultural_burn,0.987
9.05315,80.14268,340.69,0.4,0.45,2026-09-01,750,N,VIIRS,n,2.0NRT,302.74,6.08,D,94.74513909868966,industrial,Arkay Energy (Rameswaram) Ltd,cpcb_verified,9.2876,79.3129,cpcb_27,Arkay Energy (Rameswaram) Ltd,Powerplant,3.99294155491202,Thotta Paddi Madu,village,False,False,agricultural_burn,"Agricultural cropland near Thotta Paddi Madu (village, 4.0 km)",cpcb_27,False,,,1,1,agricultural_burn,0.987
9.05558,80.14168,337.68,0.4,0.45,2026-09-01,750,N,VIIRS,n,2.0NRT,302.26,4.72,D,94.56523513468466,industrial,Arkay Energy (Rameswaram) Ltd,cpcb_verified,9.2876,79.3129,cpcb_27,Arkay Energy (Rameswaram) Ltd,Powerplant,3.722138542280564,Thotta Paddi Madu,village,False,False,agricultural_burn,"Agricultural cropland near Thotta Paddi Madu (village, 3.7 km)",cpcb_27,False,,,1,1,agricultural_burn,0.987
9.08676,79.74698,335.52,0.43,0.46,2026-09-01,750,N,VIIRS,n,2.0NRT,302.37,2.14,D,52.62219230643235,industrial,Arkay Energy (Rameswaram) Ltd,cpcb_verified,9.2876,79.3129,cpcb_27,Arkay Energy (Rameswaram) Ltd,Powerplant,2.744407738282496,Talaimannar,town,False,False,scrub_biomass_burn,Rural scrubland / open biomass near Talaimannar (2.7 km),cpcb_27,False,,,1,1,scrub_biomass_burn,0.98
9.08716,79.74696,339.59,0.43,0.46,2026-09-01,750,N,VIIRS,n,2.0NRT,302.9,6.52,D,52.60131883390583,industrial,Arkay Energy (Rameswaram) Ltd,cpcb_verified,9.2876,79.3129,cpcb_27,Arkay Energy (Rameswaram) Ltd,Powerplant,2.709301695944141,Talaimannar,town,False,False,scrub_biomass_burn,Rural scrubland / open biomass near Talaimannar (2.7 km),cpcb_27,False,,,1,1,scrub_biomass_burn,0.981
9.08741,79.75088,330.38,0.43,0.46,2026-09-01,750,N,VIIRS,l,2.0NRT,301.39,2.14,D,52.97968797597415,industrial,Arkay Energy (Rameswaram) Ltd,cpcb_verified,9.2876,79.3129,cpcb_27,Arkay Energy (Rameswaram) Ltd,Powerplant,2.975306116248342,Mullitidal,village,False,False,agricultural_burn,"Agricultural cropland near Mullitidal (village, 3.0 km)",cpcb_27,False,,,1,0,agricultural_burn,0.987
9.10153,80.28739,338.19,0.4,0.44,2026-09-01,750,N,VIIRS,n,2.0NRT,304.88,3.67,D,108.948635238085,industrial,Arkay Energy (Rameswaram) Ltd,cpcb_verified,9.2876,79.3129,cpcb_27,Arkay Energy (Rameswaram) Ltd,Powerplant,0.6893394461667434,Karumpuliyaan,village,False,False,agricultural_burn,"Agricultural cropland near Karumpuliyaan (village, 0.7 km)",cpcb_27,False,,,1,1,agricultural_burn,0.987
9.10582,80.31257,333.64,0.39,0.44,2026-09-01,750,N,VIIRS,l,2.0NRT,304.01,2.27,D,111.57542675921104,industrial,Arkay Energy (Rameswaram) Ltd,cpcb_verified,9.2876,79.3129,cpcb_27,Arkay Energy (Rameswaram) Ltd,Powerplant,1.6892796418580474,Paali Nagar,village,False,False,agricultural_burn,"Agricultural cropland near Paali Nagar (village, 1.7 km)",cpcb_27,False,,,1,0,agricultural_burn,0.987
9.11247,80.27811,336.96,0.4,0.44,2026-09-01,750,N,VIIRS,n,2.0NRT,306.35,6.48,D,107.72057175746416,industrial,Arkay Energy (Rameswaram) Ltd,cpcb_verified,9.2876,79.3129,cpcb_27,Arkay Energy (Rameswaram) Ltd,Powerplant,0.6055761044814515,Poovarasankulam,village,False,False,agricultural_burn,"Agricultural cropland near Poovarasankulam (village, 0.6 km)",cpcb_27,False,,,1,1,agricultural_burn,0.987
9.24176,80.27779,338.33,0.39,0.44,2026-09-01,750,N,VIIRS,n,2.0NRT,305.64,7.03,D,106.01385160863803,industrial,Arkay Energy (Rameswaram) Ltd,cpcb_verified,9.2876,79.3129,cpcb_27,Arkay Energy (Rameswaram) Ltd,Powerplant,0.9787800766072812,Koddaikaddiyakulam,village,False,False,agricultural_burn,"Agricultural cropland near Koddaikaddiyakulam (village, 1.0 km)",cpcb_27,False,,,1,1,agricultural_burn,0.987
9.25795,80.27505,330.46,0.39,0.44,2026-09-01,750,N,VIIRS,l,2.0NRT,304.59,6.81,D,105.63957150174537,industrial,Arkay Energy (Rameswaram) Ltd,cpcb_verified,9.2876,79.3129,cpcb_27,Arkay Energy (Rameswaram) Ltd,Powerplant,0.8409705823346248,Ambalaperumalkulam,village,False,False,agricultural_burn,"Agricultural cropland near Ambalaperumalkulam (village, 0.8 km)",cpcb_27,False,,,1,0,agricultural_burn,0.987
9.41327,80.36134,342.93,0.39,0.44,2026-09-01,750,N,VIIRS,n,2.0NRT,302.94,3.55,D,115.87778639363307,industrial,Arkay Energy (Rameswaram) Ltd,cpcb_verified,9.2876,79.3129,cpcb_27,Arkay Energy (Rameswaram) Ltd,Powerplant,1.300050013186851,Jeyanthi Nagar,village,False,False,agricultural_burn,"Agricultural cropland near Jeyanthi Nagar (village, 1.3 km)",cpcb_27,False,,,1,1,agricultural_burn,0.987
9.41424,80.36042,332.41,0.39,0.44,2026-09-01,750,N,VIIRS,l,2.0NRT,302.67,3.02,D,115.79049195746576,industrial,Arkay Energy (Rameswaram) Ltd,cpcb_verified,9.2876,79.3129,cpcb_27,Arkay Energy (Rameswaram) Ltd,Powerplant,1.4265733794222095,Jeyanthi Nagar,village,False,False,agricultural_burn,"Agricultural cropland near Jeyanthi Nagar (village, 1.4 km)",cpcb_27,False,,,1,0,agricultural_burn,0.987
9.41568,80.39275,330.74,0.39,0.44,2026-09-01,750,N,VIIRS,l,2.0NRT,302.54,1.94,D,119.33085969779376,industrial,Arkay Energy (Rameswaram) Ltd,cpcb_verified,9.2876,79.3129,cpcb_27,Arkay Energy (Rameswaram) Ltd,Powerplant,0.1316871592047616,Thirunagar,village,False,False,agricultural_burn,"Agricultural cropland near Thirunagar (village, 0.1 km)",cpcb_27,False,,,1,0,agricultural_burn,0.987
9.41628,80.39626,342.87,0.39,0.44,2026-09-01,750,N,VIIRS,n,2.0NRT,303.93,3.96,D,119.72107588635164,industrial,Arkay Energy (Rameswaram) Ltd,cpcb_verified,9.2876,79.3129,cpcb_27,Arkay Energy (Rameswaram) Ltd,Powerplant,0.2773534718647815,Thirunagar,village,False,False,agricultural_burn,"Agricultural cropland near Thirunagar (village, 0.3 km)",cpcb_27,False,,,1,1,agricultural_burn,0.987
9.41689,80.39977,342.6,0.39,0.44,2026-09-01,750,N,VIIRS,n,2.0NRT,305.49,3.96,D,120.11142620387469,industrial,Arkay Energy (Rameswaram) Ltd,cpcb_verified,9.2876,79.3129,cpcb_27,Arkay Energy (Rameswaram) Ltd,Powerplant,0.6650493978912302,Thirunagar,village,False,False,agricultural_burn,"Agricultural cropland near Thirunagar (village, 0.7 km)",cpcb_27,False,,,1,1,agricultural_burn,0.987
9.41908,80.39658,330.1,0.39,0.44,2026-09-01,750,N,VIIRS,l,2.0NRT,303.87,4.54,D,119.79305633441209,industrial,Arkay Energy (Rameswaram) Ltd,cpcb_verified,9.2876,79.3129,cpcb_27,Arkay Energy (Rameswaram) Ltd,Powerplant,0.5064539823876008,Thirunagar,village,False,False,agricultural_burn,"Agricultural cropland near Thirunagar (village, 0.5 km)",cpcb_27,False,,,1,0,agricultural_burn,0.987
9.4283,80.39423,333.51,0.39,0.44,2026-09-01,750,N,VIIRS,l,2.0NRT,304.04,2.36,D,119.6653054907023,industrial,Arkay Energy (Rameswaram) Ltd,cpcb_verified,9.2876,79.3129,cpcb_27,Arkay Energy (Rameswaram) Ltd,Powerplant,0.8825101718529699,Kanesa Puram,village,False,False,agricultural_burn,"Agricultural cropland near Kanesa Puram (village, 0.9 km)",cpcb_27,False,,,1,0,agricultural_burn,0.987
9.44431,80.39148,340.36,0.39,0.44,2026-09-01,750,N,VIIRS,n,2.0NRT,303.64,3.35,D,119.6098340799816,industrial,Arkay Energy (Rameswaram) Ltd,cpcb_verified,9.2876,79.3129,cpcb_27,Arkay Energy (Rameswaram) Ltd,Powerplant,1.9954230695577155,Kumarapuram,village,False,False,agricultural_burn,"Agricultural cropland near Kumarapuram (village, 2.0 km)",cpcb_27,False,,,1,1,agricultural_burn,0.987
9.53506,80.38695,342.55,0.38,0.44,2026-09-01,750,N,VIIRS,n,2.0NRT,304.4,25.84,D,120.99169301460024,industrial,Arkay Energy (Rameswaram) Ltd,cpcb_verified,9.2876,79.3129,cpcb_27,Arkay Energy (Rameswaram) Ltd,Powerplant,0.785628958072128,Kurinchatheevu,village,False,False,agricultural_burn,"Agricultural cropland near Kurinchatheevu (village, 0.8 km)",cpcb_27,False,,,1,1,agricultural_burn,0.987
9.57735,78.58523,342.46,0.5,0.49,2026-09-01,750,N,VIIRS,n,2.0NRT,305.45,8.92,D,10.64048345028745,industrial,unnamed,tn_central,9.4991424,78.6411443,477564304,,,2.968149133264778,Kumarakurichi,village,False,False,agricultural_burn,"Agricultural cropland near Kumarakurichi (village, 3.0 km)",477564304,False,,,1,1,agricultural_burn,0.986
9.60892,79.98938,345.28,0.41,0.45,2026-09-01,750,N,VIIRS,n,2.0NRT,302.98,4.83,D,82.35472526113695,industrial,Arkay Energy (Rameswaram) Ltd,cpcb_verified,9.2876,79.3129,cpcb_27,Arkay Energy (Rameswaram) Ltd,Powerplant,5.8746060515840925,Gurunagar,village,False,False,scrub_biomass_burn,Rural scrubland / open biomass near Gurunagar (5.9 km),cpcb_27,False,,,1,1,scrub_biomass_burn,0.982
9.63981,80.21948,335.9,0.39,0.44,2026-09-01,750,N,VIIRS,n,2.0NRT,300.71,2.34,D,106.86962838937222,industrial,Arkay Energy (Rameswaram) Ltd,cpcb_verified,9.2876,79.3129,cpcb_27,Arkay Energy (Rameswaram) Ltd,Powerplant,0.745699819400456,Ketpeli,village,False,False,agricultural_burn,"Agricultural cropland near Ketpeli (village, 0.7 km)",cpcb_27,False,,,1,1,agricultural_burn,0.987
9.64288,80.3102,333.48,0.39,0.44,2026-09-01,750,N,VIIRS,n,2.0NRT,302.49,4.14,D,116.29997676006798,industrial,Arkay Energy (Rameswaram) Ltd,cpcb_verified,9.2876,79.3129,cpcb_27,Arkay Energy (Rameswaram) Ltd,Powerplant,0.8942109994566176,Vembodukerny,village,False,False,agricultural_burn,"Agricultural cropland near Vembodukerny (village, 0.9 km)",cpcb_27,False,,,1,1,agricultural_burn,0.987
9.6828,79.86526,331.06,0.41,0.45,2026-09-01,750,N,VIIRS,l,2.0NRT,302.61,2.81,D,74.83986302425271,industrial,Arkay Energy (Rameswaram) Ltd,cpcb_verified,9.2876,79.3129,cpcb_27,Arkay Energy (Rameswaram) Ltd,Powerplant,1.082351343788258,Kayts,town,False,False,urban_commercial_fire,Urban / Commercial area (Kayts),cpcb_27,False,,,1,0,urban_commercial_fire,0.984
9.77143,78.21916,333.13,0.52,0.5,2026-09-01,750,N,VIIRS,n,2.0NRT,302.84,3.49,D,7.542908549469091,industrial,unnamed,tn_central,9.8380914,78.2064101,726539280,,,5.010414616495191,Avarangulam,village,False,False,scrub_biomass_burn,Rural scrubland / open biomass near Avarangulam (5.0 km),726539280,False,,,1,1,scrub_biomass_burn,0.967
9.8107,78.22701,330.36,0.52,0.5,2026-09-01,750,N,VIIRS,l,2.0NRT,302.93,3.51,D,3.790898841238866,industrial,unnamed,tn_central,9.8380914,78.2064101,726539280,,,0.7382797045937654,Kaliyanthur,village,False,False,agricultural_burn,"Agricultural cropland near Kaliyanthur (village, 0.7 km)",726539280,False,,,1,0,agricultural_burn,0.985
9.95757,77.88288,336.99,0.55,0.51,2026-09-01,750,N,VIIRS,n,2.0NRT,305.57,8.44,D,13.012176386634986,industrial,Vadapalanji IT SEZ,tn_central,9.9312285,77.9986372,1034798587,,,0.9976757337984378,Sakkaraipatty,village,False,False,agricultural_burn,"Agricultural cropland near Sakkaraipatty (village, 1.0 km)",1034798587,False,,,1,1,agricultural_burn,0.986
9.95914,77.88472,337.66,0.55,0.51,2026-09-01,750,N,VIIRS,n,2.0NRT,305.78,11.36,D,12.856897103568349,industrial,Vadapalanji IT SEZ,tn_central,9.9312285,77.9986372,1034798587,,,1.232527339225663,Sakkaraipatty,village,False,False,agricultural_burn,"Agricultural cropland near Sakkaraipatty (village, 1.2 km)",1034798587,False,,,1,1,agricultural_burn,0.986
9.96654,77.89884,339.99,0.55,0.51,2026-09-01,750,N,VIIRS,n,2.0NRT,305.78,6.17,D,11.613935686044115,industrial,Vadapalanji IT SEZ,tn_central,9.9312285,77.9986372,1034798587,,,2.497581969770885,Chellampatty,village,False,False,agricultural_burn,"Agricultural cropland near Chellampatty (village, 2.5 km)",1034798587,False,,,1,1,agricultural_burn,0.986
9.96955,77.89621,343.87,0.55,0.51,2026-09-01,750,N,VIIRS,n,2.0NRT,306.5,13.59,D,12.000099291263355,industrial,Vadapalanji IT SEZ,tn_central,9.9312285,77.9986372,1034798587,,,2.8372843689294744,Chellampatty,village,False,False,agricultural_burn,"Agricultural cropland near Chellampatty (village, 2.8 km)",1034798587,False,,,1,1,agricultural_burn,0.985
9.99659,77.51824,343.88,0.58,0.52,2026-09-01,750,N,VIIRS,n,2.0NRT,303.84,3.0,D,53.11164302283769,industrial,Vadapalanji IT SEZ,tn_central,9.9312285,77.9986372,1034798587,,,3.567772059258018,Mullai Nagar,suburb,False,False,scrub_biomass_burn,Rural scrubland / open biomass near Mullai Nagar (3.6 km),1034798587,False,,,1,1,scrub_biomass_burn,0.982
9.99667,77.52258,334.74,0.58,0.52,2026-09-01,750,N,VIIRS,n,2.0NRT,303.41,8.15,D,52.64207003893648,industrial,Vadapalanji IT SEZ,tn_central,9.9312285,77.9986372,1034798587,,,4.04270584755188,Mullai Nagar,suburb,False,False,scrub_biomass_burn,Rural scrubland / open biomass near Mullai Nagar (4.0 km),1034798587,False,,,1,1,scrub_biomass_burn,0.98
10.015,78.08784,345.21,0.53,0.5,2026-09-01,750,N,VIIRS,n,2.0NRT,304.53,8.15,D,4.963189216161873,industrial,Madurai Chettikulam Flyover Project Site,tn_central,10.0041463,78.1318045,823715565,,,2.1763085394465747,Ambalattadi,village,False,False,agricultural_burn,"Agricultural cropland near Ambalattadi (village, 2.2 km)",823715565,False,,,1,1,agricultural_burn,0.985
10.38719,79.27933,343.55,0.44,0.46,2026-09-01,750,N,VIIRS,n,2.0NRT,305.99,11.34,D,5.972255958209023,industrial,Shriram Non-Conventional Energy Ltd,cpcb_verified,10.4256,79.3175,cpcb_17,Shriram Non-Conventional Energy Ltd,Powerplant,1.272985532876171,Pannavayal,village,False,False,agricultural_burn,"Agricultural cropland near Pannavayal (village, 1.3 km)",cpcb_17,False,,,1,1,agricultural_burn,0.986
10.44507,78.80642,332.13,0.47,0.48,2026-09-01,750,N,VIIRS,l,2.0NRT,302.64,3.98,D,3.4493318755674376,industrial,SIPCOT Industrial Area,tn_central,10.4252199,78.7821811,444727386,,,1.0673700548341274,Poongudi,village,False,False,agricultural_burn,"Agricultural cropland near Poongudi (village, 1.1 km)",444727386,False,,,1,0,agricultural_burn,0.985
10.44559,78.8073,332.18,0.47,0.48,2026-09-01,750,N,VIIRS,n,2.0NRT,301.71,5.72,D,3.5603223955995063,industrial,SIPCOT Industrial Area,tn_central,10.4252199,78.7821811,444727386,,,0.9848347188440486,Poongudi,village,False,False,agricultural_burn,"Agricultural cropland near Poongudi (village, 1.0 km)",444727386,False,,,1,1,agricultural_burn,0.985
10.67588,78.80834,334.64,0.46,0.47,2026-09-01,750,N,VIIRS,l,2.0NRT,305.76,4.1,D,4.4605430606838565,industrial,Heavy Alloy Penetrator Project,tn_central,10.7114342,78.7894353,375950949,,,0.2667679948684069,Kandalur,village,False,False,agricultural_burn,"Agricultural cropland near Kandalur (village, 0.3 km)",375950949,False,,,1,0,agricultural_burn,0.985
10.74769,78.83463,344.12,0.46,0.47,2026-09-01,750,N,VIIRS,n,2.0NRT,306.06,6.13,D,2.6373859071327685,industrial,unnamed,tn_central,10.7390171,78.8570999,447015148,,,1.4450155856784248,Thuvakudi,town,False,False,urban_commercial_fire,Urban / Commercial area (Thuvakudi),447015148,False,,,1,1,urban_commercial_fire,0.985
10.77378,78.65028,335.4,0.47,0.48,2026-09-01,750,N,VIIRS,l,2.0NRT,307.67,5.62,D,4.195189124378802,industrial,unnamed,tn_central,10.7604637,78.6143473,1410857831,,,1.4613833023717262,Ramji Nagar,suburb,False,False,urban_commercial_fire,Urban / Commercial area (Ramji Nagar),1410857831,False,,,1,0,urban_commercial_fire,0.984
10.86091,79.81236,332.03,0.4,0.44,2026-09-01,750,N,VIIRS,n,2.0NRT,298.78,0.93,D,7.463886178997279,industrial,unnamed,tn_central,10.8240196,79.7552624,1056121289,,,0.9969303153836728,Alangudicheri,village,False,False,agricultural_burn,"Agricultural cropland near Alangudicheri (village, 1.0 km)",1056121289,False,,,1,1,agricultural_burn,0.986
11.00781,77.43622,332.41,0.56,0.52,2026-09-01,750,N,VIIRS,n,2.0NRT,299.6,7.15,D,50.98223717321834,industrial,Amaravathy Co-Op Sugar Mills (Distillery),cpcb_verified,10.5876,77.2495,cpcb_4,Amaravathy Co-Op Sugar Mills (Distillery),Distillery,4.261922145957729,Avinashipalayam,village,False,False,agricultural_burn,"Agricultural cropland near Avinashipalayam (village, 4.3 km)",cpcb_4,False,,,1,1,agricultural_burn,0.986
11.01218,79.41254,334.72,0.42,0.45,2026-09-01,750,N,VIIRS,n,2.0NRT,302.36,1.56,D,6.377433765367322,industrial,unnamed,tn_central,10.9585753,79.3917638,375105801,,,0.9984239577904658,Kondankudy,village,False,False,agricultural_burn,"Agricultural cropland near Kondankudy (village, 1.0 km)",375105801,False,,,1,1,agricultural_burn,0.986
11.01958,79.83994,336.41,0.39,0.44,2026-09-01,750,N,VIIRS,n,2.0NRT,303.87,2.22,D,9.461197809469146,industrial,unnamed,tn_central,10.9638623,79.7744322,759412286,,,0.7882735255663281,Poraiyar,town,False,False,urban_commercial_fire,Urban / Commercial area (Poraiyar),759412286,False,,,1,1,urban_commercial_fire,0.985
11.14795,78.03258,336.34,0.51,0.49,2026-09-01,750,N,VIIRS,n,2.0NRT,300.6,4.53,D,3.3085129709913,industrial,unnamed,tn_central,11.1211032,78.0195058,876239826,,,1.4486870053787135,Paramathi,town,False,False,urban_commercial_fire,Urban / Commercial area (Paramathi),876239826,False,,,1,1,urban_commercial_fire,0.984
11.69378,79.12559,336.91,0.43,0.46,2026-09-01,750,N,VIIRS,n,2.0NRT,304.65,3.94,D,11.2614887375173,industrial,IOCL Asanur,tn_central,11.6130218,79.1879921,1069783572,,,5.200175719288942,Vadapoondi,village,True,False,wildfire,Forest / Woodland reserve near Vadapoondi,1069783572,False,,,1,1,wildfire,0.977
11.69394,79.12669,334.62,0.43,0.46,2026-09-01,750,N,VIIRS,l,2.0NRT,305.59,5.89,D,11.203888708396912,industrial,IOCL Asanur,tn_central,11.6130218,79.1879921,1069783572,,,5.28042199327447,Vadapoondi,village,True,False,wildfire,Forest / Woodland reserve near Vadapoondi,1069783572,False,,,1,0,wildfire,0.979
11.69813,79.12595,355.18,0.43,0.46,2026-09-01,750,N,VIIRS,n,2.0NRT,304.79,5.89,D,11.627991087514454,industrial,IOCL Asanur,tn_central,11.6130218,79.1879921,1069783572,,,5.63353429652564,Vadapoondi,village,True,False,wildfire,Forest / Woodland reserve near Vadapoondi,1069783572,False,,,1,1,wildfire,0.972
11.83094,79.66526,331.46,0.39,0.44,2026-09-01,750,N,VIIRS,l,2.0NRT,303.93,1.86,D,5.267569715459484,industrial,MRF,tn_central,11.874276,79.6457085,164695298,,,3.8886937851737255,Pakkam,village,False,False,agricultural_burn,"Agricultural cropland near Pakkam (village, 3.9 km)",164695298,False,,,1,0,agricultural_burn,0.985
12.05853,79.84698,331.63,0.57,0.43,2026-09-01,750,N,VIIRS,n,2.0NRT,299.32,3.58,D,7.240432577564178,industrial,unnamed,tn_central,12.0198162,79.7934463,554802748,,,3.0114677546668376,Kilputhupattu,village,False,False,agricultural_burn,"Agricultural cropland near Kilputhupattu (village, 3.0 km)",554802748,False,,,1,1,agricultural_burn,0.986
12.09285,79.56569,341.02,0.39,0.44,2026-09-01,750,N,VIIRS,n,2.0NRT,303.15,4.53,D,5.22128688550496,industrial,unnamed,tn_central,12.0499496,79.5461681,1026885679,,,2.4097584714174127,Palappattu,village,False,False,agricultural_burn,"Agricultural cropland near Palappattu (village, 2.4 km)",1026885679,False,,,1,1,agricultural_burn,0.986
12.09304,79.56533,342.44,0.39,0.44,2026-09-01,750,N,VIIRS,n,2.0NRT,303.39,2.38,D,5.2248624997454325,industrial,unnamed,tn_central,12.0499496,79.5461681,1026885679,,,2.399991537637912,Palappattu,village,False,False,agricultural_burn,"Agricultural cropland near Palappattu (village, 2.4 km)",1026885679,False,,,1,1,agricultural_burn,0.986
12.13102,78.14007,332.63,0.49,0.48,2026-09-01,750,N,VIIRS,n,2.0NRT,299.71,8.28,D,3.0566245867055244,industrial,unnamed,tn_central,12.1080976,78.1245517,1536257528,Dharmapuri District Co-op Sugar Mills,Sugar,2.0989117401553563,Dharmapuri,city,True,False,wildfire,Forest / Woodland reserve near Dharmapuri,1536257528,False,,,1,1,wildfire,0.928
12.38799,79.56133,332.27,0.39,0.44,2026-09-01,750,N,VIIRS,n,2.0NRT,303.14,2.06,D,6.761708217554617,plant,unnamed,tn_central,12.4422452,79.5894497,1468887809,,,1.8097599364676744,Thellar,village,False,False,agricultural_burn,"Agricultural cropland near Thellar (village, 1.8 km)",1468887809,False,,,1,1,agricultural_burn,0.986
12.55496,79.97733,343.27,0.55,0.43,2026-09-01,750,N,VIIRS,n,2.0NRT,303.72,6.59,D,8.729053231198534,industrial,unnamed,tn_north,12.6168123,79.9277983,1032865618,,,1.002882616538211,Mambakkam,village,False,False,agricultural_burn,"Agricultural cropland near Mambakkam (village, 1.0 km)",1032865618,False,,,1,1,agricultural_burn,0.986
12.63548,79.86098,334.7,0.56,0.43,2026-09-01,750,N,VIIRS,n,2.0NRT,302.52,5.87,D,3.416130600661272,industrial,unnamed,tn_north,12.6305393,79.8299056,1017039654,,,1.5741344741787275,Kaitandalam,village,False,False,agricultural_burn,"Agricultural cropland near Kaitandalam (village, 1.6 km)",1017039654,False,,,1,1,agricultural_burn,0.985
12.6515,79.40098,337.49,0.4,0.44,2026-09-01,750,N,VIIRS,n,2.0NRT,301.46,2.19,D,11.433931007280147,industrial,unnamed,tn_north,12.6671547,79.2968187,178495073,,,3.0974677849027463,Māmbākkam,village,False,False,agricultural_burn,"Agricultural cropland near Māmbākkam (village, 3.1 km)",178495073,False,,,1,1,agricultural_burn,0.986
12.65554,79.40025,336.68,0.4,0.44,2026-09-01,750,N,VIIRS,n,2.0NRT,302.28,2.19,D,11.295437124831915,industrial,unnamed,tn_north,12.6671547,79.2968187,178495073,,,2.6417826586464868,Māmbākkam,village,False,False,agricultural_burn,"Agricultural cropland near Māmbākkam (village, 2.6 km)",178495073,False,,,1,1,agricultural_burn,0.986
12.8083,79.95654,331.11,0.55,0.43,2026-09-01,750,N,VIIRS,l,2.0NRT,302.28,3.64,D,3.329719152800881,works,unnamed,tn_north,12.8378758,79.9517331,1053243953,,,0.9503512549245428,Senthamangalam,suburb,False,False,urban_commercial_fire,Urban / Commercial area (Senthamangalam),1053243953,False,,,1,0,urban_commercial_fire,0.984
12.82044,79.10441,338.59,0.41,0.45,2026-09-01,750,N,VIIRS,n,2.0NRT,303.67,5.45,D,5.542756954825268,industrial,unnamed,tn_north,12.8682734,79.0900247,138986555,,,3.3502896792305914,Kaniyambādi,village,False,False,agricultural_burn,"Agricultural cropland near Kaniyambādi (village, 3.4 km)",138986555,False,,,1,1,agricultural_burn,0.985
12.82455,79.10368,332.39,0.41,0.45,2026-09-01,750,N,VIIRS,l,2.0NRT,304.02,5.9,D,5.082210356540791,industrial,unnamed,tn_north,12.8682734,79.0900247,138986555,,,3.58105448210416,Kaniyambādi,village,False,False,agricultural_burn,"Agricultural cropland near Kaniyambādi (village, 3.6 km)",138986555,False,,,1,0,agricultural_burn,0.983
12.88371,78.21547,333.65,0.47,0.47,2026-09-01,750,N,VIIRS,n,2.0NRT,302.7,3.46,D,39.70885298166956,industrial,Synergy Shakthi Renewable Energy Ltd,cpcb_verified,12.5266,78.215,cpcb_21,Synergy Shakthi Renewable Energy Ltd,Powerplant,0.7925054572679995,Lakkenahalli,village,False,False,agricultural_burn,"Agricultural cropland near Lakkenahalli (village, 0.8 km)",cpcb_21,False,1.67,0.835,1,1,agricultural_burn,0.986
13.20734,79.73056,330.12,0.56,0.43,2026-09-01,750,N,VIIRS,l,2.0NRT,301.37,3.71,D,10.183340005016367,industrial,unnamed,tn_north,13.1248443,79.7714021,174970720,,,0.4866049092844907,Koduvalli,village,False,False,agricultural_burn,"Agricultural cropland near Koduvalli (village, 0.5 km)",174970720,False,,,1,0,agricultural_burn,0.986
10.92252,78.51923,325.57,0.39,0.37,2026-09-01,2023,N,VIIRS,n,2.0NRT,293.57,1.96,N,12.772420407105493,industrial,unnamed,tn_central,10.8445658,78.4333216,1017720847,,,0.5640248799652577,Evur,village,False,False,agricultural_burn,"Agricultural cropland near Evur (village, 0.6 km)",1017720847,False,,,0,1,agricultural_burn,0.987
10.94335,76.3877,303.97,0.47,0.4,2026-09-01,2023,N,VIIRS,n,2.0NRT,291.59,0.57,N,102.1143217720896,industrial,Amaravathy Co-Op Sugar Mills (Distillery),cpcb_verified,10.5876,77.2495,cpcb_4,Amaravathy Co-Op Sugar Mills (Distillery),Distillery,2.1081367141613025,Kottapuram,village,False,False,agricultural_burn,"Agricultural cropland near Kottapuram (village, 2.1 km)",cpcb_4,False,,,0,1,agricultural_burn,0.987
10.99278,79.23927,318.53,0.39,0.36,2026-09-01,2023,N,VIIRS,n,2.0NRT,291.83,2.33,N,7.060767847436173,industrial,unnamed,tn_central,10.9600146,79.2946762,591289040,,,1.169665241338069,Koman,village,False,False,agricultural_burn,"Agricultural cropland near Koman (village, 1.2 km)",591289040,False,,,0,1,agricultural_burn,0.985
10.99333,79.23576,307.67,0.39,0.36,2026-09-01,2023,N,VIIRS,n,2.0NRT,291.5,2.35,N,7.421948188450973,industrial,unnamed,tn_central,10.9600146,79.2946762,591289040,,,0.788272720794638,Koman,village,False,False,agricultural_burn,"Agricultural cropland near Koman (village, 0.8 km)",591289040,False,,,0,1,agricultural_burn,0.984
11.10827,79.43034,306.12,0.38,0.36,2026-09-01,2023,N,VIIRS,n,2.0NRT,291.65,1.26,N,10.865988443381935,industrial,Lanco Tanjore Power Plant,tn_central,11.1214883,79.5290129,374825637,,,0.1633341501985593,Vandayar iruppu,village,False,False,agricultural_burn,"Agricultural cropland near Vandayar iruppu (village, 0.2 km)",374825637,False,,,0,1,agricultural_burn,0.985
11.2683,80.00274,312.46,0.38,0.36,2026-09-01,2023,N,VIIRS,n,2.0NRT,292.83,2.74,N,39.630193786239005,industrial,IL&FS Tamil Nadu Thermal Power Station,tn_central,11.5261596,79.7517592,645959123,,,17.68166840703579,Tirumullaivasal,village,False,False,scrub_biomass_burn,Rural scrubland / open biomass near Tirumullaivasal (17.7 km),645959123,False,,,0,1,scrub_biomass_burn,0.984
11.43151,77.16531,308.64,0.44,0.38,2026-09-01,2023,N,VIIRS,n,2.0NRT,293.07,1.7,N,79.72667321073932,industrial,Madras Aluminium Company Ltd (MALCO),cpcb_verified,11.788,77.8004,cpcb_0,Madras Aluminium Company Ltd (MALCO),Aluminium,2.805963823680937,Solavanur,village,False,False,agricultural_burn,"Agricultural cropland near Solavanur (village, 2.8 km)",cpcb_0,False,,,0,1,agricultural_burn,0.986
11.58526,77.26942,302.45,0.43,0.38,2026-09-01,2023,N,VIIRS,n,2.0NRT,289.46,0.63,N,62.05781427476268,industrial,Madras Aluminium Company Ltd (MALCO),cpcb_verified,11.788,77.8004,cpcb_0,Madras Aluminium Company Ltd (MALCO),Aluminium,9.727560300707434,Satyamangalam,town,False,False,scrub_biomass_burn,Rural scrubland / open biomass near Satyamangalam (9.7 km),cpcb_0,False,,,0,1,scrub_biomass_burn,0.98
11.58561,77.26827,302.6,0.43,0.38,2026-09-01,2023,N,VIIRS,n,2.0NRT,289.36,0.71,N,62.16036476686037,industrial,Madras Aluminium Company Ltd (MALCO),cpcb_verified,11.788,77.8004,cpcb_0,Madras Aluminium Company Ltd (MALCO),Aluminium,9.7318193642699,Satyamangalam,town,False,False,scrub_biomass_burn,Rural scrubland / open biomass near Satyamangalam (9.7 km),cpcb_0,False,,,0,1,scrub_biomass_burn,0.981
11.58795,77.27676,328.51,0.43,0.38,2026-09-01,2023,N,VIIRS,n,2.0NRT,290.39,2.54,N,61.20424985520731,industrial,Madras Aluminium Company Ltd (MALCO),cpcb_verified,11.788,77.8004,cpcb_0,Madras Aluminium Company Ltd (MALCO),Aluminium,10.255997375009615,Satyamangalam,town,False,False,scrub_biomass_burn,Rural scrubland / open biomass near Satyamangalam (10.3 km),cpcb_0,False,,,0,1,scrub_biomass_burn,0.983
11.58907,77.26917,316.85,0.43,0.38,2026-09-01,2023,N,VIIRS,n,2.0NRT,288.53,1.3,N,61.93022848680968,industrial,Madras Aluminium Company Ltd (MALCO),cpcb_verified,11.788,77.8004,cpcb_0,Madras Aluminium Company Ltd (MALCO),Aluminium,10.128818019666436,Satyamangalam,town,False,False,scrub_biomass_burn,Rural scrubland / open biomass near Satyamangalam (10.1 km),cpcb_0,False,,,0,1,scrub_biomass_burn,0.984
11.592,77.27362,325.47,0.43,0.38,2026-09-01,2023,N,VIIRS,n,2.0NRT,290.18,2.54,N,61.361124312585794,industrial,Madras Aluminium Company Ltd (MALCO),cpcb_verified,11.788,77.8004,cpcb_0,Madras Aluminium Company Ltd (MALCO),Aluminium,10.575845338371842,Satyamangalam,town,False,False,scrub_biomass_burn,Rural scrubland / open biomass near Satyamangalam (10.6 km),cpcb_0,False,,,0,1,scrub_biomass_burn,0.983
11.59257,77.26982,304.87,0.43,0.38,2026-09-01,2023,N,VIIRS,n,2.0NRT,287.86,1.3,N,61.725698722916384,industrial,Madras Aluminium Company Ltd (MALCO),cpcb_verified,11.788,77.8004,cpcb_0,Madras Aluminium Company Ltd (MALCO),Aluminium,10.52312253433796,Satyamangalam,town,False,False,scrub_biomass_burn,Rural scrubland / open biomass near Satyamangalam (10.5 km),cpcb_0,False,,,0,1,scrub_biomass_burn,0.983
11.80976,77.92097,306.97,0.41,0.37,2026-09-01,2023,N,VIIRS,n,2.0NRT,292.26,2.29,N,13.344694492697256,industrial,Madras Aluminium Company Ltd (MALCO),cpcb_verified,11.788,77.8004,cpcb_0,Madras Aluminium Company Ltd (MALCO),Aluminium,0.7911070487425753,Kuttapatti,village,False,False,agricultural_burn,"Agricultural cropland near Kuttapatti (village, 0.8 km)",cpcb_0,False,,,0,1,agricultural_burn,0.987
11.81017,77.92106,307.2,0.41,0.37,2026-09-01,2023,N,VIIRS,n,2.0NRT,292.19,2.41,N,13.362654106105603,industrial,Madras Aluminium Company Ltd (MALCO),cpcb_verified,11.788,77.8004,cpcb_0,Madras Aluminium Company Ltd (MALCO),Aluminium,0.8269551542538753,Kuttapatti,village,False,False,agricultural_burn,"Agricultural cropland near Kuttapatti (village, 0.8 km)",cpcb_0,False,,,0,1,agricultural_burn,0.987
12.07241,79.15073,306.96,0.39,0.36,2026-09-01,2023,N,VIIRS,n,2.0NRT,290.91,1.83,N,17.83027039109894,industrial,unnamed,tn_central,11.9185368,79.1968552,265038581,,,2.541895870430429,Andampallam,village,False,False,agricultural_burn,"Agricultural cropland near Andampallam (village, 2.5 km)",265038581,False,,,0,1,agricultural_burn,0.983
12.29086,79.93877,311.05,0.38,0.36,2026-09-01,2023,N,VIIRS,n,2.0NRT,291.14,1.98,N,21.11440584209396,industrial,unnamed,tn_central,12.305508,79.7450029,1409959982,,,5.493008727702459,Chunampet,village,False,False,scrub_biomass_burn,Rural scrubland / open biomass near Chunampet (5.5 km),1409959982,False,,,0,1,scrub_biomass_burn,0.982
12.29417,79.93931,325.11,0.38,0.36,2026-09-01,2023,N,VIIRS,n,2.0NRT,291.53,1.98,N,21.147636630403447,industrial,unnamed,tn_central,12.305508,79.7450029,1409959982,,,5.723750771278923,Kadapakkam,village,False,False,scrub_biomass_burn,Rural scrubland / open biomass near Kadapakkam (5.7 km),1409959982,False,,,0,1,scrub_biomass_burn,0.983
12.74743,77.61809,300.42,0.43,0.38,2026-09-01,2023,N,VIIRS,n,2.0NRT,288.9,0.43,N,22.48481475797596,industrial,Sanmar Speciality Chemicals Ltd,cpcb_verified,12.7409,77.8253,cpcb_12,Sanmar Speciality Chemicals Ltd,Pharma,0.8365089983408408,Krishnadoddi,village,False,False,agricultural_burn,"Agricultural cropland near Krishnadoddi (village, 0.8 km)",cpcb_12,False,,,0,1,agricultural_burn,0.986
8.44806,80.39248,312.37,0.4,0.37,2026-09-01,2025,N,VIIRS,n,2.0NRT,282.87,0.65,N,150.93870693391924,industrial,Arkay Energy (Rameswaram) Ltd,cpcb_verified,9.2876,79.3129,cpcb_27,Arkay Energy (Rameswaram) Ltd,Powerplant,1.261485047490195,Puwarasankulama,village,False,False,agricultural_burn,"Agricultural cropland near Puwarasankulama (village, 1.3 km)",cpcb_27,False,,,0,1,agricultural_burn,0.986
8.6686,77.99117,299.21,0.39,0.37,2026-09-01,2025,N,VIIRS,n,2.0NRT,278.27,0.36,N,19.03193436860596,industrial,Coastal Energen Power Ltd,cpcb_verified,8.7642,78.1348,cpcb_25,Sterlite Industries (India) Ltd - Copper Smelter,Copper,3.137225781471132,Perungulam,village,False,False,agricultural_burn,"Agricultural cropland near Perungulam (village, 3.1 km)",cpcb_25,False,,,0,1,agricultural_burn,0.983
9.2637,77.50169,313.85,0.41,0.37,2026-09-01,2025,N,VIIRS,n,2.0NRT,293.16,1.36,N,62.01322969911019,industrial,Empee Sugars and Chemicals Ltd,cpcb_verified,8.7089,77.4442,cpcb_38,Empee Sugars and Chemicals Ltd,Sugar,4.223702253812048,Kuvalaikkanni,village,False,False,agricultural_burn,"Agricultural cropland near Kuvalaikkanni (village, 4.2 km)",cpcb_38,False,,,0,1,agricultural_burn,0.985
9.56943,77.53551,308.38,0.41,0.37,2026-09-01,2025,N,VIIRS,n,2.0NRT,268.79,1.35,N,52.93308156369855,industrial,unnamed,tn_central,9.5822502,78.0181003,751731783,,,9.808784839815216,Thiruvannamalai,village,False,False,scrub_biomass_burn,Rural scrubland / open biomass near Thiruvannamalai (9.8 km),751731783,False,,,0,1,scrub_biomass_burn,0.984
9.56999,77.5319,304.75,0.41,0.37,2026-09-01,2025,N,VIIRS,n,2.0NRT,267.28,1.35,N,53.32708733341211,industrial,unnamed,tn_central,9.5822502,78.0181003,751731783,,,10.105280842926112,Mamsapuram,village,False,False,scrub_biomass_burn,Rural scrubland / open biomass near Mamsapuram (10.1 km),751731783,False,,,0,1,scrub_biomass_burn,0.984
9.5723,77.5396,299.71,0.41,0.37,2026-09-01,2025,N,VIIRS,n,2.0NRT,269.85,0.85,N,52.47687552025685,industrial,unnamed,tn_central,9.5822502,78.0181003,751731783,,,9.503864291021218,Thiruvannamalai,village,False,False,scrub_biomass_burn,Rural scrubland / open biomass near Thiruvannamalai (9.5 km),751731783,False,,,0,1,scrub_biomass_burn,0.983
9.57284,77.53609,305.91,0.41,0.37,2026-09-01,2025,N,VIIRS,n,2.0NRT,268.13,1.24,N,52.86038012729286,industrial,unnamed,tn_central,9.5822502,78.0181003,751731783,,,9.883148636283607,Thiruvannamalai,village,False,False,scrub_biomass_burn,Rural scrubland / open biomass near Thiruvannamalai (9.9 km),751731783,False,,,0,1,scrub_biomass_burn,0.984
9.58141,77.54852,311.48,0.41,0.37,2026-09-01,2025,N,VIIRS,n,2.0NRT,272.37,1.01,N,51.48657047613743,industrial,unnamed,tn_central,9.5822502,78.0181003,751731783,,,8.934651501350718,Koomapatti,village,False,False,scrub_biomass_burn,Rural scrubland / open biomass near Koomapatti (8.9 km),751731783,False,,,0,1,scrub_biomass_burn,0.984
10.19173,77.64243,304.01,0.41,0.37,2026-09-01,2025,N,VIIRS,n,2.0NRT,291.74,0.42,N,41.7168912170617,industrial,unnamed,tn_central,10.3173101,78.0016959,906600515,,,3.0619472798274736,Kamakkapatti,village,False,False,agricultural_burn,"Agricultural cropland near Kamakkapatti (village, 3.1 km)",906600515,False,,,0,1,agricultural_burn,0.986
8.41631,80.3227,350.19,0.42,0.61,2026-09-02,729,N,VIIRS,n,2.0NRT,293.83,8.01,D,147.29341357076336,industrial,Arkay Energy (Rameswaram) Ltd,cpcb_verified,9.2876,79.3129,cpcb_27,Arkay Energy (Rameswaram) Ltd,Powerplant,5.661381447293833,Mahamankadawala,village,False,False,scrub_biomass_burn,Rural scrubland / open biomass near Mahamankadawala (5.7 km),cpcb_27,False,,,1,1,scrub_biomass_burn,0.983
8.417,80.32652,338.39,0.42,0.61,2026-09-02,729,N,VIIRS,n,2.0NRT,293.64,11.58,D,147.55937964002266,industrial,Arkay Energy (Rameswaram) Ltd,cpcb_verified,9.2876,79.3129,cpcb_27,Arkay Energy (Rameswaram) Ltd,Powerplant,5.957221423389738,Mahamankadawala,village,False,False,scrub_biomass_burn,Rural scrubland / open biomass near Mahamankadawala (6.0 km),cpcb_27,False,,,1,1,scrub_biomass_burn,0.984
8.4979,80.15121,330.36,0.43,0.62,2026-09-02,729,N,VIIRS,n,2.0NRT,294.23,3.34,D,127.24820678375866,industrial,Arkay Energy (Rameswaram) Ltd,cpcb_verified,9.2876,79.3129,cpcb_27,Arkay Energy (Rameswaram) Ltd,Powerplant,1.1797789518347148,Maha Wilachchiya,village,False,False,agricultural_burn,"Agricultural cropland near Maha Wilachchiya (village, 1.2 km)",cpcb_27,False,,,1,1,agricultural_burn,0.987
8.6888,80.35437,340.54,0.41,0.61,2026-09-02,729,N,VIIRS,n,2.0NRT,293.89,3.92,D,132.35165530186916,industrial,Arkay Energy (Rameswaram) Ltd,cpcb_verified,9.2876,79.3129,cpcb_27,Arkay Energy (Rameswaram) Ltd,Powerplant,1.8649317157368923,Sanmugapuram,village,False,False,agricultural_burn,"Agricultural cropland near Sanmugapuram (village, 1.9 km)",cpcb_27,False,,,1,1,agricultural_burn,0.987
8.69176,80.35313,349.2,0.41,0.61,2026-09-02,729,N,VIIRS,n,2.0NRT,293.08,4.47,D,132.06815150703946,industrial,Arkay Energy (Rameswaram) Ltd,cpcb_verified,9.2876,79.3129,cpcb_27,Arkay Energy (Rameswaram) Ltd,Powerplant,1.6544541092867744,Sanmugapuram,village,False,False,agricultural_burn,"Agricultural cropland near Sanmugapuram (village, 1.7 km)",cpcb_27,False,,,1,1,agricultural_burn,0.987
8.85165,80.32201,333.34,0.41,0.61,2026-09-02,729,N,VIIRS,n,2.0NRT,294.93,5.21,D,120.94441366450678,industrial,Arkay Energy (Rameswaram) Ltd,cpcb_verified,9.2876,79.3129,cpcb_27,Arkay Energy (Rameswaram) Ltd,Powerplant,3.9186710443772808,Keerisuddan,village,False,False,agricultural_burn,"Agricultural cropland near Keerisuddan (village, 3.9 km)",cpcb_27,False,,,1,1,agricultural_burn,0.987
9.41724,80.38377,337.57,0.4,0.6,2026-09-02,729,N,VIIRS,n,2.0NRT,295.68,4.93,D,118.37343870238736,industrial,Arkay Energy (Rameswaram) Ltd,cpcb_verified,9.2876,79.3129,cpcb_27,Arkay Energy (Rameswaram) Ltd,Powerplant,0.8105601919603724,Kanesa Puram,village,False,False,agricultural_burn,"Agricultural cropland near Kanesa Puram (village, 0.8 km)",cpcb_27,False,,,1,1,agricultural_burn,0.987
9.43089,80.39628,332.16,0.4,0.6,2026-09-02,729,N,VIIRS,n,2.0NRT,295.53,3.24,D,119.92577671313828,industrial,Arkay Energy (Rameswaram) Ltd,cpcb_verified,9.2876,79.3129,cpcb_27,Arkay Energy (Rameswaram) Ltd,Powerplant,1.2428546526526072,Kanesa Puram,village,False,False,agricultural_burn,"Agricultural cropland near Kanesa Puram (village, 1.2 km)",cpcb_27,False,,,1,1,agricultural_burn,0.987
9.43142,80.39938,330.56,0.4,0.6,2026-09-02,729,N,VIIRS,n,2.0NRT,295.24,3.58,D,120.27061689977238,industrial,Arkay Energy (Rameswaram) Ltd,cpcb_verified,9.2876,79.3129,cpcb_27,Arkay Energy (Rameswaram) Ltd,Powerplant,1.5406398592105128,Kanesa Puram,village,False,False,agricultural_burn,"Agricultural cropland near Kanesa Puram (village, 1.5 km)",cpcb_27,False,,,1,1,agricultural_burn,0.987
9.43211,80.3729,335.15,0.4,0.6,2026-09-02,729,N,VIIRS,n,2.0NRT,295.31,6.05,D,117.40217265638084,industrial,Arkay Energy (Rameswaram) Ltd,cpcb_verified,9.2876,79.3129,cpcb_27,Arkay Energy (Rameswaram) Ltd,Powerplant,0.3988568922393629,Periya Paranthan,village,False,False,agricultural_burn,"Agricultural cropland near Periya Paranthan (village, 0.4 km)",cpcb_27,False,,,1,1,agricultural_burn,0.987
9.43242,80.37336,341.55,0.4,0.6,2026-09-02,729,N,VIIRS,n,2.0NRT,295.23,6.5,D,117.45683588180952,industrial,Arkay Energy (Rameswaram) Ltd,cpcb_verified,9.2876,79.3129,cpcb_27,Arkay Energy (Rameswaram) Ltd,Powerplant,0.4440849117223189,Periya Paranthan,village,False,False,agricultural_burn,"Agricultural cropland near Periya Paranthan (village, 0.4 km)",cpcb_27,False,,,1,1,agricultural_burn,0.987
9.4328,80.37656,354.0,0.4,0.6,2026-09-02,729,N,VIIRS,n,2.0NRT,295.64,10.97,D,117.81033629233184,industrial,Arkay Energy (Rameswaram) Ltd,cpcb_verified,9.2876,79.3129,cpcb_27,Arkay Energy (Rameswaram) Ltd,Powerplant,0.6669741825520062,Periya Paranthan,village,False,False,agricultural_burn,"Agricultural cropland near Periya Paranthan (village, 0.7 km)",cpcb_27,False,,,1,1,agricultural_burn,0.987
9.43308,80.37701,347.25,0.4,0.6,2026-09-02,729,N,VIIRS,n,2.0NRT,295.69,8.7,D,117.86346450442277,industrial,Arkay Energy (Rameswaram) Ltd,cpcb_verified,9.2876,79.3129,cpcb_27,Arkay Energy (Rameswaram) Ltd,Powerplant,0.7240763519649372,Periya Paranthan,village,False,False,agricultural_burn,"Agricultural cropland near Periya Paranthan (village, 0.7 km)",cpcb_27,False,,,1,1,agricultural_burn,0.987
9.43506,80.38796,330.6,0.4,0.6,2026-09-02,729,N,VIIRS,n,2.0NRT,295.41,3.54,D,119.08336171432444,industrial,Arkay Energy (Rameswaram) Ltd,cpcb_verified,9.2876,79.3129,cpcb_27,Arkay Energy (Rameswaram) Ltd,Powerplant,1.3271978285560204,Kanesa Puram,village,False,False,agricultural_burn,"Agricultural cropland near Kanesa Puram (village, 1.3 km)",cpcb_27,False,,,1,1,agricultural_burn,0.987
9.43638,80.39525,330.96,0.4,0.6,2026-09-02,729,N,VIIRS,n,2.0NRT,295.72,3.24,D,119.89554906012071,industrial,Arkay Energy (Rameswaram) Ltd,cpcb_verified,9.2876,79.3129,cpcb_27,Arkay Energy (Rameswaram) Ltd,Powerplant,1.6679958721402572,Kanesa Puram,village,False,False,agricultural_burn,"Agricultural cropland near Kanesa Puram (village, 1.7 km)",cpcb_27,False,,,1,1,agricultural_burn,0.987
9.64267,80.31721,354.25,0.4,0.6,2026-09-02,729,N,VIIRS,n,2.0NRT,295.12,9.47,D,117.00197313633592,industrial,unnamed,tn_central,10.430444,79.6088047,651535389,,,0.5132328255011547,Iththaavil,village,False,False,agricultural_burn,"Agricultural cropland near Iththaavil (village, 0.5 km)",651535389,False,,,1,1,agricultural_burn,0.987
9.643,80.31789,367.0,0.4,0.6,2026-09-02,729,N,VIIRS,h,2.0NRT,295.82,8.95,D,117.02386132255518,industrial,unnamed,tn_central,10.430444,79.6088047,651535389,,,0.4882159840674667,Iththaavil,village,False,False,agricultural_burn,"Agricultural cropland near Iththaavil (village, 0.5 km)",651535389,False,,,1,2,agricultural_burn,0.987
9.64335,80.32085,353.27,0.4,0.6,2026-09-02,729,N,VIIRS,n,2.0NRT,295.09,11.93,D,117.21004313312451,industrial,unnamed,tn_central,10.430444,79.6088047,651535389,,,0.4179234149710354,Iththaavil,village,False,False,agricultural_burn,"Agricultural cropland near Iththaavil (village, 0.4 km)",651535389,False,,,1,1,agricultural_burn,0.987
9.64366,80.32153,345.81,0.4,0.6,2026-09-02,729,N,VIIRS,n,2.0NRT,294.88,8.44,D,117.23383005997064,industrial,unnamed,tn_central,10.430444,79.6088047,651535389,,,0.4611202468271718,Iththaavil,village,False,False,agricultural_burn,"Agricultural cropland near Iththaavil (village, 0.5 km)",651535389,False,,,1,1,agricultural_burn,0.987
9.94405,78.17075,330.98,0.55,0.68,2026-09-02,731,N,VIIRS,n,2.0NRT,292.36,8.81,D,0.6462018343682973,industrial,Honeywell Technology Solutions,tn_central,9.9382388,78.1708028,673827537,,,1.5651220409627145,Karuppayurani,suburb,False,False,industrial_fire,Industrial facility (Honeywell Technology Solutions),673827537,False,8.545,0.3747665940288709,1,1,industrial_fire,0.984
9.99482,79.18996,341.62,0.47,0.64,2026-09-02,731,N,VIIRS,n,2.0NRT,287.05,4.89,D,32.815425410669704,industrial,unnamed,tn_central,10.2678372,79.3037849,555516026,,,1.1875020033644597,Kodikulam,village,False,False,agricultural_burn,"Agricultural cropland near Kodikulam (village, 1.2 km)",555516026,False,,,1,1,agricultural_burn,0.987
12.1557,79.81212,330.94,0.39,0.59,2026-09-02,731,N,VIIRS,n,2.0NRT,288.02,2.65,D,15.245397177183316,industrial,unnamed,tn_central,12.0198162,79.7934463,554802748,,,6.137965075566378,Murukkeri,village,False,False,scrub_biomass_burn,Rural scrubland / open biomass near Murukkeri (6.1 km),554802748,False,,,1,1,scrub_biomass_burn,0.982
9.92334,78.1786,333.46,0.72,0.75,2026-09-02,911,N,VIIRS,n,2.0NRT,287.09,8.28,D,1.863841816435348,industrial,Honeywell Technology Solutions,tn_central,9.9382388,78.1708028,673827537,,,0.9198727705695224,Karuppayurani,suburb,False,False,industrial_fire,Industrial facility (Honeywell Technology Solutions),673827537,False,8.545,0.3747665940288709,1,1,industrial_fire,0.982
11.34867,77.58162,343.48,0.68,0.74,2026-09-02,911,N,VIIRS,n,2.0NRT,291.66,6.73,D,50.98013785482412,industrial,unnamed,tn_central,11.2875877,78.0450202,1444740068,,,2.7112550576776537,Kanjikovil,village,False,False,agricultural_burn,"Agricultural cropland near Kanjikovil (village, 2.7 km)",1444740068,False,,,1,1,agricultural_burn,0.986
9.55174,77.51925,300.72,0.49,0.49,2026-09-02,2006,N,VIIRS,n,2.0NRT,280.12,0.75,N,54.80325130545926,industrial,unnamed,tn_central,9.5822502,78.0181003,751731783,,,9.66505196795264,Mamsapuram,village,False,False,scrub_biomass_burn,Rural scrubland / open biomass near Mamsapuram (9.7 km),751731783,False,,,0,1,scrub_biomass_burn,0.982
9.55315,77.52262,321.0,0.49,0.49,2026-09-02,2006,N,VIIRS,n,2.0NRT,280.86,2.59,N,54.42479080132164,industrial,unnamed,tn_central,9.5822502,78.0181003,751731783,,,9.47416717030794,Mamsapuram,village,False,False,scrub_biomass_burn,Rural scrubland / open biomass near Mamsapuram (9.5 km),751731783,False,,,0,1,scrub_biomass_burn,0.984
9.55481,77.51051,305.7,0.49,0.49,2026-09-02,2006,N,VIIRS,n,2.0NRT,277.36,0.75,N,55.73979262020154,industrial,unnamed,tn_central,9.5822502,78.0181003,751731783,,,10.63746920747746,Mamsapuram,village,False,False,scrub_biomass_burn,Rural scrubland / open biomass near Mamsapuram (10.6 km),751731783,False,,,0,1,scrub_biomass_burn,0.981
9.55874,77.51527,299.36,0.49,0.49,2026-09-02,2006,N,VIIRS,n,2.0NRT,278.95,2.55,N,55.19591789812887,industrial,unnamed,tn_central,9.5822502,78.0181003,751731783,,,10.491380154847468,Mamsapuram,village,False,False,scrub_biomass_burn,Rural scrubland / open biomass near Mamsapuram (10.5 km),751731783,False,,,0,1,scrub_biomass_burn,0.983
9.55933,77.5109,299.08,0.49,0.49,2026-09-02,2006,N,VIIRS,n,2.0NRT,278.15,0.75,N,55.67145318879779,industrial,unnamed,tn_central,9.5822502,78.0181003,751731783,,,10.905903702681323,Mamsapuram,village,False,False,scrub_biomass_burn,Rural scrubland / open biomass near Mamsapuram (10.9 km),751731783,False,,,0,1,scrub_biomass_burn,0.978
9.56071,77.53418,314.02,0.49,0.49,2026-09-02,2006,N,VIIRS,n,2.0NRT,281.53,2.32,N,53.11442342507623,industrial,unnamed,tn_central,9.5822502,78.0181003,751731783,,,9.151953626436692,Mamsapuram,village,False,False,scrub_biomass_burn,Rural scrubland / open biomass near Mamsapuram (9.2 km),751731783,False,,,0,1,scrub_biomass_burn,0.984
9.56267,77.52,312.46,0.49,0.49,2026-09-02,2006,N,VIIRS,n,2.0NRT,278.52,2.11,N,54.65840803725274,industrial,unnamed,tn_central,9.5822502,78.0181003,751731783,,,10.390345428883965,Mamsapuram,village,False,False,scrub_biomass_burn,Rural scrubland / open biomass near Mamsapuram (10.4 km),751731783,False,,,0,1,scrub_biomass_burn,0.984
11.17563,79.08776,304.65,0.41,0.45,2026-09-02,2006,N,VIIRS,n,2.0NRT,286.18,0.63,N,0.8838903193393545,industrial,unnamed,tn_central,11.1819029,79.0927368,178523246,Tamil Nadu Cement Corp - Ariyalur,Cement,0.7022766194245782,Aminabad,village,False,False,industrial_fire,Industrial facility (Industrial facility),178523246,False,1.1757142857142855,0.9439960653671028,0,1,industrial_fire,0.985
11.59482,77.264,308.29,0.55,0.51,2026-09-02,2006,N,VIIRS,n,2.0NRT,271.1,1.73,N,62.23223492491464,industrial,Madras Aluminium Company Ltd (MALCO),cpcb_verified,11.788,77.8004,cpcb_0,Madras Aluminium Company Ltd (MALCO),Aluminium,10.624554082311372,Satyamangalam,town,False,False,scrub_biomass_burn,Rural scrubland / open biomass near Satyamangalam (10.6 km),cpcb_0,False,,,0,1,scrub_biomass_burn,0.983
11.59569,77.25757,301.79,0.55,0.51,2026-09-02,2006,N,VIIRS,n,2.0NRT,268.93,1.73,N,62.85675390837494,industrial,Madras Aluminium Company Ltd (MALCO),cpcb_verified,11.788,77.8004,cpcb_0,Madras Aluminium Company Ltd (MALCO),Aluminium,10.607483713692227,Satyamangalam,town,False,False,scrub_biomass_burn,Rural scrubland / open biomass near Satyamangalam (10.6 km),cpcb_0,False,,,0,1,scrub_biomass_burn,0.983
11.80807,77.92142,313.58,0.5,0.49,2026-09-02,2006,N,VIIRS,n,2.0NRT,284.21,2.3,N,13.36023444569492,industrial,Madras Aluminium Company Ltd (MALCO),cpcb_verified,11.788,77.8004,cpcb_0,Madras Aluminium Company Ltd (MALCO),Aluminium,0.7391027316953651,Kuttapatti,village,False,False,agricultural_burn,"Agricultural cropland near Kuttapatti (village, 0.7 km)",cpcb_0,False,,,0,1,agricultural_burn,0.987
12.84852,79.90374,334.6,0.38,0.44,2026-09-02,2006,N,VIIRS,n,2.0NRT,288.54,4.0,N,1.3425250618943978,industrial,unnamed,tn_north,12.8375348,79.8986017,940994472,,,4.1698631477643495,Oragadam Industrial Estate,suburb,False,False,industrial_fire,Industrial facility (Industrial facility),940994472,False,3.325,1.660210829985156,0,1,industrial_fire,0.985
12.85253,79.90434,343.13,0.38,0.44,2026-09-02,2006,N,VIIRS,n,2.0NRT,289.45,5.36,N,1.7796631649810306,industrial,unnamed,tn_north,12.8375348,79.8986017,940994472,,,4.043940567958272,Oragadam Industrial Estate,suburb,False,False,industrial_fire,Industrial facility (Industrial facility),940994472,False,3.325,1.660210829985156,0,1,industrial_fire,0.985
13.09088,79.98233,304.44,0.38,0.43,2026-09-02,2006,N,VIIRS,n,2.0NRT,285.15,0.52,N,1.182529880879956,industrial,Spartek Granites,tn_north,13.0903615,79.9932355,31252824,,,1.0571625331741958,Ex Servicemen's Colony,village,False,False,industrial_fire,Industrial facility (Spartek Granites),31252824,False,0.52,0.26,0,1,industrial_fire,0.985
8.284,80.23323,330.92,0.45,0.63,2026-09-03,852,N,VIIRS,n,2.0NRT,292.92,8.64,D,150.60394091634424,industrial,Arkay Energy (Rameswaram) Ltd,cpcb_verified,9.2876,79.3129,cpcb_27,Arkay Energy (Rameswaram) Ltd,Powerplant,2.417703939834132,Sinharagama,village,False,False,agricultural_burn,"Agricultural cropland near Sinharagama (village, 2.4 km)",cpcb_27,False,,,1,1,agricultural_burn,0.987
8.28842,80.23164,331.07,0.45,0.63,2026-09-03,852,N,VIIRS,n,2.0NRT,293.27,7.83,D,150.1221676353873,industrial,Arkay Energy (Rameswaram) Ltd,cpcb_verified,9.2876,79.3129,cpcb_27,Arkay Energy (Rameswaram) Ltd,Powerplant,2.633724654550152,Sinharagama,village,False,False,agricultural_burn,"Agricultural cropland near Sinharagama (village, 2.6 km)",cpcb_27,False,,,1,1,agricultural_burn,0.987
8.39178,80.16251,340.35,0.45,0.63,2026-09-03,852,N,VIIRS,n,2.0NRT,295.25,46.39,D,136.514996316385,industrial,Arkay Energy (Rameswaram) Ltd,cpcb_verified,9.2876,79.3129,cpcb_27,Arkay Energy (Rameswaram) Ltd,Powerplant,2.35309418065611,Kukulkatuwa,village,False,False,agricultural_burn,"Agricultural cropland near Kukulkatuwa (village, 2.4 km)",cpcb_27,False,,,1,1,agricultural_burn,0.987
8.39199,80.16026,334.57,0.45,0.63,2026-09-03,852,N,VIIRS,n,2.0NRT,292.82,23.58,D,136.32899391868042,industrial,Arkay Energy (Rameswaram) Ltd,cpcb_verified,9.2876,79.3129,cpcb_27,Arkay Energy (Rameswaram) Ltd,Powerplant,2.357790854376874,Kukulkatuwa,village,False,False,agricultural_burn,"Agricultural cropland near Kukulkatuwa (village, 2.4 km)",cpcb_27,False,,,1,1,agricultural_burn,0.987
8.3923,80.16667,351.18,0.45,0.63,2026-09-03,852,N,VIIRS,n,2.0NRT,292.93,41.89,D,136.78581602526322,industrial,Arkay Energy (Rameswaram) Ltd,cpcb_verified,9.2876,79.3129,cpcb_27,Arkay Energy (Rameswaram) Ltd,Powerplant,2.052429141715893,Kadurupitiya,village,False,False,agricultural_burn,"Agricultural cropland near Kadurupitiya (village, 2.1 km)",cpcb_27,False,,,1,1,agricultural_burn,0.987
8.39254,80.16441,367.0,0.45,0.63,2026-09-03,852,N,VIIRS,h,2.0NRT,296.13,62.8,D,136.59617947717857,industrial,Arkay Energy (Rameswaram) Ltd,cpcb_verified,9.2876,79.3129,cpcb_27,Arkay Energy (Rameswaram) Ltd,Powerplant,2.184208180676888,Kadurupitiya,village,False,False,agricultural_burn,"Agricultural cropland near Kadurupitiya (village, 2.2 km)",cpcb_27,False,,,1,2,agricultural_burn,0.987
8.55929,80.3675,367.0,0.46,0.64,2026-09-03,852,N,VIIRS,h,2.0NRT,294.02,17.44,D,141.34622563985263,industrial,Arkay Energy (Rameswaram) Ltd,cpcb_verified,9.2876,79.3129,cpcb_27,Arkay Energy (Rameswaram) Ltd,Powerplant,6.220602936265738,Aanaivilunthan,village,False,False,scrub_biomass_burn,Rural scrubland / open biomass near Aanaivilunthan (6.2 km),cpcb_27,False,,,1,2,scrub_biomass_burn,0.983
8.81097,78.0528,333.07,0.32,0.55,2026-09-03,852,N,VIIRS,n,2.0NRT,298.05,0.97,D,10.404007103777085,industrial,Coastal Energen Power Ltd,cpcb_verified,8.7642,78.1348,cpcb_25,Sterlite Industries (India) Ltd - Copper Smelter,Copper,5.032799505328897,Madathur,suburb,False,False,scrub_biomass_burn,Rural scrubland / open biomass near Madathur (5.0 km),cpcb_25,False,,,1,1,scrub_biomass_burn,0.981
8.86421,78.08301,337.52,0.33,0.55,2026-09-03,852,N,VIIRS,n,2.0NRT,296.67,2.55,D,12.492108487639502,industrial,Coastal Energen Power Ltd,cpcb_verified,8.7642,78.1348,cpcb_25,Sterlite Industries (India) Ltd - Copper Smelter,Copper,5.010583165241494,Pandarampatti,village,False,False,scrub_biomass_burn,Rural scrubland / open biomass near Pandarampatti (5.0 km),cpcb_25,False,,,1,1,scrub_biomass_burn,0.973
8.86688,78.08226,334.12,0.33,0.55,2026-09-03,852,N,VIIRS,n,2.0NRT,296.85,1.34,D,12.794086131607012,industrial,Coastal Energen Power Ltd,cpcb_verified,8.7642,78.1348,cpcb_25,Sterlite Industries (India) Ltd - Copper Smelter,Copper,5.3107897902537085,Pandarampatti,village,False,False,scrub_biomass_burn,Rural scrubland / open biomass near Pandarampatti (5.3 km),cpcb_25,False,,,1,1,scrub_biomass_burn,0.983
8.99572,78.11298,337.77,0.33,0.55,2026-09-03,852,N,VIIRS,n,2.0NRT,296.58,1.58,D,22.846541415074245,industrial,IND Barath Thermal Power Ltd,cpcb_verified,8.8894,77.935,cpcb_13,IND Barath Thermal Power Ltd,Powerplant,3.4937095695723803,Muttukumarapalayam,village,False,False,agricultural_burn,"Agricultural cropland near Muttukumarapalayam (village, 3.5 km)",cpcb_13,False,,,1,1,agricultural_burn,0.986
8.99612,78.11604,340.09,0.33,0.55,2026-09-03,852,N,VIIRS,n,2.0NRT,296.73,1.58,D,23.157566452606265,industrial,IND Barath Thermal Power Ltd,cpcb_verified,8.8894,77.935,cpcb_13,IND Barath Thermal Power Ltd,Powerplant,3.1648133939692094,Muttukumarapalayam,village,False,False,agricultural_burn,"Agricultural cropland near Muttukumarapalayam (village, 3.2 km)",cpcb_13,False,,,1,1,agricultural_burn,0.986
9.09281,79.79891,331.83,0.43,0.62,2026-09-03,852,N,VIIRS,n,2.0NRT,291.7,4.75,D,57.57744168850117,industrial,Arkay Energy (Rameswaram) Ltd,cpcb_verified,9.2876,79.3129,cpcb_27,Arkay Energy (Rameswaram) Ltd,Powerplant,2.3571663918333847,Mullitidal,village,False,False,agricultural_burn,"Agricultural cropland near Mullitidal (village, 2.4 km)",cpcb_27,False,,,1,1,agricultural_burn,0.987
9.40996,78.80921,341.22,0.37,0.58,2026-09-03,852,N,VIIRS,n,2.0NRT,292.88,0.73,D,6.105199771300092,industrial,Coromandel Electric Company Ltd,cpcb_verified,9.3639,78.8395,cpcb_24,Pioneer Power Ltd,Powerplant,1.645781983483979,Kavanur,village,False,False,agricultural_burn,"Agricultural cropland near Kavanur (village, 1.6 km)",cpcb_24,False,,,1,1,agricultural_burn,0.985
10.23653,79.19613,367.0,0.41,0.6,2026-09-03,852,N,VIIRS,h,2.0NRT,294.56,11.42,D,12.283185644396944,industrial,unnamed,tn_central,10.2678372,79.3037849,555516026,,,1.4425066544063971,Korattur,village,False,False,agricultural_burn,"Agricultural cropland near Korattur (village, 1.4 km)",555516026,False,,,1,2,agricultural_burn,0.985
10.9525,78.43614,334.3,0.37,0.58,2026-09-03,852,N,VIIRS,n,2.0NRT,273.55,2.9,D,8.539276824172621,industrial,unnamed,tn_central,10.8836374,78.4015207,906600548,,,0.6459161035033871,Musiri,town,False,False,urban_commercial_fire,Urban / Commercial area (Musiri),906600548,False,,,1,1,urban_commercial_fire,0.984
11.5078,79.52651,346.56,0.45,0.63,2026-09-03,852,N,VIIRS,n,2.0NRT,294.32,4.34,D,4.685832293915928,industrial,unnamed,tn_central,11.5141503,79.5690246,675822587,,,5.734093856980633,Neyveli,town,False,False,scrub_biomass_burn,Rural scrubland / open biomass near Neyveli (5.7 km),675822587,False,,,1,1,scrub_biomass_burn,0.983
11.50817,79.52599,344.98,0.44,0.63,2026-09-03,852,N,VIIRS,n,2.0NRT,294.04,2.7,D,4.735896466308122,industrial,unnamed,tn_central,11.5141503,79.5690246,675822587,,,5.66416050341317,Neyveli,town,False,False,scrub_biomass_burn,Rural scrubland / open biomass near Neyveli (5.7 km),675822587,False,,,1,1,scrub_biomass_burn,0.983
9.54534,77.51893,301.06,0.52,0.67,2026-09-03,1949,N,VIIRS,n,2.0NRT,279.69,2.19,N,54.88740715494878,industrial,unnamed,tn_central,9.5822502,78.0181003,751731783,,,9.27751271341,Mamsapuram,village,False,False,scrub_biomass_burn,Rural scrubland / open biomass near Mamsapuram (9.3 km),751731783,False,,,0,1,scrub_biomass_burn,0.983
9.54608,77.51984,305.2,0.52,0.66,2026-09-03,1949,N,VIIRS,n,2.0NRT,279.89,1.59,N,54.7817442305852,industrial,unnamed,tn_central,9.5822502,78.0181003,751731783,,,9.241511744177467,Mamsapuram,village,False,False,scrub_biomass_burn,Rural scrubland / open biomass near Mamsapuram (9.2 km),751731783,False,,,0,1,scrub_biomass_burn,0.983
8.22376,79.9154,335.11,0.42,0.38,2026-08-25,820,N,VIIRS,n,2.0NRT,289.18,8.69,D,135.5638759062707,industrial,Arkay Energy (Rameswaram) Ltd,cpcb_verified,9.2876,79.3129,cpcb_27,Arkay Energy (Rameswaram) Ltd,Powerplant,11.816982553582523,Karaitivu,village,False,False,scrub_biomass_burn,Rural scrubland / open biomass near Karaitivu (11.8 km),cpcb_27,False,,,1,1,scrub_biomass_burn,0.983
8.29243,80.20691,348.62,0.43,0.38,2026-08-25,820,N,VIIRS,n,2.0NRT,287.69,11.89,D,147.97415548776422,industrial,Arkay Energy (Rameswaram) Ltd,cpcb_verified,9.2876,79.3129,cpcb_27,Arkay Energy (Rameswaram) Ltd,Powerplant,3.184426083202201,Nochchiyagama,town,False,False,scrub_biomass_burn,Rural scrubland / open biomass near Nochchiyagama (3.2 km),cpcb_27,False,,,1,1,scrub_biomass_burn,0.977
8.35752,80.23368,344.91,0.44,0.38,2026-08-25,820,N,VIIRS,n,2.0NRT,287.66,7.87,D,144.67824494589271,industrial,Arkay Energy (Rameswaram) Ltd,cpcb_verified,9.2876,79.3129,cpcb_27,Arkay Energy (Rameswaram) Ltd,Powerplant,1.4561763592631238,Ranorawa,village,False,False,agricultural_burn,"Agricultural cropland near Ranorawa (village, 1.5 km)",cpcb_27,False,,,1,1,agricultural_burn,0.987
8.36105,80.23316,334.08,0.44,0.38,2026-08-25,820,N,VIIRS,n,2.0NRT,288.27,3.9,D,144.35756286265791,industrial,Arkay Energy (Rameswaram) Ltd,cpcb_verified,9.2876,79.3129,cpcb_27,Arkay Energy (Rameswaram) Ltd,Powerplant,1.1283474948108192,Ranorawa,village,False,False,agricultural_burn,"Agricultural cropland near Ranorawa (village, 1.1 km)",cpcb_27,False,,,1,1,agricultural_burn,0.987
8.44314,80.35169,331.81,0.44,0.38,2026-08-25,820,N,VIIRS,n,2.0NRT,290.04,5.12,D,147.79085778091886,industrial,Arkay Energy (Rameswaram) Ltd,cpcb_verified,9.2876,79.3129,cpcb_27,Arkay Energy (Rameswaram) Ltd,Powerplant,5.026815437470521,Gambirigaswewa,village,False,False,scrub_biomass_burn,Rural scrubland / open biomass near Gambirigaswewa (5.0 km),cpcb_27,False,,,1,1,scrub_biomass_burn,0.979
8.44372,80.35572,339.94,0.44,0.38,2026-08-25,820,N,VIIRS,n,2.0NRT,291.17,11.18,D,148.0920892341256,industrial,Arkay Energy (Rameswaram) Ltd,cpcb_verified,9.2876,79.3129,cpcb_27,Arkay Energy (Rameswaram) Ltd,Powerplant,4.682477626092149,Gambirigaswewa,village,False,False,agricultural_burn,"Agricultural cropland near Gambirigaswewa (village, 4.7 km)",cpcb_27,False,,,1,1,agricultural_burn,0.984
8.56757,80.34253,334.74,0.44,0.39,2026-08-25,820,N,VIIRS,n,2.0NRT,287.91,3.72,D,138.57202850682904,industrial,Arkay Energy (Rameswaram) Ltd,cpcb_verified,9.2876,79.3129,cpcb_27,Arkay Energy (Rameswaram) Ltd,Powerplant,3.424892257504377,Aanaivilunthan,village,False,False,agricultural_burn,"Agricultural cropland near Aanaivilunthan (village, 3.4 km)",cpcb_27,False,,,1,1,agricultural_burn,0.987
8.63257,80.34579,344.64,0.44,0.39,2026-08-25,820,N,VIIRS,n,2.0NRT,295.21,8.37,D,134.81826105940758,industrial,Arkay Energy (Rameswaram) Ltd,cpcb_verified,9.2876,79.3129,cpcb_27,Arkay Energy (Rameswaram) Ltd,Powerplant,2.0369029500726867,Neriyakulam,town,False,False,urban_commercial_fire,Urban / Commercial area (Neriyakulam),cpcb_27,False,,,1,1,urban_commercial_fire,0.984
8.63329,80.34522,338.37,0.44,0.39,2026-08-25,820,N,VIIRS,n,2.0NRT,294.85,7.19,D,134.72223489700116,industrial,Arkay Energy (Rameswaram) Ltd,cpcb_verified,9.2876,79.3129,cpcb_27,Arkay Energy (Rameswaram) Ltd,Powerplant,2.1366758252187013,Neriyakulam,town,False,False,urban_commercial_fire,Urban / Commercial area (Neriyakulam),cpcb_27,False,,,1,1,urban_commercial_fire,0.984
8.69478,80.34908,339.58,0.44,0.39,2026-08-25,820,N,VIIRS,n,2.0NRT,291.26,3.86,D,131.51451525833355,industrial,Arkay Energy (Rameswaram) Ltd,cpcb_verified,9.2876,79.3129,cpcb_27,Arkay Energy (Rameswaram) Ltd,Powerplant,1.156837480375705,Kanthasamy Nagar,village,False,False,agricultural_burn,"Agricultural cropland near Kanthasamy Nagar (village, 1.2 km)",cpcb_27,False,,,1,1,agricultural_burn,0.987
8.7244,80.32823,336.03,0.44,0.39,2026-08-25,820,N,VIIRS,n,2.0NRT,287.31,4.74,D,127.88957387565766,industrial,Arkay Energy (Rameswaram) Ltd,cpcb_verified,9.2876,79.3129,cpcb_27,Arkay Energy (Rameswaram) Ltd,Powerplant,2.3466197802435604,Thaddankulam,village,False,False,agricultural_burn,"Agricultural cropland near Thaddankulam (village, 2.3 km)",cpcb_27,False,,,1,1,agricultural_burn,0.987
10.21385,79.24151,330.12,0.42,0.37,2026-08-25,822,N,VIIRS,n,2.0NRT,278.65,3.48,D,9.081433215738244,industrial,unnamed,tn_central,10.2678372,79.3037849,555516026,,,1.4862192726881087,Ammani Chattram,village,False,False,agricultural_burn,"Agricultural cropland near Ammani Chattram (village, 1.5 km)",555516026,False,,,1,1,agricultural_burn,0.985
10.2144,79.2453,332.07,0.42,0.37,2026-08-25,822,N,VIIRS,n,2.0NRT,277.4,4.51,D,8.732800541257566,industrial,unnamed,tn_central,10.2678372,79.3037849,555516026,,,1.1709355046061405,Ammani Chattram,village,False,False,agricultural_burn,"Agricultural cropland near Ammani Chattram (village, 1.2 km)",555516026,False,,,1,1,agricultural_burn,0.985
9.70498,77.43482,295.89,0.45,0.47,2026-08-25,2055,N,VIIRS,n,2.0NRT,271.73,1.89,N,65.38137973989286,industrial,unnamed,tn_central,9.5822502,78.0181003,751731783,,,5.839591967867517,Thummakundu,village,False,False,scrub_biomass_burn,Rural scrubland / open biomass near Thummakundu (5.8 km),751731783,False,,,0,1,scrub_biomass_burn,0.98
9.15012,80.21935,335.19,0.42,0.37,2026-08-26,801,N,VIIRS,l,2.0NRT,296.34,6.6,D,100.65831300631528,industrial,Arkay Energy (Rameswaram) Ltd,cpcb_verified,9.2876,79.3129,cpcb_27,Arkay Energy (Rameswaram) Ltd,Powerplant,2.507799123064237,Kalvilaan,village,False,False,agricultural_burn,"Agricultural cropland near Kalvilaan (village, 2.5 km)",cpcb_27,False,,,1,0,agricultural_burn,0.987
9.34108,80.16885,334.89,0.42,0.37,2026-08-26,801,N,VIIRS,l,2.0NRT,299.04,4.26,D,94.11045079920792,industrial,Arkay Energy (Rameswaram) Ltd,cpcb_verified,9.2876,79.3129,cpcb_27,Arkay Energy (Rameswaram) Ltd,Powerplant,1.8046185370443764,Jeyapuram,village,False,False,agricultural_burn,"Agricultural cropland near Jeyapuram (village, 1.8 km)",cpcb_27,False,,,1,0,agricultural_burn,0.987
9.38904,78.88414,334.56,0.47,0.4,2026-08-26,801,N,VIIRS,l,2.0NRT,299.26,5.44,D,5.639080289496432,industrial,Coromandel Electric Company Ltd,cpcb_verified,9.3639,78.8395,cpcb_24,Pioneer Power Ltd,Powerplant,2.2394712881507006,Melakottai,village,False,False,agricultural_burn,"Agricultural cropland near Melakottai (village, 2.2 km)",cpcb_24,False,,,1,0,agricultural_burn,0.986
9.38948,78.88505,336.31,0.47,0.4,2026-08-26,801,N,VIIRS,l,2.0NRT,299.69,6.1,D,5.75004054269242,industrial,Coromandel Electric Company Ltd,cpcb_verified,9.3639,78.8395,cpcb_24,Pioneer Power Ltd,Powerplant,2.346294315461447,Melakottai,village,False,False,agricultural_burn,"Agricultural cropland near Melakottai (village, 2.3 km)",cpcb_24,False,,,1,0,agricultural_burn,0.986
9.6447,79.92132,332.66,0.42,0.38,2026-08-26,801,N,VIIRS,l,2.0NRT,297.66,4.9,D,77.65205988374889,industrial,Arkay Energy (Rameswaram) Ltd,cpcb_verified,9.2876,79.3129,cpcb_27,Arkay Energy (Rameswaram) Ltd,Powerplant,2.229890990038232,Velanai,town,False,False,urban_commercial_fire,Urban / Commercial area (Velanai),cpcb_27,False,,,1,0,urban_commercial_fire,0.983
9.80408,78.17467,337.02,0.5,0.41,2026-08-26,801,N,VIIRS,n,2.0NRT,296.81,4.0,D,4.890658185999016,industrial,unnamed,tn_central,9.8416538,78.1978726,726539296,,,4.637129110501684,Nallur,village,False,False,agricultural_burn,"Agricultural cropland near Nallur (village, 4.6 km)",726539296,False,,,1,1,agricultural_burn,0.984
9.90823,78.08034,333.85,0.51,0.41,2026-08-26,801,N,VIIRS,n,2.0NRT,295.48,5.5,D,2.691798728206301,industrial,TVS Tyre industries,tn_central,9.9317416,78.0861919,850010016,,,1.2962566646337836,Madakkulam,suburb,False,False,urban_commercial_fire,Urban / Commercial area (Madakkulam),850010016,False,,,1,1,urban_commercial_fire,0.985
9.90871,78.08326,333.9,0.51,0.41,2026-08-26,801,N,VIIRS,n,2.0NRT,295.44,5.83,D,2.581053206348792,industrial,TVS Tyre industries,tn_central,9.9317416,78.0861919,850010016,,,1.02811055024797,Madakkulam,suburb,False,False,urban_commercial_fire,Urban / Commercial area (Madakkulam),850010016,False,,,1,1,urban_commercial_fire,0.985
10.05334,77.95324,348.01,0.51,0.41,2026-08-26,801,N,VIIRS,n,2.0NRT,296.96,10.17,D,14.0882382662641,industrial,unnamed,tn_central,9.9634869,78.0439453,990848644,,,3.6456149509540703,Vadipatti,town,False,False,scrub_biomass_burn,Rural scrubland / open biomass near Vadipatti (3.6 km),990848644,False,,,1,1,scrub_biomass_burn,0.98
12.13064,79.65323,333.44,0.41,0.37,2026-08-26,801,N,VIIRS,l,2.0NRT,306.63,24.35,D,10.65471399156208,industrial,unnamed,tn_central,12.226458,79.6525741,1026841622,,,3.780518138163349,Mailam,village,False,False,agricultural_burn,"Agricultural cropland near Mailam (village, 3.8 km)",1026841622,False,,,1,0,agricultural_burn,0.984
11.18108,79.10128,303.57,0.43,0.38,2026-08-26,2038,N,VIIRS,n,2.0NRT,285.73,0.43,N,0.6770672151120003,plant,unnamed,tn_central,11.1860116,79.1049206,1468887795,,,0.7263596447524198,Thamaraikulam,village,False,False,industrial_fire,Industrial facility (Industrial facility),1468887795,False,1.016,0.6221977177714492,0,1,industrial_fire,0.985
11.2694,80.00464,310.68,0.47,0.4,2026-08-26,2038,N,VIIRS,n,2.0NRT,285.63,1.4,N,39.68532089343656,industrial,IL&FS Tamil Nadu Thermal Power Station,tn_central,11.5261596,79.7517592,645959123,,,17.90656850756086,Tirumullaivasal,village,False,False,scrub_biomass_burn,Rural scrubland / open biomass near Tirumullaivasal (17.9 km),645959123,False,,,0,1,scrub_biomass_burn,0.984
11.80979,77.00835,302.99,0.38,0.36,2026-08-26,2038,N,VIIRS,n,2.0NRT,272.49,0.44,N,86.24511084668077,industrial,Madras Aluminium Company Ltd (MALCO),cpcb_verified,11.788,77.8004,cpcb_0,Madras Aluminium Company Ltd (MALCO),Aluminium,2.1411332441697493,Attagulipura,village,False,False,agricultural_burn,"Agricultural cropland near Attagulipura (village, 2.1 km)",cpcb_0,False,,,0,1,agricultural_burn,0.986
11.81618,77.91673,315.08,0.4,0.37,2026-08-26,2038,N,VIIRS,n,2.0NRT,286.24,2.03,N,13.043816801058096,industrial,Madras Aluminium Company Ltd (MALCO),cpcb_verified,11.788,77.8004,cpcb_0,Madras Aluminium Company Ltd (MALCO),Aluminium,0.7910291637387874,Kukkalpatti,village,False,False,agricultural_burn,"Agricultural cropland near Kukkalpatti (village, 0.8 km)",cpcb_0,False,,,0,1,agricultural_burn,0.987
8.53706,77.95217,335.66,0.37,0.58,2026-08-27,744,N,VIIRS,n,2.0NRT,291.67,2.88,D,32.26410297584321,industrial,Coastal Energen Power Ltd,cpcb_verified,8.7642,78.1348,cpcb_25,Sterlite Industries (India) Ltd - Copper Smelter,Copper,3.3456222328347094,Nazareth,town,False,False,scrub_biomass_burn,Rural scrubland / open biomass near Nazareth (3.3 km),cpcb_25,False,,,1,1,scrub_biomass_burn,0.979
8.53767,77.95551,330.37,0.37,0.58,2026-08-27,744,N,VIIRS,n,2.0NRT,291.3,2.88,D,31.983465076174017,industrial,Coastal Energen Power Ltd,cpcb_verified,8.7642,78.1348,cpcb_25,Sterlite Industries (India) Ltd - Copper Smelter,Copper,3.0643910936237746,Nazareth,town,False,False,scrub_biomass_burn,Rural scrubland / open biomass near Nazareth (3.1 km),cpcb_25,False,,,1,1,scrub_biomass_burn,0.979
8.93558,77.80733,336.01,0.37,0.58,2026-08-27,744,N,VIIRS,n,2.0NRT,294.19,2.63,D,14.935344222836648,industrial,IND Barath Thermal Power Ltd,cpcb_verified,8.8894,77.935,cpcb_13,IND Barath Thermal Power Ltd,Powerplant,4.071234538560405,Kayathar,town,False,False,scrub_biomass_burn,Rural scrubland / open biomass near Kayathar (4.1 km),cpcb_13,False,,,1,1,scrub_biomass_burn,0.982
9.13009,77.84245,341.07,0.36,0.58,2026-08-27,744,N,VIIRS,n,2.0NRT,296.5,4.92,D,28.62855905294486,industrial,IND Barath Thermal Power Ltd,cpcb_verified,8.8894,77.935,cpcb_13,IND Barath Thermal Power Ltd,Powerplant,2.231870353978173,Nalattinputhur,village,False,False,agricultural_burn,"Agricultural cropland near Nalattinputhur (village, 2.2 km)",cpcb_13,False,,,1,1,agricultural_burn,0.985
9.1307,77.84574,335.59,0.36,0.58,2026-08-27,744,N,VIIRS,n,2.0NRT,296.02,4.28,D,28.565978439180903,industrial,IND Barath Thermal Power Ltd,cpcb_verified,8.8894,77.935,cpcb_13,IND Barath Thermal Power Ltd,Powerplant,2.54496085050512,Nalattinputhur,village,True,False,wildfire,Forest / Woodland reserve near Nalattinputhur,cpcb_13,False,,,1,1,wildfire,0.978
9.13252,77.84334,338.51,0.36,0.58,2026-08-27,744,N,VIIRS,n,2.0NRT,296.56,3.68,D,28.847054269271727,industrial,IND Barath Thermal Power Ltd,cpcb_verified,8.8894,77.935,cpcb_13,IND Barath Thermal Power Ltd,Powerplant,2.233065720638923,Nalattinputhur,village,False,False,agricultural_burn,"Agricultural cropland near Nalattinputhur (village, 2.2 km)",cpcb_13,False,,,1,1,agricultural_burn,0.985
9.20093,77.46384,331.96,0.38,0.59,2026-08-27,744,N,VIIRS,n,2.0NRT,295.68,1.61,D,54.753752842101285,industrial,Empee Sugars and Chemicals Ltd,cpcb_verified,8.7089,77.4442,cpcb_38,Empee Sugars and Chemicals Ltd,Sugar,1.799438187411275,Thalaivankottai,village,False,False,agricultural_burn,"Agricultural cropland near Thalaivankottai (village, 1.8 km)",cpcb_38,False,,,1,1,agricultural_burn,0.987
9.30457,78.81348,334.81,0.62,0.54,2026-08-27,744,N,VIIRS,n,2.0NRT,296.26,0.98,D,7.18845619256063,industrial,Coromandel Electric Company Ltd,cpcb_verified,9.3639,78.8395,cpcb_24,Pioneer Power Ltd,Powerplant,2.5257954219921044,Tiruppulani,village,False,False,agricultural_burn,"Agricultural cropland near Tiruppulani (village, 2.5 km)",cpcb_24,False,,,1,1,agricultural_burn,0.985
9.30486,78.81577,336.81,0.62,0.54,2026-08-27,744,N,VIIRS,n,2.0NRT,296.38,6.54,D,7.062427694226497,industrial,Coromandel Electric Company Ltd,cpcb_verified,9.3639,78.8395,cpcb_24,Pioneer Power Ltd,Powerplant,2.446415786889792,Tiruppulani,village,False,False,agricultural_burn,"Agricultural cropland near Tiruppulani (village, 2.4 km)",cpcb_24,False,,,1,1,agricultural_burn,0.986
9.42552,80.37328,340.3,0.49,0.48,2026-08-27,744,N,VIIRS,n,2.0NRT,295.98,7.33,D,117.3465539124948,industrial,Arkay Energy (Rameswaram) Ltd,cpcb_verified,9.2876,79.3129,cpcb_27,Arkay Energy (Rameswaram) Ltd,Powerplant,0.3593872887593372,Periya Paranthan,village,False,False,agricultural_burn,"Agricultural cropland near Periya Paranthan (village, 0.4 km)",cpcb_27,False,,,1,1,agricultural_burn,0.987
9.91843,77.93557,335.55,0.35,0.56,2026-08-27,744,N,VIIRS,n,2.0NRT,294.03,2.57,D,7.052876192872917,industrial,Vadapalanji IT SEZ,tn_central,9.9312285,77.9986372,1034798587,,,2.0330737903045617,Karumathur,village,False,False,agricultural_burn,"Agricultural cropland near Karumathur (village, 2.0 km)",1034798587,False,,,1,1,agricultural_burn,0.986
9.9931,79.18903,333.06,0.57,0.52,2026-08-27,744,N,VIIRS,n,2.0NRT,295.75,1.7,D,33.03102981560767,industrial,unnamed,tn_central,10.2678372,79.3037849,555516026,,,1.2771933494578216,Kodikulam,village,False,False,agricultural_burn,"Agricultural cropland near Kodikulam (village, 1.3 km)",555516026,False,,,1,1,agricultural_burn,0.987
10.02469,78.36389,334.84,0.32,0.55,2026-08-27,744,N,VIIRS,n,2.0NRT,295.39,2.55,D,9.924272349364475,industrial,unnamed,tn_central,9.9979705,78.2774156,773664994,,,2.869201817163604,Villanathanpatti,village,False,False,agricultural_burn,"Agricultural cropland near Villanathanpatti (village, 2.9 km)",773664994,False,,,1,1,agricultural_burn,0.986
10.28012,78.98431,339.64,0.58,0.52,2026-08-27,744,N,VIIRS,n,2.0NRT,296.95,7.07,D,3.792941015211591,industrial,unnamed,tn_central,10.2527046,78.9636835,542622910,,,1.1325086708503491,Paravakkottai,village,False,False,agricultural_burn,"Agricultural cropland near Paravakkottai (village, 1.1 km)",542622910,False,,,1,1,agricultural_burn,0.984
10.87787,77.24078,330.18,0.37,0.58,2026-08-27,744,N,VIIRS,n,2.0NRT,295.55,3.26,D,32.29060733699988,industrial,Amaravathy Co-Op Sugar Mills (Distillery),cpcb_verified,10.5876,77.2495,cpcb_4,Amaravathy Co-Op Sugar Mills (Distillery),Distillery,1.2164236305389533,Vadambacheri,village,False,False,agricultural_burn,"Agricultural cropland near Vadambacheri (village, 1.2 km)",cpcb_4,False,,,1,1,agricultural_burn,0.987
10.99141,78.89906,338.6,0.57,0.52,2026-08-27,744,N,VIIRS,n,2.0NRT,298.76,10.52,D,5.950184349264561,industrial,Dalmia Cement,tn_central,10.9680364,78.9480942,178531096,,,1.0539294918154198,Siruvayalur,village,False,False,agricultural_burn,"Agricultural cropland near Siruvayalur (village, 1.1 km)",178531096,False,2.66,1.33,1,1,agricultural_burn,0.985
11.69187,79.39234,332.69,0.52,0.5,2026-08-27,744,N,VIIRS,n,2.0NRT,295.48,1.98,D,11.73539448923844,industrial,Chengalrayan Co-operative Sugar Mills,cpcb_verified,11.6167,79.3167,cpcb_35,Chengalrayan Co-operative Sugar Mills,Sugar,4.218828350250143,Iluppaiyur,village,False,False,agricultural_burn,"Agricultural cropland near Iluppaiyur (village, 4.2 km)",cpcb_35,False,,,1,1,agricultural_burn,0.986
12.19828,79.71751,331.74,0.48,0.48,2026-08-27,744,N,VIIRS,n,2.0NRT,293.89,2.89,D,7.721433386727822,industrial,unnamed,tn_central,12.226458,79.6525741,1026841622,,,7.814920963685963,Tindivanam,town,False,False,scrub_biomass_burn,Rural scrubland / open biomass near Tindivanam (7.8 km),1026841622,False,,,1,1,scrub_biomass_burn,0.981
9.49335,77.62408,304.15,0.47,0.4,2026-08-27,2017,N,VIIRS,n,2.0NRT,283.83,0.45,N,44.32378292358642,industrial,unnamed,tn_central,9.5822502,78.0181003,751731783,,,1.5656548279930005,Lakshmiapuram,village,False,False,agricultural_burn,"Agricultural cropland near Lakshmiapuram (village, 1.6 km)",751731783,False,,,0,1,agricultural_burn,0.986
9.49338,77.62221,302.0,0.47,0.4,2026-08-27,2017,N,VIIRS,n,2.0NRT,281.79,0.44,N,44.52295927270497,industrial,unnamed,tn_central,9.5822502,78.0181003,751731783,,,1.446510547041993,Lakshmiapuram,village,False,False,agricultural_burn,"Agricultural cropland near Lakshmiapuram (village, 1.4 km)",751731783,False,,,0,1,agricultural_burn,0.986
10.14528,78.35623,306.72,0.44,0.38,2026-08-27,2017,N,VIIRS,n,2.0NRT,293.87,0.73,N,15.848170527949463,industrial,unnamed,tn_central,10.1586945,78.5003802,749602645,,,1.5650860873922898,Karungalakudi,village,False,False,agricultural_burn,"Agricultural cropland near Karungalakudi (village, 1.6 km)",749602645,False,3.96,1.98,0,1,agricultural_burn,0.986
11.10949,77.76649,309.44,0.48,0.4,2026-08-27,2017,N,VIIRS,n,2.0NRT,292.92,1.12,N,25.911575931425663,industrial,TNPL Paper Mill,tn_central,11.052316,77.9966873,61982524,,,2.645617926734191,Sivagiri,village,False,False,agricultural_burn,"Agricultural cropland near Sivagiri (village, 2.6 km)",61982524,False,,,0,1,agricultural_burn,0.986
11.17704,79.08945,307.88,0.42,0.38,2026-08-27,2017,N,VIIRS,n,2.0NRT,291.52,1.27,N,0.648798887432942,industrial,unnamed,tn_central,11.1819029,79.0927368,178523246,Tamil Nadu Cement Corp - Ariyalur,Cement,0.8142289151196471,Aminabad,village,False,False,industrial_fire,Industrial facility (Industrial facility),178523246,False,1.1757142857142855,0.9439960653671028,0,1,industrial_fire,0.985
11.18222,79.10208,304.71,0.42,0.38,2026-08-27,2017,N,VIIRS,n,2.0NRT,290.78,2.06,N,0.5232270325665191,plant,unnamed,tn_central,11.1860116,79.1049206,1468887795,,,0.7930826696495316,Thamaraikulam,village,False,False,industrial_fire,Industrial facility (Industrial facility),1468887795,False,1.016,0.6221977177714492,0,1,industrial_fire,0.985
11.26739,80.00417,312.59,0.4,0.37,2026-08-27,2017,N,VIIRS,n,2.0NRT,289.69,1.56,N,39.81105890594054,industrial,IL&FS Tamil Nadu Thermal Power Station,tn_central,11.5261596,79.7517592,645959123,,,17.818998099492365,Tirumullaivasal,village,False,False,scrub_biomass_burn,Rural scrubland / open biomass near Tirumullaivasal (17.8 km),645959123,False,,,0,1,scrub_biomass_burn,0.984
11.81603,77.91864,320.62,0.48,0.4,2026-08-27,2017,N,VIIRS,n,2.0NRT,290.36,2.43,N,13.24178333534498,industrial,Madras Aluminium Company Ltd (MALCO),cpcb_verified,11.788,77.8004,cpcb_0,Madras Aluminium Company Ltd (MALCO),Aluminium,0.5962155872168777,Kukkalpatti,village,False,False,agricultural_burn,"Agricultural cropland near Kukkalpatti (village, 0.6 km)",cpcb_0,False,,,0,1,agricultural_burn,0.987
11.81781,77.91653,311.73,0.48,0.4,2026-08-27,2017,N,VIIRS,n,2.0NRT,289.98,2.88,N,13.067445540694695,industrial,Madras Aluminium Company Ltd (MALCO),cpcb_verified,11.788,77.8004,cpcb_0,Madras Aluminium Company Ltd (MALCO),Aluminium,0.7911476241600671,Kukkalpatti,village,False,False,agricultural_burn,"Agricultural cropland near Kukkalpatti (village, 0.8 km)",cpcb_0,False,,,0,1,agricultural_burn,0.986
8.30407,77.63763,313.44,0.46,0.39,2026-08-27,2019,N,VIIRS,n,2.0NRT,293.13,1.33,N,45.70494826729566,industrial,Sun Paper Mills Limited,cpcb_verified,8.6822,77.4747,cpcb_28,Sun Paper Mills Limited,Pulp & Paper,0.4130683639385988,Kumbilampadu,village,False,False,agricultural_burn,"Agricultural cropland near Kumbilampadu (village, 0.4 km)",cpcb_28,False,,,0,1,agricultural_burn,0.985
8.30766,77.63818,310.18,0.46,0.39,2026-08-27,2019,N,VIIRS,n,2.0NRT,293.28,1.33,N,45.36189097988061,industrial,Sun Paper Mills Limited,cpcb_verified,8.6822,77.4747,cpcb_28,Sun Paper Mills Limited,Pulp & Paper,0.2490698241390782,Kumbilampadu,village,False,False,agricultural_burn,"Agricultural cropland near Kumbilampadu (village, 0.2 km)",cpcb_28,False,,,0,1,agricultural_burn,0.985
13.39244,80.10186,316.57,0.41,0.37,2026-08-27,2019,N,VIIRS,n,2.0NRT,295.63,2.51,N,0.9084832340197432,industrial,unnamed,tn_north,13.3871773,80.1082841,840721285,T.C.P. Limited - Gummidipoondi,Powerplant,3.838035824756474,Gummidipoondi,town,False,False,industrial_fire,Industrial facility (Industrial facility),840721285,False,1.5444444444444445,1.0770690682485398,0,1,industrial_fire,0.985
8.57365,80.37617,329.17,0.52,0.67,2026-08-28,724,N,VIIRS,n,2.0NRT,282.05,3.95,D,141.22222661927034,industrial,Arkay Energy (Rameswaram) Ltd,cpcb_verified,9.2876,79.3129,cpcb_27,Arkay Energy (Rameswaram) Ltd,Powerplant,5.317033014229205,Neriyakulam,town,False,False,scrub_biomass_burn,Rural scrubland / open biomass near Neriyakulam (5.3 km),cpcb_27,False,,,1,1,scrub_biomass_burn,0.983
8.71467,77.97586,332.45,0.75,0.77,2026-08-28,724,N,VIIRS,n,2.0NRT,291.91,6.6,D,18.315780089231843,industrial,Coastal Energen Power Ltd,cpcb_verified,8.7642,78.1348,cpcb_25,Sterlite Industries (India) Ltd - Copper Smelter,Copper,1.989343418237195,Mudivaithanendal,village,False,False,agricultural_burn,"Agricultural cropland near Mudivaithanendal (village, 2.0 km)",cpcb_25,False,,,1,1,agricultural_burn,0.984
8.72874,78.1054,335.79,0.73,0.76,2026-08-28,724,N,VIIRS,n,2.0NRT,291.61,9.62,D,5.097756816079812,industrial,Coastal Energen Power Ltd,cpcb_verified,8.7642,78.1348,cpcb_25,Sterlite Industries (India) Ltd - Copper Smelter,Copper,1.8377635170123832,Mullakadu,suburb,False,False,urban_commercial_fire,Urban / Commercial area (Mullakadu),cpcb_25,False,,,1,1,urban_commercial_fire,0.984
8.73258,78.10741,334.15,0.73,0.76,2026-08-28,724,N,VIIRS,n,2.0NRT,291.19,7.04,D,4.628543772952334,industrial,Coastal Energen Power Ltd,cpcb_verified,8.7642,78.1348,cpcb_25,Sterlite Industries (India) Ltd - Copper Smelter,Copper,1.464044164281576,Mullakadu,suburb,False,False,urban_commercial_fire,Urban / Commercial area (Mullakadu),cpcb_25,False,,,1,1,urban_commercial_fire,0.984
9.277,78.39668,334.35,0.69,0.74,2026-08-28,724,N,VIIRS,n,2.0NRT,290.53,6.4,D,28.782596587820937,industrial,unnamed,tn_central,9.4983399,78.2606531,719469796,,,9.330356598256566,Sengappadai,village,False,False,scrub_biomass_burn,Rural scrubland / open biomass near Sengappadai (9.3 km),719469796,False,,,1,1,scrub_biomass_burn,0.983
9.27714,78.39496,335.92,0.69,0.74,2026-08-28,724,N,VIIRS,n,2.0NRT,290.19,4.62,D,28.67186118881314,industrial,unnamed,tn_central,9.4983399,78.2606531,719469796,,,9.312211292377487,Sengappadai,village,False,False,scrub_biomass_burn,Rural scrubland / open biomass near Sengappadai (9.3 km),719469796,False,,,1,1,scrub_biomass_burn,0.983
9.27846,78.39858,336.74,0.57,0.69,2026-08-28,905,N,VIIRS,n,2.0NRT,293.77,6.18,D,28.75302746401881,industrial,unnamed,tn_central,9.4983399,78.2606531,719469796,,,9.175469911986305,Sengappadai,village,False,False,scrub_biomass_burn,Rural scrubland / open biomass near Sengappadai (9.2 km),719469796,False,,,1,1,scrub_biomass_burn,0.983
9.33079,77.52433,334.37,0.5,0.66,2026-08-28,905,N,VIIRS,n,2.0NRT,297.58,4.97,D,60.95058987917358,industrial,unnamed,tn_central,9.5822502,78.0181003,751731783,,,3.749721706510175,Thenmalai,village,False,False,agricultural_burn,"Agricultural cropland near Thenmalai (village, 3.7 km)",751731783,False,,,1,1,agricultural_burn,0.987
9.33131,77.52667,334.29,0.5,0.66,2026-08-28,905,N,VIIRS,n,2.0NRT,297.26,1.72,D,60.6960054974498,industrial,unnamed,tn_central,9.5822502,78.0181003,751731783,,,3.999276219543285,Thenmalai,village,False,False,agricultural_burn,"Agricultural cropland near Thenmalai (village, 4.0 km)",751731783,False,,,1,1,agricultural_burn,0.986
9.4159,77.509,332.41,0.5,0.66,2026-08-28,905,N,VIIRS,n,2.0NRT,296.85,1.46,D,58.81741773332996,industrial,unnamed,tn_central,9.5822502,78.0181003,751731783,,,0.5488185584177689,Sundaranatchiyarpuram,village,False,False,agricultural_burn,"Agricultural cropland near Sundaranatchiyarpuram (village, 0.5 km)",751731783,False,,,1,1,agricultural_burn,0.986
9.41621,77.50993,334.29,0.5,0.66,2026-08-28,905,N,VIIRS,n,2.0NRT,297.25,2.78,D,58.70973505231152,industrial,unnamed,tn_central,9.5822502,78.0181003,751731783,,,0.5450849999120486,Sundaranatchiyarpuram,village,False,False,agricultural_burn,"Agricultural cropland near Sundaranatchiyarpuram (village, 0.5 km)",751731783,False,,,1,1,agricultural_burn,0.987
10.61728,77.41994,301.09,0.33,0.55,2026-08-28,2000,N,VIIRS,n,2.0NRT,284.85,0.23,N,18.91858645526364,industrial,Amaravathy Co-Op Sugar Mills (Distillery),cpcb_verified,10.5876,77.2495,cpcb_4,Amaravathy Co-Op Sugar Mills (Distillery),Distillery,4.782116251133679,Kaniyur,village,False,False,agricultural_burn,"Agricultural cropland near Kaniyur (village, 4.8 km)",cpcb_4,False,,,0,1,agricultural_burn,0.984
8.57969,77.66151,339.99,0.48,0.48,2026-08-29,845,N,VIIRS,n,2.0NRT,295.44,3.72,D,23.488289275706563,industrial,Sun Paper Mills Limited,cpcb_verified,8.6822,77.4747,cpcb_28,Sun Paper Mills Limited,Pulp & Paper,1.4369027810431356,Vagaikkulam,village,False,False,agricultural_burn,"Agricultural cropland near Vagaikkulam (village, 1.4 km)",cpcb_28,False,,,1,1,agricultural_burn,0.986
8.60485,77.9724,339.73,0.5,0.49,2026-08-29,845,N,VIIRS,n,2.0NRT,288.68,3.44,D,25.1519053725068,industrial,Coastal Energen Power Ltd,cpcb_verified,8.7642,78.1348,cpcb_25,Sterlite Industries (India) Ltd - Copper Smelter,Copper,1.6437473246712415,Thenthiruperai,village,False,False,agricultural_burn,"Agricultural cropland near Thenthiruperai (village, 1.6 km)",cpcb_25,False,,,1,1,agricultural_burn,0.987
8.60874,77.96722,336.02,0.5,0.49,2026-08-29,845,N,VIIRS,n,2.0NRT,287.79,2.7,D,25.261151606452675,industrial,Coastal Energen Power Ltd,cpcb_verified,8.7642,78.1348,cpcb_25,Sterlite Industries (India) Ltd - Copper Smelter,Copper,2.289495473779628,Thenthiruperai,village,False,False,agricultural_burn,"Agricultural cropland near Thenthiruperai (village, 2.3 km)",cpcb_25,False,,,1,1,agricultural_burn,0.987
8.64795,77.83846,336.15,0.49,0.49,2026-08-29,845,N,VIIRS,n,2.0NRT,293.65,2.82,D,28.868196097802272,industrial,IND Barath Thermal Power Ltd,cpcb_verified,8.8894,77.935,cpcb_13,IND Barath Thermal Power Ltd,Powerplant,1.604551728449149,Karungulam,village,False,False,agricultural_burn,"Agricultural cropland near Karungulam (village, 1.6 km)",cpcb_13,False,,,1,1,agricultural_burn,0.986
8.65245,77.83784,330.16,0.49,0.49,2026-08-29,845,N,VIIRS,n,2.0NRT,291.93,1.92,D,28.42892629521318,industrial,IND Barath Thermal Power Ltd,cpcb_verified,8.8894,77.935,cpcb_13,IND Barath Thermal Power Ltd,Powerplant,1.389836094062854,Seydunganallur,village,False,False,agricultural_burn,"Agricultural cropland near Seydunganallur (village, 1.4 km)",cpcb_13,False,,,1,1,agricultural_burn,0.986
8.74677,78.08665,332.55,0.51,0.49,2026-08-29,845,N,VIIRS,n,2.0NRT,287.41,2.69,D,5.635409769182443,industrial,Coastal Energen Power Ltd,cpcb_verified,8.7642,78.1348,cpcb_25,Sterlite Industries (India) Ltd - Copper Smelter,Copper,3.3947768134717244,Korampallam,village,False,False,agricultural_burn,"Agricultural cropland near Korampallam (village, 3.4 km)",cpcb_25,False,,,1,1,agricultural_burn,0.984
9.50563,77.60714,335.3,0.49,0.48,2026-08-29,845,N,VIIRS,n,2.0NRT,295.79,4.45,D,45.86249223597092,industrial,unnamed,tn_central,9.5822502,78.0181003,751731783,,,2.120704058473054,Mamsapuram,village,False,False,agricultural_burn,"Agricultural cropland near Mamsapuram (village, 2.1 km)",751731783,False,,,1,1,agricultural_burn,0.986
10.93459,78.47301,337.47,0.58,0.52,2026-08-29,845,N,VIIRS,n,2.0NRT,299.46,5.59,D,9.645056271408174,industrial,unnamed,tn_central,10.8836374,78.4015207,906600548,,,0.8318968186199024,Sevanthilingapuram,village,False,False,agricultural_burn,"Agricultural cropland near Sevanthilingapuram (village, 0.8 km)",906600548,False,,,1,1,agricultural_burn,0.987
11.74922,79.71774,333.73,0.36,0.58,2026-08-29,845,N,VIIRS,n,2.0NRT,294.78,2.57,D,4.358882665608907,industrial,unnamed,tn_central,11.7458501,79.7576308,339687733,,,0.2065173727808447,Kumara Pettai,suburb,False,False,urban_commercial_fire,Urban / Commercial area (Kumara Pettai),339687733,False,,,1,1,urban_commercial_fire,0.984
11.83292,79.64937,332.56,0.36,0.57,2026-08-29,845,N,VIIRS,n,2.0NRT,295.44,2.65,D,4.615807939005287,industrial,MRF,tn_central,11.874276,79.6457085,164695298,,,3.90978644308042,Nettapakkam,village,False,False,agricultural_burn,"Agricultural cropland near Nettapakkam (village, 3.9 km)",164695298,False,,,1,1,agricultural_burn,0.984
12.17967,79.73842,344.66,0.37,0.58,2026-08-29,845,N,VIIRS,n,2.0NRT,295.14,7.67,D,10.682449178719311,industrial,unnamed,tn_central,12.226458,79.6525741,1026841622,,,8.253797040247356,Kiliyanur,village,False,False,scrub_biomass_burn,Rural scrubland / open biomass near Kiliyanur (8.3 km),1026841622,False,,,1,1,scrub_biomass_burn,0.981
13.51015,78.18242,335.03,0.6,0.53,2026-08-29,848,N,VIIRS,n,2.0NRT,295.74,6.93,D,93.8725888877728,industrial,Sanmar Speciality Chemicals Ltd,cpcb_verified,12.7409,77.8253,cpcb_12,Sanmar Speciality Chemicals Ltd,Pharma,1.072711383236311,Vempalli,village,False,False,agricultural_burn,"Agricultural cropland near Vempalli (village, 1.1 km)",cpcb_12,False,,,1,1,agricultural_burn,0.987
9.75551,77.517,308.74,0.66,0.73,2026-08-29,1940,N,VIIRS,n,2.0NRT,282.3,1.86,N,56.268536853344514,industrial,Vadapalanji IT SEZ,tn_central,9.9312285,77.9986372,1034798587,,,1.5981710602365284,Thangammalpuram,village,False,False,agricultural_burn,"Agricultural cropland near Thangammalpuram (village, 1.6 km)",1034798587,False,,,0,1,agricultural_burn,0.987
9.75605,77.51919,313.12,0.66,0.73,2026-08-29,1940,N,VIIRS,n,2.0NRT,282.92,1.18,N,56.02265085885534,industrial,Vadapalanji IT SEZ,tn_central,9.9312285,77.9986372,1034798587,,,1.3508308315027655,Thangammalpuram,village,False,False,agricultural_burn,"Agricultural cropland near Thangammalpuram (village, 1.4 km)",1034798587,False,,,0,1,agricultural_burn,0.987
10.93793,78.46664,321.14,0.59,0.7,2026-08-29,1940,N,VIIRS,n,2.0NRT,278.39,1.99,N,9.327315192048673,industrial,unnamed,tn_central,10.8836374,78.4015207,906600548,,,0.8379880869833058,Umayalpuram,village,False,False,agricultural_burn,"Agricultural cropland near Umayalpuram (village, 0.8 km)",906600548,False,,,0,1,agricultural_burn,0.986
10.94446,78.46751,302.27,0.59,0.7,2026-08-29,1940,N,VIIRS,n,2.0NRT,277.97,1.99,N,9.881889938879084,industrial,unnamed,tn_central,10.8836374,78.4015207,906600548,,,0.6952163255616762,Mangaraipatti,village,False,False,agricultural_burn,"Agricultural cropland near Mangaraipatti (village, 0.7 km)",906600548,False,,,0,1,agricultural_burn,0.986
12.07226,78.52171,302.25,0.63,0.72,2026-08-29,2121,N,VIIRS,n,2.0NRT,284.22,1.07,N,4.697803846748011,industrial,Amman Granites,tn_central,12.0353215,78.5007423,534780045,,,1.9091058378294947,Muthanoor,village,True,False,wildfire,Forest / Woodland reserve near Muthanoor,534780045,False,,,0,1,wildfire,0.968
12.49513,76.73359,298.77,0.47,0.64,2026-08-29,2121,N,VIIRS,n,2.0NRT,284.16,0.38,N,121.57197642490068,industrial,Sanmar Speciality Chemicals Ltd,cpcb_verified,12.7409,77.8253,cpcb_12,Sanmar Speciality Chemicals Ltd,Pharma,0.5967355899622615,Talashasana,village,False,False,agricultural_burn,"Agricultural cropland near Talashasana (village, 0.6 km)",cpcb_12,False,,,0,1,agricultural_burn,0.986
13.03323,77.87466,295.27,0.55,0.68,2026-08-29,2121,N,VIIRS,n,2.0NRT,280.63,0.36,N,32.94299409288515,industrial,Sanmar Speciality Chemicals Ltd,cpcb_verified,12.7409,77.8253,cpcb_12,Sanmar Speciality Chemicals Ltd,Pharma,1.111911312026169,Kattigenahalli,village,False,False,agricultural_burn,"Agricultural cropland near Kattigenahalli (village, 1.1 km)",cpcb_12,False,,,0,1,agricultural_burn,0.985
9.75523,77.51794,313.52,0.6,0.7,2026-08-29,2123,N,VIIRS,n,2.0NRT,288.15,2.38,N,56.18283045461279,industrial,Vadapalanji IT SEZ,tn_central,9.9312285,77.9986372,1034798587,,,1.5057150004723328,Thangammalpuram,village,False,False,agricultural_burn,"Agricultural cropland near Thangammalpuram (village, 1.5 km)",1034798587,False,,,0,1,agricultural_burn,0.986
10.94256,78.46865,309.17,0.65,0.73,2026-08-29,2123,N,VIIRS,n,2.0NRT,288.02,2.26,N,9.830976556759936,industrial,unnamed,tn_central,10.8836374,78.4015207,906600548,,,0.6314376432627593,Mangaraipatti,village,False,False,agricultural_burn,"Agricultural cropland near Mangaraipatti (village, 0.6 km)",906600548,False,,,0,1,agricultural_burn,0.983
8.16379,79.83366,347.02,0.39,0.36,2026-08-20,813,N,VIIRS,n,2.0NRT,292.76,5.84,D,137.44563442619378,industrial,Arkay Energy (Rameswaram) Ltd,cpcb_verified,9.2876,79.3129,cpcb_27,Arkay Energy (Rameswaram) Ltd,Powerplant,7.143222435486898,Karaitivu,village,False,False,scrub_biomass_burn,Rural scrubland / open biomass near Karaitivu (7.1 km),cpcb_27,False,,,1,1,scrub_biomass_burn,0.983
8.92556,77.96257,348.38,0.39,0.36,2026-08-20,813,N,VIIRS,n,2.0NRT,298.95,8.49,D,5.0338605059602655,industrial,IND Barath Thermal Power Ltd,cpcb_verified,8.8894,77.935,cpcb_13,IND Barath Thermal Power Ltd,Powerplant,6.721584812347013,Ottappidaram,town,False,False,scrub_biomass_burn,Rural scrubland / open biomass near Ottappidaram (6.7 km),cpcb_13,False,,,1,1,scrub_biomass_burn,0.981
9.00053,79.86462,336.71,0.39,0.36,2026-08-20,813,N,VIIRS,n,2.0NRT,294.45,3.48,D,68.46538093306133,industrial,Arkay Energy (Rameswaram) Ltd,cpcb_verified,9.2876,79.3129,cpcb_27,Arkay Energy (Rameswaram) Ltd,Powerplant,1.8147843170283,Toddaveli,village,False,False,agricultural_burn,"Agricultural cropland near Toddaveli (village, 1.8 km)",cpcb_27,False,,,1,1,agricultural_burn,0.987
9.00601,79.87824,338.67,0.39,0.36,2026-08-20,813,N,VIIRS,n,2.0NRT,296.45,4.06,D,69.51462294950576,industrial,Arkay Energy (Rameswaram) Ltd,cpcb_verified,9.2876,79.3129,cpcb_27,Arkay Energy (Rameswaram) Ltd,Powerplant,0.897194234714895,Toddaveli,village,False,False,agricultural_burn,"Agricultural cropland near Toddaveli (village, 0.9 km)",cpcb_27,False,,,1,1,agricultural_burn,0.987
9.0254,79.83466,331.19,0.39,0.36,2026-08-20,813,N,VIIRS,n,2.0NRT,294.77,1.97,D,64.27105734065412,industrial,Arkay Energy (Rameswaram) Ltd,cpcb_verified,9.2876,79.3129,cpcb_27,Arkay Energy (Rameswaram) Ltd,Powerplant,4.5020685843311,Tayliankudiyiruppu,village,False,False,agricultural_burn,"Agricultural cropland near Tayliankudiyiruppu (village, 4.5 km)",cpcb_27,False,,,1,1,agricultural_burn,0.987
10.20464,78.83772,339.24,0.38,0.36,2026-08-20,813,N,VIIRS,n,2.0NRT,302.04,11.72,D,8.246066656382574,industrial,unnamed,tn_central,10.2053945,78.7623732,665751399,,,1.2530295714081523,Aanaivaari,village,True,False,wildfire,Forest / Woodland reserve near Aanaivaari,665751399,False,,,1,1,wildfire,0.983
10.57315,79.49966,330.82,0.39,0.36,2026-08-20,813,N,VIIRS,n,2.0NRT,291.05,2.25,D,6.523232181379468,industrial,Thirumakotai Power Station,tn_central,10.5410009,79.4497437,341599763,,,1.198164212044863,Kuruchi,village,False,False,agricultural_burn,"Agricultural cropland near Kuruchi (village, 1.2 km)",341599763,False,,,1,1,agricultural_burn,0.986
12.54274,79.87836,347.01,0.4,0.37,2026-08-20,816,N,VIIRS,n,2.0NRT,293.15,4.92,D,6.520330350641142,industrial,unnamed,tn_north,12.5982666,79.8590477,1264712768,,,2.6965965871152555,Vedanthangal,village,False,False,agricultural_burn,"Agricultural cropland near Vedanthangal (village, 2.7 km)",1264712768,False,,,1,1,agricultural_burn,0.986
12.66698,79.70408,331.27,0.4,0.37,2026-08-20,816,N,VIIRS,n,2.0NRT,298.22,1.45,D,7.335442403876595,industrial,Cheyyar SEZ Developers Pvt. Ltd.,tn_north,12.7220708,79.666881,597913161,,,5.627493211681383,Perunagar,village,False,False,scrub_biomass_burn,Rural scrubland / open biomass near Perunagar (5.6 km),597913161,False,,,1,1,scrub_biomass_burn,0.982
12.89302,78.87909,331.01,0.39,0.36,2026-08-20,816,N,VIIRS,n,2.0NRT,285.21,1.83,D,20.95634373953033,industrial,Bachi Shoes India Pvt Ltd (Ambur),cpcb_verified,12.7917,78.7161,cpcb_42,Bachi Shoes India Pvt Ltd (Ambur),Tannery,0.5372288775679812,Palandipatti,village,False,False,agricultural_burn,"Agricultural cropland near Palandipatti (village, 0.5 km)",cpcb_42,False,,,1,1,agricultural_burn,0.985
13.04383,79.59259,335.61,0.4,0.37,2026-08-20,816,N,VIIRS,n,2.0NRT,300.02,2.46,D,4.322564049483961,industrial,unnamed,tn_north,13.0778375,79.6119225,910297571,,,6.179312931612292,Kilandurai,village,False,False,scrub_biomass_burn,Rural scrubland / open biomass near Kilandurai (6.2 km),910297571,False,,,1,1,scrub_biomass_burn,0.975
13.07203,79.95014,330.69,0.41,0.37,2026-08-20,816,N,VIIRS,n,2.0NRT,296.86,3.38,D,2.851364702136374,industrial,unnamed,tn_north,13.0496273,79.9629485,830928063,,,3.394816006961933,Valasaivettikadu,village,False,False,agricultural_burn,"Agricultural cropland near Valasaivettikadu (village, 3.4 km)",830928063,False,,,1,1,agricultural_burn,0.973
13.34752,79.09665,337.78,0.39,0.36,2026-08-20,816,N,VIIRS,n,2.0NRT,303.6,1.8,D,4.108195485029095,industrial,Frozen Tropicals,tn_north,13.3840029,79.090657,1099323608,,,0.243311657859109,Puthalapattu,village,False,False,agricultural_burn,"Agricultural cropland near Puthalapattu (village, 0.2 km)",1099323608,False,,,1,1,agricultural_burn,0.983
13.40582,80.21592,334.97,0.42,0.38,2026-08-20,816,N,VIIRS,n,2.0NRT,295.65,6.25,D,8.858783214568247,industrial,unnamed,tn_north,13.3473119,80.1603386,1074260437,North Chennai Thermal Power Station,Powerplant,3.744448750744535,Thirupalaivanam,village,False,False,agricultural_burn,"Agricultural cropland near Thirupalaivanam (village, 3.7 km)",1074260437,False,,,1,1,agricultural_burn,0.984
8.73957,77.60084,314.99,0.57,0.43,2026-08-20,2049,N,VIIRS,n,2.0NRT,270.0,2.37,N,15.261544210984644,industrial,Sun Paper Mills Limited,cpcb_verified,8.6822,77.4747,cpcb_28,Sun Paper Mills Limited,Pulp & Paper,3.402627940588792,Nadukkallur,village,True,False,wildfire,Forest / Woodland reserve near Nadukkallur,cpcb_28,False,,,0,1,wildfire,0.985
12.66991,76.85605,302.15,0.46,0.39,2026-08-20,2049,N,VIIRS,n,2.0NRT,285.08,0.73,N,105.43251418686457,industrial,Sanmar Speciality Chemicals Ltd,cpcb_verified,12.7409,77.8253,cpcb_12,Sanmar Speciality Chemicals Ltd,Pharma,0.996610865930194,Doddagarudanahalli,village,False,False,agricultural_burn,"Agricultural cropland near Doddagarudanahalli (village, 1.0 km)",cpcb_12,False,,,0,1,agricultural_burn,0.987
12.68449,76.45203,306.01,0.44,0.38,2026-08-20,2049,N,VIIRS,n,2.0NRT,287.99,0.81,N,149.089151640878,industrial,Sanmar Speciality Chemicals Ltd,cpcb_verified,12.7409,77.8253,cpcb_12,Sanmar Speciality Chemicals Ltd,Pharma,1.7529461056028337,Karoti,village,False,False,agricultural_burn,"Agricultural cropland near Karoti (village, 1.8 km)",cpcb_12,False,,,0,1,agricultural_burn,0.987
8.07838,80.0887,331.6,0.51,0.41,2026-08-21,756,N,VIIRS,n,2.0NRT,294.15,15.5,D,159.22002596984464,industrial,Arkay Energy (Rameswaram) Ltd,cpcb_verified,9.2876,79.3129,cpcb_27,Arkay Energy (Rameswaram) Ltd,Powerplant,1.969857252962083,Ralapanawa,village,False,False,agricultural_burn,"Agricultural cropland near Ralapanawa (village, 2.0 km)",cpcb_27,False,,,1,1,agricultural_burn,0.987
8.43317,80.33639,334.3,0.49,0.4,2026-08-21,756,N,VIIRS,l,2.0NRT,295.35,14.02,D,147.2108859108859,industrial,Arkay Energy (Rameswaram) Ltd,cpcb_verified,9.2876,79.3129,cpcb_27,Arkay Energy (Rameswaram) Ltd,Powerplant,6.867062480656947,Puwarasankulama,village,False,False,scrub_biomass_burn,Rural scrubland / open biomass near Puwarasankulama (6.9 km),cpcb_27,False,,,1,0,scrub_biomass_burn,0.983
8.58488,77.95021,335.12,0.45,0.47,2026-08-21,756,N,VIIRS,n,2.0NRT,298.77,2.49,D,28.44809289617844,industrial,Coastal Energen Power Ltd,cpcb_verified,8.7642,78.1348,cpcb_25,Sterlite Industries (India) Ltd - Copper Smelter,Copper,2.541064153645582,Alwarthirunagari,village,False,False,agricultural_burn,"Agricultural cropland near Alwarthirunagari (village, 2.5 km)",cpcb_25,False,,,1,1,agricultural_burn,0.986
9.31269,78.05367,338.9,0.43,0.46,2026-08-21,756,N,VIIRS,n,2.0NRT,305.16,7.06,D,23.282304324646365,industrial,unnamed,tn_central,9.5036327,78.1407603,906837199,,,3.7576492616377553,Vembur,village,False,False,agricultural_burn,"Agricultural cropland near Vembur (village, 3.8 km)",906837199,False,,,1,1,agricultural_burn,0.986
9.3194,78.58262,336.47,0.4,0.44,2026-08-21,756,N,VIIRS,n,2.0NRT,303.54,1.47,D,20.99225832964569,industrial,unnamed,tn_central,9.4991424,78.6411443,477564304,,,7.87074150271664,Mudukulattur,village,False,False,scrub_biomass_burn,Rural scrubland / open biomass near Mudukulattur (7.9 km),477564304,False,,,1,1,scrub_biomass_burn,0.983
9.34518,78.81236,335.72,0.38,0.44,2026-08-21,756,N,VIIRS,n,2.0NRT,301.64,1.58,D,3.633127022690442,industrial,Coromandel Electric Company Ltd,cpcb_verified,9.3639,78.8395,cpcb_24,Pioneer Power Ltd,Powerplant,2.7300448572660576,Puttendal,village,False,False,agricultural_burn,"Agricultural cropland near Puttendal (village, 2.7 km)",cpcb_24,False,,,1,1,agricultural_burn,0.985
9.36559,78.66248,367.0,0.39,0.44,2026-08-21,756,N,VIIRS,h,2.0NRT,306.38,10.37,D,15.033631994459018,industrial,unnamed,tn_central,9.4991424,78.6411443,477564304,,,6.81364080512418,Tiyahur,village,False,False,scrub_biomass_burn,Rural scrubland / open biomass near Tiyahur (6.8 km),477564304,False,,,1,2,scrub_biomass_burn,0.983
9.46089,77.93649,343.41,0.43,0.46,2026-08-21,756,N,VIIRS,n,2.0NRT,304.98,2.92,D,16.192627187180822,industrial,unnamed,tn_central,9.5822502,78.0181003,751731783,,,0.6799858129334376,Vachchakkarapatti Chattram,village,False,False,agricultural_burn,"Agricultural cropland near Vachchakkarapatti Chattram (village, 0.7 km)",751731783,False,,,1,1,agricultural_burn,0.987
9.74367,77.84486,336.43,0.43,0.46,2026-08-21,756,N,VIIRS,n,2.0NRT,303.98,1.11,D,21.244222951172627,industrial,unnamed,tn_central,9.7615692,78.0378628,1025074545,,,2.6787637089421894,T.Kallupatti,village,False,False,agricultural_burn,"Agricultural cropland near T.Kallupatti (village, 2.7 km)",1025074545,False,,,1,1,agricultural_burn,0.986
9.74707,77.88758,336.81,0.43,0.46,2026-08-21,756,N,VIIRS,n,2.0NRT,305.26,1.44,D,16.54782975676089,industrial,unnamed,tn_central,9.7615692,78.0378628,1025074545,,,4.483042015422972,Chinna Sengappadai,village,False,False,agricultural_burn,"Agricultural cropland near Chinna Sengappadai (village, 4.5 km)",1025074545,False,,,1,1,agricultural_burn,0.986
10.04823,77.95352,349.94,0.42,0.45,2026-08-21,756,N,VIIRS,n,2.0NRT,300.86,5.9,D,13.66896465384412,industrial,unnamed,tn_central,9.9634869,78.0439453,990848644,,,3.145643248896088,Sholavandan,town,False,False,scrub_biomass_burn,Rural scrubland / open biomass near Sholavandan (3.1 km),990848644,False,,,1,1,scrub_biomass_burn,0.982
10.05175,77.94893,344.09,0.42,0.45,2026-08-21,756,N,VIIRS,n,2.0NRT,300.57,7.89,D,14.302989485148595,industrial,unnamed,tn_central,9.9634869,78.0439453,990848644,,,3.6773711063923207,Sholavandan,town,False,False,scrub_biomass_burn,Rural scrubland / open biomass near Sholavandan (3.7 km),990848644,False,,,1,1,scrub_biomass_burn,0.982
10.05242,77.9528,337.08,0.42,0.45,2026-08-21,756,N,VIIRS,n,2.0NRT,296.24,5.9,D,14.05006964434432,industrial,unnamed,tn_central,9.9634869,78.0439453,990848644,,,3.61591942681882,Sholavandan,town,False,False,scrub_biomass_burn,Rural scrubland / open biomass near Sholavandan (3.6 km),990848644,False,,,1,1,scrub_biomass_burn,0.983
10.06246,77.61354,338.53,0.44,0.46,2026-08-21,756,N,VIIRS,n,2.0NRT,301.37,3.37,D,44.624018984847616,industrial,Vadapalanji IT SEZ,tn_central,9.9312285,77.9986372,1034798587,,,1.6411316038713095,Vaigai Puthur,village,False,False,agricultural_burn,"Agricultural cropland near Vaigai Puthur (village, 1.6 km)",1034798587,False,,,1,1,agricultural_burn,0.987
10.40818,77.98702,344.36,0.42,0.45,2026-08-21,756,N,VIIRS,n,2.0NRT,300.35,8.58,D,3.31585026227457,industrial,unnamed,tn_central,10.3868279,78.0081841,906600517,Shriram Power Gen Ltd (Biomass),Powerplant,1.708970272848471,Seelapadi,suburb,False,False,urban_commercial_fire,Urban / Commercial area (Seelapadi),906600517,False,,,1,1,urban_commercial_fire,0.983
10.46239,77.96943,332.02,0.42,0.45,2026-08-21,756,N,VIIRS,l,2.0NRT,302.17,2.2,D,7.058921533224902,industrial,unnamed,tn_central,10.4446207,78.0314034,1268403321,,,3.230838995903184,Thadikombu,village,False,False,agricultural_burn,"Agricultural cropland near Thadikombu (village, 3.2 km)",1268403321,False,,,1,0,agricultural_burn,0.986
10.8355,78.05512,348.83,0.41,0.45,2026-08-21,756,N,VIIRS,n,2.0NRT,306.32,5.12,D,7.600789811028651,industrial,Karur Textile Park,tn_central,10.8868058,78.0091276,1001532911,,,1.5515878606576776,Mustakinathupatti,village,False,False,agricultural_burn,"Agricultural cropland near Mustakinathupatti (village, 1.6 km)",1001532911,False,,,1,1,agricultural_burn,0.986
10.86179,78.60693,332.53,0.56,0.43,2026-08-21,756,N,VIIRS,l,2.0NRT,303.6,3.75,D,10.981636442020925,industrial,Rice Mill,tn_central,10.9086431,78.6954618,464939295,,,0.309501604792652,Periya Karuppur,village,False,False,agricultural_burn,"Agricultural cropland near Periya Karuppur (village, 0.3 km)",464939295,False,,,1,0,agricultural_burn,0.987
10.86351,78.60498,334.68,0.56,0.43,2026-08-21,756,N,VIIRS,n,2.0NRT,304.43,3.6,D,11.08159346314584,industrial,Rice Mill,tn_central,10.9086431,78.6954618,464939295,,,0.5578884391285738,Periya Karuppur,village,False,False,agricultural_burn,"Agricultural cropland near Periya Karuppur (village, 0.6 km)",464939295,False,,,1,1,agricultural_burn,0.987
10.89906,78.69358,335.4,0.56,0.43,2026-08-21,756,N,VIIRS,n,2.0NRT,303.41,8.39,D,1.0388099547801997,industrial,unnamed,tn_central,10.9078142,78.6969021,464940405,,,1.112619703084261,Kumarakudi,village,False,False,industrial_fire,Industrial facility (Industrial facility),464940405,False,8.39,4.195,1,1,industrial_fire,0.985
10.90762,78.79076,339.02,0.55,0.43,2026-08-21,756,N,VIIRS,n,2.0NRT,306.52,4.54,D,4.961319566987337,industrial,unnamed,tn_central,10.8966983,78.834816,202414246,,,0.7887841648084996,Dharmanathapuram,village,False,False,agricultural_burn,"Agricultural cropland near Dharmanathapuram (village, 0.8 km)",202414246,False,,,1,1,agricultural_burn,0.985
10.94861,77.29926,332.62,0.45,0.47,2026-08-21,756,N,VIIRS,n,2.0NRT,302.59,1.82,D,40.50882255744355,industrial,Amaravathy Co-Op Sugar Mills (Distillery),cpcb_verified,10.5876,77.2495,cpcb_4,Amaravathy Co-Op Sugar Mills (Distillery),Distillery,4.43769292860399,Venkatapuram,village,False,False,agricultural_burn,"Agricultural cropland near Venkatapuram (village, 4.4 km)",cpcb_4,False,,,1,1,agricultural_burn,0.986
11.17986,76.86322,352.61,0.48,0.48,2026-08-21,756,N,VIIRS,n,2.0NRT,299.65,7.75,D,78.20593279414298,industrial,Amaravathy Co-Op Sugar Mills (Distillery),cpcb_verified,10.5876,77.2495,cpcb_4,Amaravathy Co-Op Sugar Mills (Distillery),Distillery,3.446584979994806,Tholampalayam,village,False,False,agricultural_burn,"Agricultural cropland near Tholampalayam (village, 3.4 km)",cpcb_4,False,,,1,1,agricultural_burn,0.986
11.25114,77.55007,335.0,0.43,0.46,2026-08-21,756,N,VIIRS,n,2.0NRT,302.87,1.81,D,53.20951191736764,industrial,unnamed,tn_central,11.1211032,78.0195058,876239826,,,0.8377659830278704,Perundurai SIPCOT,suburb,False,False,urban_commercial_fire,Urban / Commercial area (Perundurai SIPCOT),876239826,False,,,1,1,urban_commercial_fire,0.984
11.3864,77.68139,337.39,0.42,0.45,2026-08-21,756,N,VIIRS,n,2.0NRT,302.13,3.66,D,39.92940637251351,industrial,unnamed,tn_central,11.5535159,78.0057044,974689369,,,2.7341935274182982,Chithode,town,False,False,scrub_biomass_burn,Rural scrubland / open biomass near Chithode (2.7 km),974689369,False,,,1,1,scrub_biomass_burn,0.982
11.52693,77.66856,331.72,0.42,0.45,2026-08-21,756,N,VIIRS,n,2.0NRT,300.84,1.03,D,32.38610753619007,industrial,Madras Aluminium Company Ltd (MALCO),cpcb_verified,11.788,77.8004,cpcb_0,Madras Aluminium Company Ltd (MALCO),Aluminium,7.073649997957777,Patlur,village,False,False,scrub_biomass_burn,Rural scrubland / open biomass near Patlur (7.1 km),cpcb_0,False,,,1,1,scrub_biomass_burn,0.981
11.71186,79.12611,335.37,0.51,0.41,2026-08-21,756,N,VIIRS,l,2.0NRT,306.57,49.23,D,12.891853428901056,industrial,IOCL Asanur,tn_central,11.6130218,79.1879921,1069783572,,,5.977226401666402,Elavanasur,village,True,False,wildfire,Forest / Woodland reserve near Elavanasur,1069783572,False,,,1,0,wildfire,0.983
11.71266,79.13078,335.7,0.51,0.41,2026-08-21,756,N,VIIRS,l,2.0NRT,299.97,13.01,D,12.710914005173096,industrial,IOCL Asanur,tn_central,11.6130218,79.1879921,1069783572,,,5.46594949758783,Elavanasur,village,True,False,wildfire,Forest / Woodland reserve near Elavanasur,1069783572,False,,,1,0,wildfire,0.983
12.05267,79.61187,334.23,0.48,0.4,2026-08-21,756,N,VIIRS,l,2.0NRT,300.37,4.25,D,7.151108036178954,industrial,unnamed,tn_central,12.0499496,79.5461681,1026885679,,,3.419667391789818,Manalipet,village,False,False,agricultural_burn,"Agricultural cropland near Manalipet (village, 3.4 km)",1026885679,False,,,1,0,agricultural_burn,0.986
12.0637,76.96976,336.06,0.45,0.47,2026-08-21,756,N,VIIRS,n,2.0NRT,299.1,6.65,D,95.42755340233887,industrial,Madras Aluminium Company Ltd (MALCO),cpcb_verified,11.788,77.8004,cpcb_0,Madras Aluminium Company Ltd (MALCO),Aluminium,1.4513325920182485,Heggavadipura,village,False,False,agricultural_burn,"Agricultural cropland near Heggavadipura (village, 1.5 km)",cpcb_0,False,,,1,1,agricultural_burn,0.987
12.30416,76.82388,339.02,0.46,0.47,2026-08-21,756,N,VIIRS,n,2.0NRT,296.98,6.57,D,119.05811414570016,industrial,Sanmar Speciality Chemicals Ltd,cpcb_verified,12.7409,77.8253,cpcb_12,Sanmar Speciality Chemicals Ltd,Pharma,0.3639037551771513,Elegaudana Hundi,village,False,False,agricultural_burn,"Agricultural cropland near Elegaudana Hundi (village, 0.4 km)",cpcb_12,False,,,1,1,agricultural_burn,0.987
12.35125,77.01255,340.97,0.45,0.47,2026-08-21,756,N,VIIRS,n,2.0NRT,293.35,5.9,D,98.28126592913884,industrial,Sanmar Speciality Chemicals Ltd,cpcb_verified,12.7409,77.8253,cpcb_12,Sanmar Speciality Chemicals Ltd,Pharma,0.9341588610779828,Hangarapura,village,False,False,agricultural_burn,"Agricultural cropland near Hangarapura (village, 0.9 km)",cpcb_12,False,,,1,1,agricultural_burn,0.987
10.93034,77.06337,300.84,0.39,0.36,2026-08-21,2029,N,VIIRS,n,2.0NRT,281.61,0.63,N,43.19571045484302,industrial,Amaravathy Co-Op Sugar Mills (Distillery),cpcb_verified,10.5876,77.2495,cpcb_4,Amaravathy Co-Op Sugar Mills (Distillery),Distillery,3.0941682798096246,Kallapalayam,village,False,False,agricultural_burn,"Agricultural cropland near Kallapalayam (village, 3.1 km)",cpcb_4,False,,,0,1,agricultural_burn,0.987
11.11709,77.75499,302.08,0.38,0.36,2026-08-21,2029,N,VIIRS,n,2.0NRT,277.9,0.46,N,27.33991441769741,industrial,TNPL Paper Mill,tn_central,11.052316,77.9966873,61982524,,,2.1828023681477275,Kanthasamypalayam,village,False,False,agricultural_burn,"Agricultural cropland near Kanthasamypalayam (village, 2.2 km)",61982524,False,,,0,1,agricultural_burn,0.986
11.42601,77.51267,301.37,0.39,0.36,2026-08-21,2029,N,VIIRS,n,2.0NRT,272.63,0.62,N,51.013353739897454,industrial,Madras Aluminium Company Ltd (MALCO),cpcb_verified,11.788,77.8004,cpcb_0,Madras Aluminium Company Ltd (MALCO),Aluminium,4.66670026835262,Kavunthapaadi,village,False,False,agricultural_burn,"Agricultural cropland near Kavunthapaadi (village, 4.7 km)",cpcb_0,False,,,0,1,agricultural_burn,0.985
13.39369,80.10202,305.09,0.4,0.37,2026-08-21,2029,N,VIIRS,n,2.0NRT,284.92,0.81,N,0.9917549825057383,industrial,unnamed,tn_north,13.3871773,80.1082841,840721285,T.C.P. Limited - Gummidipoondi,Powerplant,3.728984350846506,Gummidipoondi,town,False,False,industrial_fire,Industrial facility (Industrial facility),840721285,False,1.5444444444444445,1.0770690682485398,0,1,industrial_fire,0.985
8.59524,77.89958,300.64,0.39,0.36,2026-08-21,2032,N,VIIRS,n,2.0NRT,278.2,0.29,N,31.960723980165668,industrial,Coastal Energen Power Ltd,cpcb_verified,8.7642,78.1348,cpcb_25,Sterlite Industries (India) Ltd - Copper Smelter,Copper,4.232879615619393,Srivaikuntam,town,False,False,scrub_biomass_burn,Rural scrubland / open biomass near Srivaikuntam (4.2 km),cpcb_25,False,,,0,1,scrub_biomass_burn,0.977
8.74044,77.60186,310.06,0.38,0.36,2026-08-21,2032,N,VIIRS,n,2.0NRT,281.68,0.68,N,15.40386748879608,industrial,Sun Paper Mills Limited,cpcb_verified,8.6822,77.4747,cpcb_28,Sun Paper Mills Limited,Pulp & Paper,3.5316373358606308,Nadukkallur,village,True,False,wildfire,Forest / Woodland reserve near Nadukkallur,cpcb_28,False,,,0,1,wildfire,0.979
8.74099,77.59838,309.44,0.38,0.36,2026-08-21,2032,N,VIIRS,n,2.0NRT,280.22,0.82,N,15.08407099820445,industrial,Sun Paper Mills Limited,cpcb_verified,8.6822,77.4747,cpcb_28,Sun Paper Mills Limited,Pulp & Paper,3.476401252594459,Nadukkallur,village,True,False,wildfire,Forest / Woodland reserve near Nadukkallur,cpcb_28,False,,,0,1,wildfire,0.98
9.24785,77.32679,304.23,0.38,0.36,2026-08-21,2032,N,VIIRS,n,2.0NRT,264.54,0.4,N,61.30021746381472,industrial,Empee Sugars and Chemicals Ltd,cpcb_verified,8.7089,77.4442,cpcb_38,Empee Sugars and Chemicals Ltd,Sugar,9.16829224143177,Vasudevanallur,village,False,False,scrub_biomass_burn,Rural scrubland / open biomass near Vasudevanallur (9.2 km),cpcb_38,False,,,0,1,scrub_biomass_burn,0.978
10.04985,77.95205,302.63,0.38,0.36,2026-08-21,2032,N,VIIRS,n,2.0NRT,270.2,0.42,N,13.90974886508688,industrial,unnamed,tn_central,9.9634869,78.0439453,990848644,,,3.3641240640441303,Sholavandan,town,False,False,scrub_biomass_burn,Rural scrubland / open biomass near Sholavandan (3.4 km),990848644,False,,,0,1,scrub_biomass_burn,0.98
10.08768,77.23882,306.06,0.39,0.36,2026-08-21,2032,N,VIIRS,n,2.0NRT,282.22,0.84,N,55.60084299134826,industrial,Amaravathy Co-Op Sugar Mills (Distillery),cpcb_verified,10.5876,77.2495,cpcb_4,Amaravathy Co-Op Sugar Mills (Distillery),Distillery,1.1365321842914344,Kurangani,village,False,False,agricultural_burn,"Agricultural cropland near Kurangani (village, 1.1 km)",cpcb_4,False,,,0,1,agricultural_burn,0.987
10.08821,77.23543,341.68,0.39,0.36,2026-08-21,2032,N,VIIRS,n,2.0NRT,282.74,6.59,N,55.550960004768775,industrial,Amaravathy Co-Op Sugar Mills (Distillery),cpcb_verified,10.5876,77.2495,cpcb_4,Amaravathy Co-Op Sugar Mills (Distillery),Distillery,1.5072198010744418,Kurangani,village,False,False,agricultural_burn,"Agricultural cropland near Kurangani (village, 1.5 km)",cpcb_4,False,,,0,1,agricultural_burn,0.987
10.09154,77.23588,332.12,0.39,0.36,2026-08-21,2032,N,VIIRS,n,2.0NRT,283.06,1.76,N,55.179472731780685,industrial,Amaravathy Co-Op Sugar Mills (Distillery),cpcb_verified,10.5876,77.2495,cpcb_4,Amaravathy Co-Op Sugar Mills (Distillery),Distillery,1.6123175944952106,Kurangani,village,False,False,agricultural_burn,"Agricultural cropland near Kurangani (village, 1.6 km)",cpcb_4,False,,,0,1,agricultural_burn,0.987
10.09488,77.23631,300.78,0.39,0.36,2026-08-21,2032,N,VIIRS,n,2.0NRT,282.58,1.76,N,54.806959331566354,industrial,Amaravathy Co-Op Sugar Mills (Distillery),cpcb_verified,10.5876,77.2495,cpcb_4,Amaravathy Co-Op Sugar Mills (Distillery),Distillery,1.7930455062467292,Kurangani,village,False,False,agricultural_burn,"Agricultural cropland near Kurangani (village, 1.8 km)",cpcb_4,False,,,0,1,agricultural_burn,0.987
10.24319,77.2169,308.07,0.39,0.36,2026-08-21,2032,N,VIIRS,n,2.0NRT,272.56,3.49,N,38.46223847247217,industrial,Amaravathy Co-Op Sugar Mills (Distillery),cpcb_verified,10.5876,77.2495,cpcb_4,Amaravathy Co-Op Sugar Mills (Distillery),Distillery,3.0585717657545044,Karayoor,village,False,False,agricultural_burn,"Agricultural cropland near Karayoor (village, 3.1 km)",cpcb_4,False,,,0,1,agricultural_burn,0.986
10.24541,77.22453,299.32,0.39,0.36,2026-08-21,2032,N,VIIRS,n,2.0NRT,272.63,0.45,N,38.14765777289493,industrial,Amaravathy Co-Op Sugar Mills (Distillery),cpcb_verified,10.5876,77.2495,cpcb_4,Amaravathy Co-Op Sugar Mills (Distillery),Distillery,3.928717963328464,Karayoor,village,False,False,agricultural_burn,"Agricultural cropland near Karayoor (village, 3.9 km)",cpcb_4,False,,,0,1,agricultural_burn,0.986
10.24596,77.22096,296.36,0.39,0.36,2026-08-21,2032,N,VIIRS,n,2.0NRT,273.85,0.45,N,38.116639708027904,industrial,Amaravathy Co-Op Sugar Mills (Distillery),cpcb_verified,10.5876,77.2495,cpcb_4,Amaravathy Co-Op Sugar Mills (Distillery),Distillery,3.570206407121429,Karayoor,village,False,False,agricultural_burn,"Agricultural cropland near Karayoor (village, 3.6 km)",cpcb_4,False,,,0,1,agricultural_burn,0.986
10.24651,77.21736,330.64,0.39,0.36,2026-08-21,2032,N,VIIRS,n,2.0NRT,281.18,3.49,N,38.0899991637312,industrial,Amaravathy Co-Op Sugar Mills (Distillery),cpcb_verified,10.5876,77.2495,cpcb_4,Amaravathy Co-Op Sugar Mills (Distillery),Distillery,3.2172685231683635,Karayoor,village,False,False,agricultural_burn,"Agricultural cropland near Karayoor (village, 3.2 km)",cpcb_4,False,,,0,1,agricultural_burn,0.986
10.24707,77.21375,340.55,0.39,0.36,2026-08-21,2032,N,VIIRS,n,2.0NRT,281.06,3.49,N,38.06651632584663,industrial,Amaravathy Co-Op Sugar Mills (Distillery),cpcb_verified,10.5876,77.2495,cpcb_4,Amaravathy Co-Op Sugar Mills (Distillery),Distillery,2.8757624427831607,Karayoor,village,False,False,agricultural_burn,"Agricultural cropland near Karayoor (village, 2.9 km)",cpcb_4,False,,,0,1,agricultural_burn,0.986
10.24929,77.22139,301.71,0.39,0.36,2026-08-21,2032,N,VIIRS,n,2.0NRT,278.37,0.7,N,37.74375567149752,industrial,Amaravathy Co-Op Sugar Mills (Distillery),cpcb_verified,10.5876,77.2495,cpcb_4,Amaravathy Co-Op Sugar Mills (Distillery),Distillery,3.7409801297018337,Karayoor,village,False,False,agricultural_burn,"Agricultural cropland near Karayoor (village, 3.7 km)",cpcb_4,False,,,0,1,agricultural_burn,0.986
10.2504,77.21418,318.29,0.39,0.36,2026-08-21,2032,N,VIIRS,n,2.0NRT,281.29,2.02,N,37.69336443912391,industrial,Amaravathy Co-Op Sugar Mills (Distillery),cpcb_verified,10.5876,77.2495,cpcb_4,Amaravathy Co-Op Sugar Mills (Distillery),Distillery,3.088005777986829,Karayoor,village,False,False,agricultural_burn,"Agricultural cropland near Karayoor (village, 3.1 km)",cpcb_4,False,,,0,1,agricultural_burn,0.986
10.61491,77.41926,300.63,0.39,0.36,2026-08-21,2032,N,VIIRS,n,2.0NRT,276.99,0.5,N,18.801119638889293,industrial,Amaravathy Co-Op Sugar Mills (Distillery),cpcb_verified,10.5876,77.2495,cpcb_4,Amaravathy Co-Op Sugar Mills (Distillery),Distillery,4.644927562384225,Kaniyur,village,False,False,agricultural_burn,"Agricultural cropland near Kaniyur (village, 4.6 km)",cpcb_4,False,,,0,1,agricultural_burn,0.986
8.38548,77.54631,332.37,0.5,0.66,2026-08-22,735,N,VIIRS,n,2.0NRT,294.62,5.8,D,33.9204341806768,industrial,Sun Paper Mills Limited,cpcb_verified,8.6822,77.4747,cpcb_28,Sun Paper Mills Limited,Pulp & Paper,3.8041599226678025,Rajapudur,village,False,False,agricultural_burn,"Agricultural cropland near Rajapudur (village, 3.8 km)",cpcb_28,False,,,1,1,agricultural_burn,0.984
9.29744,77.75079,330.78,0.47,0.64,2026-08-22,735,N,VIIRS,n,2.0NRT,287.77,1.45,D,43.15872594515759,industrial,unnamed,tn_central,9.5822502,78.0181003,751731783,,,1.061166047679099,Thulukkankurichi,village,False,False,agricultural_burn,"Agricultural cropland near Thulukkankurichi (village, 1.1 km)",751731783,False,,,1,1,agricultural_burn,0.986
9.29351,77.3167,334.7,0.5,0.66,2026-08-22,737,N,VIIRS,n,2.0NRT,287.41,7.09,D,66.49670721403146,industrial,Empee Sugars and Chemicals Ltd,cpcb_verified,8.7089,77.4442,cpcb_38,Empee Sugars and Chemicals Ltd,Sugar,11.743999597281578,Vasudevanallur,village,False,False,scrub_biomass_burn,Rural scrubland / open biomass near Vasudevanallur (11.7 km),cpcb_38,False,,,1,1,scrub_biomass_burn,0.981
9.29573,77.75149,333.98,0.47,0.64,2026-08-22,737,N,VIIRS,n,2.0NRT,287.66,1.47,D,43.246533897568526,industrial,unnamed,tn_central,9.5822502,78.0181003,751731783,,,1.2165559675541815,Thulukkankurichi,village,False,False,agricultural_burn,"Agricultural cropland near Thulukkankurichi (village, 1.2 km)",751731783,False,,,1,1,agricultural_burn,0.986
10.75991,79.65319,336.62,0.33,0.55,2026-08-22,737,N,VIIRS,n,2.0NRT,291.23,2.68,D,3.080145314606837,industrial,unnamed,tn_central,10.7676599,79.6261195,1056121314,,,0.5190776545297593,Sundaravilagam,village,False,False,agricultural_burn,"Agricultural cropland near Sundaravilagam (village, 0.5 km)",1056121314,False,,,1,1,agricultural_burn,0.985
11.40803,78.71432,336.41,0.37,0.58,2026-08-22,737,N,VIIRS,n,2.0NRT,297.37,2.35,D,19.523893610234577,industrial,unnamed,tn_central,11.5834141,78.7058026,906387732,,,0.4533227135730262,Poolambadi,village,False,False,agricultural_burn,"Agricultural cropland near Poolambadi (village, 0.5 km)",906387732,False,,,1,1,agricultural_burn,0.986
11.41039,78.7151,339.14,0.37,0.58,2026-08-22,737,N,VIIRS,n,2.0NRT,297.26,1.96,D,19.26605628411335,industrial,unnamed,tn_central,11.5834141,78.7058026,906387732,,,0.2040835979456052,Poolambadi,village,False,False,agricultural_burn,"Agricultural cropland near Poolambadi (village, 0.2 km)",906387732,False,,,1,1,agricultural_burn,0.986
11.72656,78.68904,333.4,0.37,0.58,2026-08-22,737,N,VIIRS,n,2.0NRT,289.76,0.95,D,12.90453559925482,works,Chilling Plant,tn_central,11.8414036,78.6719676,1337630473,,,10.725476678900122,Muttal,village,True,False,wildfire,Forest / Woodland reserve near Muttal,1337630473,False,,,1,1,wildfire,0.976
11.72925,78.6898,331.96,0.37,0.58,2026-08-22,737,N,VIIRS,n,2.0NRT,290.07,1.86,D,12.62106936784463,works,Chilling Plant,tn_central,11.8414036,78.6719676,1337630473,,,11.030831369065014,Muttal,village,True,False,wildfire,Forest / Woodland reserve near Muttal,1337630473,False,,,1,1,wildfire,0.976
12.23923,79.42413,332.77,0.32,0.55,2026-08-22,737,N,VIIRS,n,2.0NRT,295.75,2.81,D,21.858122137972604,industrial,"Ruins of the Ricemill, Thennathur Village",tn_central,12.4341311,79.4503323,305328715,,,1.9171108415464424,Gingee,town,False,False,urban_commercial_fire,Urban / Commercial area (Gingee),305328715,False,3.07,1.535,1,1,urban_commercial_fire,0.983
9.63003,77.42585,299.48,0.39,0.44,2026-08-22,2012,N,VIIRS,n,2.0NRT,270.94,0.75,N,65.14880022768502,industrial,unnamed,tn_central,9.5822502,78.0181003,751731783,,,4.696645782770469,Gandhigramam,village,False,False,agricultural_burn,"Agricultural cropland near Gandhigramam (village, 4.7 km)",751731783,False,,,0,1,agricultural_burn,0.984
10.0821,77.23841,305.95,0.41,0.45,2026-08-22,2012,N,VIIRS,n,2.0NRT,289.39,1.95,N,56.2221253022912,industrial,Amaravathy Co-Op Sugar Mills (Distillery),cpcb_verified,10.5876,77.2495,cpcb_4,Amaravathy Co-Op Sugar Mills (Distillery),Distillery,1.1377509678831643,Kurangani,village,False,False,agricultural_burn,"Agricultural cropland near Kurangani (village, 1.1 km)",cpcb_4,False,,,0,1,agricultural_burn,0.987
10.08541,77.24478,316.57,0.41,0.45,2026-08-22,2012,N,VIIRS,n,2.0NRT,289.35,1.5,N,55.843367179282346,industrial,Amaravathy Co-Op Sugar Mills (Distillery),cpcb_verified,10.5876,77.2495,cpcb_4,Amaravathy Co-Op Sugar Mills (Distillery),Distillery,0.4373605852233759,Kurangani,village,False,False,agricultural_burn,"Agricultural cropland near Kurangani (village, 0.4 km)",cpcb_4,False,,,0,1,agricultural_burn,0.987
10.2395,77.21495,306.04,0.41,0.45,2026-08-22,2012,N,VIIRS,n,2.0NRT,285.61,1.38,N,38.89094164959752,industrial,Amaravathy Co-Op Sugar Mills (Distillery),cpcb_verified,10.5876,77.2495,cpcb_4,Amaravathy Co-Op Sugar Mills (Distillery),Distillery,2.771821067875776,Karayoor,village,False,False,agricultural_burn,"Agricultural cropland near Karayoor (village, 2.8 km)",cpcb_4,False,,,0,1,agricultural_burn,0.986
10.61528,77.4217,309.99,0.41,0.45,2026-08-22,2012,N,VIIRS,n,2.0NRT,292.12,0.7,N,19.070936737532907,industrial,Amaravathy Co-Op Sugar Mills (Distillery),cpcb_verified,10.5876,77.2495,cpcb_4,Amaravathy Co-Op Sugar Mills (Distillery),Distillery,4.91410311446902,Kaniyur,village,False,False,agricultural_burn,"Agricultural cropland near Kaniyur (village, 4.9 km)",cpcb_4,False,,,0,1,agricultural_burn,0.97
10.68565,77.50634,316.98,0.4,0.44,2026-08-22,2012,N,VIIRS,n,2.0NRT,292.29,1.55,N,30.111681111601648,industrial,Amaravathy Co-Op Sugar Mills (Distillery),cpcb_verified,10.5876,77.2495,cpcb_4,Amaravathy Co-Op Sugar Mills (Distillery),Distillery,2.87447812316307,Thalavaipattinam,village,False,False,agricultural_burn,"Agricultural cropland near Thalavaipattinam (village, 2.9 km)",cpcb_4,False,,,0,1,agricultural_burn,0.985
10.92703,77.06378,300.75,0.43,0.46,2026-08-22,2012,N,VIIRS,n,2.0NRT,289.03,0.53,N,42.85015982334073,industrial,Amaravathy Co-Op Sugar Mills (Distillery),cpcb_verified,10.5876,77.2495,cpcb_4,Amaravathy Co-Op Sugar Mills (Distillery),Distillery,3.225884195092785,Chettipalayam,village,False,False,agricultural_burn,"Agricultural cropland near Chettipalayam (village, 3.2 km)",cpcb_4,False,,,0,1,agricultural_burn,0.987
10.93126,77.0644,306.28,0.43,0.46,2026-08-22,2012,N,VIIRS,n,2.0NRT,289.45,0.62,N,43.23324099727528,industrial,Amaravathy Co-Op Sugar Mills (Distillery),cpcb_verified,10.5876,77.2495,cpcb_4,Amaravathy Co-Op Sugar Mills (Distillery),Distillery,2.94466667748746,Kallapalayam,village,False,False,agricultural_burn,"Agricultural cropland near Kallapalayam (village, 2.9 km)",cpcb_4,False,,,0,1,agricultural_burn,0.987
11.81559,77.91829,302.45,0.39,0.44,2026-08-22,2012,N,VIIRS,n,2.0NRT,280.35,1.22,N,13.193308651428689,industrial,Madras Aluminium Company Ltd (MALCO),cpcb_verified,11.788,77.8004,cpcb_0,Madras Aluminium Company Ltd (MALCO),Aluminium,0.6493957609734262,Kukkalpatti,village,False,False,agricultural_burn,"Agricultural cropland near Kukkalpatti (village, 0.6 km)",cpcb_0,False,,,0,1,agricultural_burn,0.987
8.20317,79.9137,338.28,0.55,0.68,2026-08-23,858,N,VIIRS,n,2.0NRT,282.14,9.28,D,137.47728453293462,industrial,Arkay Energy (Rameswaram) Ltd,cpcb_verified,9.2876,79.3129,cpcb_27,Arkay Energy (Rameswaram) Ltd,Powerplant,11.832960540313367,Karaitivu,village,False,False,scrub_biomass_burn,Rural scrubland / open biomass near Karaitivu (11.8 km),cpcb_27,False,,,1,1,scrub_biomass_burn,0.983
8.60119,77.89647,336.19,0.41,0.6,2026-08-23,858,N,VIIRS,n,2.0NRT,297.6,3.94,D,31.856702308991,industrial,Coastal Energen Power Ltd,cpcb_verified,8.7642,78.1348,cpcb_25,Sterlite Industries (India) Ltd - Copper Smelter,Copper,3.6309105386838616,Adichanallur,village,False,False,agricultural_burn,"Agricultural cropland near Adichanallur (village, 3.6 km)",cpcb_25,False,,,1,1,agricultural_burn,0.986
9.11287,77.61896,331.28,0.39,0.6,2026-08-23,858,N,VIIRS,n,2.0NRT,297.74,1.9,D,42.68713758221664,industrial,IND Barath Thermal Power Ltd,cpcb_verified,8.8894,77.935,cpcb_13,IND Barath Thermal Power Ltd,Powerplant,0.8281803379934761,Keelaneelithanallur,village,False,False,agricultural_burn,"Agricultural cropland near Keelaneelithanallur (village, 0.8 km)",cpcb_13,False,,,1,1,agricultural_burn,0.986
9.30156,77.52041,337.02,0.39,0.59,2026-08-23,858,N,VIIRS,n,2.0NRT,298.79,2.15,D,62.88328033440073,industrial,unnamed,tn_central,9.5822502,78.0181003,751731783,,,3.0348177461985446,Thenmalai,village,False,False,agricultural_burn,"Agricultural cropland near Thenmalai (village, 3.0 km)",751731783,False,,,1,1,agricultural_burn,0.987
9.33903,77.85733,333.04,0.41,0.61,2026-08-23,858,N,VIIRS,n,2.0NRT,296.88,3.16,D,32.28576621059135,industrial,unnamed,tn_central,9.5822502,78.0181003,751731783,,,4.608112915709648,Ottaiyal,village,False,False,agricultural_burn,"Agricultural cropland near Ottaiyal (village, 4.6 km)",751731783,False,,,1,1,agricultural_burn,0.986
9.40167,78.73985,338.39,0.47,0.64,2026-08-23,858,N,VIIRS,n,2.0NRT,292.39,4.17,D,11.711294362238204,industrial,Coromandel Electric Company Ltd,cpcb_verified,9.3639,78.8395,cpcb_24,Pioneer Power Ltd,Powerplant,1.6016327085100903,Seyyalur,village,False,False,agricultural_burn,"Agricultural cropland near Seyyalur (village, 1.6 km)",cpcb_24,False,,,1,1,agricultural_burn,0.986
9.75798,77.86183,333.4,0.42,0.61,2026-08-23,858,N,VIIRS,n,2.0NRT,290.13,4.86,D,19.29479125163038,industrial,unnamed,tn_central,9.7615692,78.0378628,1025074545,,,4.306496191744243,T.Kallupatti,village,False,False,agricultural_burn,"Agricultural cropland near T.Kallupatti (village, 4.3 km)",1025074545,False,,,1,1,agricultural_burn,0.986
11.1382,77.34947,295.69,0.43,0.62,2026-08-23,1951,N,VIIRS,n,2.0NRT,265.86,0.63,N,62.18961579867055,industrial,Amaravathy Co-Op Sugar Mills (Distillery),cpcb_verified,10.5876,77.2495,cpcb_4,Amaravathy Co-Op Sugar Mills (Distillery),Distillery,1.0379899499734455,Pitchampalayam,suburb,False,False,urban_commercial_fire,Urban / Commercial area (Pitchampalayam),cpcb_4,False,,,0,1,urban_commercial_fire,0.983
10.07071,77.25803,298.24,0.42,0.61,2026-08-23,1953,N,VIIRS,n,2.0NRT,276.35,1.65,N,57.4831197384558,industrial,Amaravathy Co-Op Sugar Mills (Distillery),cpcb_verified,10.5876,77.2495,cpcb_4,Amaravathy Co-Op Sugar Mills (Distillery),Distillery,1.0784524811851266,Kottakudi,village,False,False,agricultural_burn,"Agricultural cropland near Kottakudi (village, 1.1 km)",cpcb_4,False,,,0,1,agricultural_burn,0.987
10.0711,77.255,318.01,0.43,0.62,2026-08-23,1953,N,VIIRS,n,2.0NRT,277.2,1.65,N,57.43533100528269,industrial,Amaravathy Co-Op Sugar Mills (Distillery),cpcb_verified,10.5876,77.2495,cpcb_4,Amaravathy Co-Op Sugar Mills (Distillery),Distillery,1.2195691516460887,Kottakudi,village,False,False,agricultural_burn,"Agricultural cropland near Kottakudi (village, 1.2 km)",cpcb_4,False,,,0,1,agricultural_burn,0.987
10.07149,77.25207,301.66,0.43,0.62,2026-08-23,1953,N,VIIRS,n,2.0NRT,276.97,2.47,N,57.38950221160114,industrial,Amaravathy Co-Op Sugar Mills (Distillery),cpcb_verified,10.5876,77.2495,cpcb_4,Amaravathy Co-Op Sugar Mills (Distillery),Distillery,1.418188042839122,Kottakudi,village,False,False,agricultural_burn,"Agricultural cropland near Kottakudi (village, 1.4 km)",cpcb_4,False,,,0,1,agricultural_burn,0.987
10.07236,77.25639,313.63,0.43,0.62,2026-08-23,1953,N,VIIRS,n,2.0NRT,276.72,1.63,N,57.29703156271218,industrial,Amaravathy Co-Op Sugar Mills (Distillery),cpcb_verified,10.5876,77.2495,cpcb_4,Amaravathy Co-Op Sugar Mills (Distillery),Distillery,1.0149041791367484,Kottakudi,village,False,False,agricultural_burn,"Agricultural cropland near Kottakudi (village, 1.0 km)",cpcb_4,False,,,0,1,agricultural_burn,0.987
10.07274,77.25336,313.23,0.43,0.62,2026-08-23,1953,N,VIIRS,n,2.0NRT,276.82,1.63,N,57.251377104928,industrial,Amaravathy Co-Op Sugar Mills (Distillery),cpcb_verified,10.5876,77.2495,cpcb_4,Amaravathy Co-Op Sugar Mills (Distillery),Distillery,1.2210767414263493,Kottakudi,village,False,False,agricultural_burn,"Agricultural cropland near Kottakudi (village, 1.2 km)",cpcb_4,False,,,0,1,agricultural_burn,0.987
8.01957,80.31305,342.68,0.55,0.51,2026-08-24,839,N,VIIRS,n,2.0NRT,289.59,6.13,D,178.79618167870424,industrial,Arkay Energy (Rameswaram) Ltd,cpcb_verified,9.2876,79.3129,cpcb_27,Arkay Energy (Rameswaram) Ltd,Powerplant,1.9463477798021027,Wetakoluwagama,village,False,False,agricultural_burn,"Agricultural cropland near Wetakoluwagama (village, 1.9 km)",cpcb_27,False,,,1,1,agricultural_burn,0.987
8.86698,78.08605,332.97,0.41,0.45,2026-08-24,839,N,VIIRS,n,2.0NRT,286.72,3.33,D,12.621712505597232,industrial,Coastal Energen Power Ltd,cpcb_verified,8.7642,78.1348,cpcb_25,Sterlite Industries (India) Ltd - Copper Smelter,Copper,5.137730194183938,Pandarampatti,village,False,False,scrub_biomass_burn,Rural scrubland / open biomass near Pandarampatti (5.1 km),cpcb_25,False,,,1,1,scrub_biomass_burn,0.983
8.86875,78.15804,341.5,0.41,0.45,2026-08-24,839,N,VIIRS,n,2.0NRT,289.45,5.2,D,11.902590898568718,industrial,Coastal Energen Power Ltd,cpcb_verified,8.7642,78.1348,cpcb_25,Sterlite Industries (India) Ltd - Copper Smelter,Copper,3.1903180913423386,Tharuvaikulam,village,False,False,agricultural_burn,"Agricultural cropland near Tharuvaikulam (village, 3.2 km)",cpcb_25,False,,,1,1,agricultural_burn,0.986
9.41015,80.39861,349.18,0.59,0.53,2026-08-24,839,N,VIIRS,n,2.0NRT,295.47,11.22,D,119.89873023064702,industrial,Arkay Energy (Rameswaram) Ltd,cpcb_verified,9.2876,79.3129,cpcb_27,Arkay Energy (Rameswaram) Ltd,Powerplant,0.7762066043815334,Thirunagar,village,False,False,agricultural_burn,"Agricultural cropland near Thirunagar (village, 0.8 km)",cpcb_27,False,,,1,1,agricultural_burn,0.987
9.42267,80.38055,330.97,0.58,0.52,2026-08-24,839,N,VIIRS,n,2.0NRT,293.91,3.37,D,118.09714613687952,industrial,Arkay Energy (Rameswaram) Ltd,cpcb_verified,9.2876,79.3129,cpcb_27,Arkay Energy (Rameswaram) Ltd,Powerplant,0.8330142868290311,Kanesa Puram,village,False,False,agricultural_burn,"Agricultural cropland near Kanesa Puram (village, 0.8 km)",cpcb_27,False,,,1,1,agricultural_burn,0.987
9.61047,80.29727,338.24,0.58,0.52,2026-08-24,839,N,VIIRS,n,2.0NRT,296.02,3.54,D,113.78398537252616,industrial,Arkay Energy (Rameswaram) Ltd,cpcb_verified,9.2876,79.3129,cpcb_27,Arkay Energy (Rameswaram) Ltd,Powerplant,0.9717238514433352,Kachaarveli,village,False,False,agricultural_burn,"Agricultural cropland near Kachaarveli (village, 1.0 km)",cpcb_27,False,,,1,1,agricultural_burn,0.987
9.61269,80.30055,334.09,0.58,0.52,2026-08-24,839,N,VIIRS,n,2.0NRT,294.89,1.85,D,114.20299574236807,industrial,Arkay Energy (Rameswaram) Ltd,cpcb_verified,9.2876,79.3129,cpcb_27,Arkay Energy (Rameswaram) Ltd,Powerplant,0.5903222406687487,Kachaarveli,village,False,False,agricultural_burn,"Agricultural cropland near Kachaarveli (village, 0.6 km)",cpcb_27,False,,,1,1,agricultural_burn,0.987
8.34802,80.2693,347.84,0.39,0.36,2026-08-15,807,N,VIIRS,n,2.0NRT,296.14,8.35,D,148.1855559450128,industrial,Arkay Energy (Rameswaram) Ltd,cpcb_verified,9.2876,79.3129,cpcb_27,Arkay Energy (Rameswaram) Ltd,Powerplant,2.762757225664996,Mahalindawewa,village,False,False,agricultural_burn,"Agricultural cropland near Mahalindawewa (village, 2.8 km)",cpcb_27,False,,,1,1,agricultural_burn,0.987
8.35009,80.26845,343.95,0.39,0.36,2026-08-15,807,N,VIIRS,n,2.0NRT,296.93,5.07,D,147.95686739427106,industrial,Arkay Energy (Rameswaram) Ltd,cpcb_verified,9.2876,79.3129,cpcb_27,Arkay Energy (Rameswaram) Ltd,Powerplant,2.51854121143492,Mahalindawewa,village,False,False,agricultural_burn,"Agricultural cropland near Mahalindawewa (village, 2.5 km)",cpcb_27,False,,,1,1,agricultural_burn,0.987
8.35063,80.27195,343.95,0.39,0.36,2026-08-15,807,N,VIIRS,n,2.0NRT,296.75,4.58,D,148.18774685198514,industrial,Arkay Energy (Rameswaram) Ltd,cpcb_verified,9.2876,79.3129,cpcb_27,Arkay Energy (Rameswaram) Ltd,Powerplant,2.562948223169881,Mahalindawewa,village,False,False,agricultural_burn,"Agricultural cropland near Mahalindawewa (village, 2.6 km)",cpcb_27,False,,,1,1,agricultural_burn,0.987
8.80854,80.32371,330.01,0.39,0.36,2026-08-15,807,N,VIIRS,n,2.0NRT,295.99,1.44,D,123.1184049144274,industrial,Arkay Energy (Rameswaram) Ltd,cpcb_verified,9.2876,79.3129,cpcb_27,Arkay Energy (Rameswaram) Ltd,Powerplant,3.354792806031272,Sinnathambanai,village,False,False,agricultural_burn,"Agricultural cropland near Sinnathambanai (village, 3.4 km)",cpcb_27,False,,,1,1,agricultural_burn,0.987
9.04828,80.18815,331.15,0.39,0.36,2026-08-15,807,N,VIIRS,n,2.0NRT,297.36,4.05,D,99.69715514504132,industrial,Arkay Energy (Rameswaram) Ltd,cpcb_verified,9.2876,79.3129,cpcb_27,Arkay Energy (Rameswaram) Ltd,Powerplant,2.1149659320538645,Panichamadu,village,False,False,agricultural_burn,"Agricultural cropland near Panichamadu (village, 2.1 km)",cpcb_27,False,,,1,1,agricultural_burn,0.987
11.4172,79.66978,336.37,0.39,0.36,2026-08-15,807,N,VIIRS,n,2.0NRT,289.86,2.76,D,13.64263040012429,industrial,unnamed,tn_central,11.4481361,79.5486497,165199027,,,3.0331252010751464,Chidambaram,town,False,False,scrub_biomass_burn,Rural scrubland / open biomass near Chidambaram (3.0 km),165199027,False,6.1,3.05,1,1,scrub_biomass_burn,0.98
12.37895,76.98724,330.87,0.45,0.39,2026-08-15,807,N,VIIRS,n,2.0NRT,296.66,3.01,D,99.46421905921714,industrial,Sanmar Speciality Chemicals Ltd,cpcb_verified,12.7409,77.8253,cpcb_12,Sanmar Speciality Chemicals Ltd,Pharma,0.881696199895885,Nenanuru,village,False,False,agricultural_burn,"Agricultural cropland near Nenanuru (village, 0.9 km)",cpcb_12,False,,,1,1,agricultural_burn,0.987
12.23028,79.20409,303.61,0.51,0.41,2026-08-15,2042,N,VIIRS,n,2.0NRT,280.63,0.65,N,10.17258413038911,industrial,unnamed,tn_central,12.2550688,79.1139789,1025064116,,,2.8878010956603424,Kilpennathur,village,False,False,agricultural_burn,"Agricultural cropland near Kilpennathur (village, 2.9 km)",1025064116,False,,,0,1,agricultural_burn,0.981
12.28915,78.93369,299.95,0.49,0.4,2026-08-15,2042,N,VIIRS,n,2.0NRT,275.68,0.9,N,6.41953951719088,industrial,Chengam,tn_central,12.3451243,78.9481616,751947969,,,2.2861419897007424,Pachchal,village,True,False,wildfire,Forest / Woodland reserve near Pachchal,751947969,False,,,0,1,wildfire,0.978
12.29187,78.93195,300.29,0.49,0.4,2026-08-15,2042,N,VIIRS,n,2.0NRT,275.58,0.84,N,6.1779504747583935,industrial,Chengam,tn_central,12.3451243,78.9481616,751947969,,,2.625229904807234,Pachchal,village,True,False,wildfire,Forest / Woodland reserve near Pachchal,751947969,False,,,0,1,wildfire,0.978
13.15892,80.28419,338.12,0.57,0.43,2026-08-15,2042,N,VIIRS,n,2.0NRT,291.24,11.5,N,0.54304198075428,industrial,unnamed,tn_north,13.1563844,80.2884764,218212406,,,1.7937497325180445,Kargil Nagar,suburb,False,False,industrial_fire,Industrial facility (Industrial facility),218212406,False,4.27,4.85415972817816,0,1,industrial_fire,0.985
13.16287,80.28493,313.34,0.57,0.43,2026-08-15,2042,N,VIIRS,n,2.0NRT,290.47,5.01,N,0.585084685070843,industrial,CPCL Manali Refinery Captive Power Station,tn_north,13.1675279,80.2824164,1134607892,,,1.378423950951142,Kargil Nagar,suburb,False,False,industrial_fire,Industrial facility (CPCL Manali Refinery Captive Power Station),1134607892,False,2.89,2.998132752230961,0,1,industrial_fire,0.985
9.33741,78.60825,304.15,0.52,0.41,2026-08-15,2044,N,VIIRS,n,2.0NRT,277.2,1.12,N,18.34225227826021,industrial,unnamed,tn_central,9.4991424,78.6411443,477564304,,,10.203958527024373,Mudukulattur,village,False,False,scrub_biomass_burn,Rural scrubland / open biomass near Mudukulattur (10.2 km),477564304,False,,,0,1,scrub_biomass_burn,0.982
10.61674,77.42191,296.05,0.44,0.38,2026-08-15,2044,N,VIIRS,n,2.0NRT,272.09,0.44,N,19.12038540632765,industrial,Amaravathy Co-Op Sugar Mills (Distillery),cpcb_verified,10.5876,77.2495,cpcb_4,Amaravathy Co-Op Sugar Mills (Distillery),Distillery,4.974397362307504,Kaniyur,village,False,False,agricultural_burn,"Agricultural cropland near Kaniyur (village, 5.0 km)",cpcb_4,False,,,0,1,agricultural_burn,0.966
10.62393,79.12068,300.22,0.53,0.42,2026-08-15,2044,N,VIIRS,n,2.0NRT,272.74,1.55,N,7.201407472824314,works,Kurungulam Sugar Mill,tn_central,10.6700899,79.0744572,441125477,,,0.4644757530924494,Seviyarkudikadu,village,True,False,wildfire,Forest / Woodland reserve near Seviyarkudikadu,441125477,False,,,0,1,wildfire,0.968
10.62608,79.11906,310.41,0.53,0.42,2026-08-15,2044,N,VIIRS,n,2.0NRT,272.97,1.41,N,6.90694878411195,works,Kurungulam Sugar Mill,tn_central,10.6700899,79.0744572,441125477,,,0.6836068299595096,Seviyarkudikadu,village,True,False,wildfire,Forest / Woodland reserve near Seviyarkudikadu,441125477,False,,,0,1,wildfire,0.973
10.92917,77.06458,302.5,0.42,0.38,2026-08-15,2044,N,VIIRS,n,2.0NRT,277.82,0.54,N,43.01876168842404,industrial,Amaravathy Co-Op Sugar Mills (Distillery),cpcb_verified,10.5876,77.2495,cpcb_4,Amaravathy Co-Op Sugar Mills (Distillery),Distillery,3.1223339475333365,Kallapalayam,village,False,False,agricultural_burn,"Agricultural cropland near Kallapalayam (village, 3.1 km)",cpcb_4,False,,,0,1,agricultural_burn,0.987
11.21336,77.89606,304.47,0.45,0.39,2026-08-15,2044,N,VIIRS,n,2.0NRT,274.78,0.91,N,16.204158280259158,industrial,unnamed,tn_central,11.2221002,78.0443584,1268484315,,,0.1206837061017427,Nallagoundampalayam.E,village,False,False,agricultural_burn,"Agricultural cropland near Nallagoundampalayam.E (village, 0.1 km)",1268484315,False,,,0,1,agricultural_burn,0.986
11.80888,77.9234,309.59,0.45,0.39,2026-08-15,2044,N,VIIRS,n,2.0NRT,270.04,1.75,N,13.587849309193643,industrial,Madras Aluminium Company Ltd (MALCO),cpcb_verified,11.788,77.8004,cpcb_0,Madras Aluminium Company Ltd (MALCO),Aluminium,0.9726709096968882,Kuttapatti,village,False,False,agricultural_burn,"Agricultural cropland near Kuttapatti (village, 1.0 km)",cpcb_0,False,,,0,1,agricultural_burn,0.986
11.8096,77.92503,308.4,0.45,0.39,2026-08-15,2044,N,VIIRS,n,2.0NRT,269.92,0.81,N,13.776406578678897,industrial,Madras Aluminium Company Ltd (MALCO),cpcb_verified,11.788,77.8004,cpcb_0,Madras Aluminium Company Ltd (MALCO),Aluminium,0.9252201998480788,Kukkalpatti,village,False,False,agricultural_burn,"Agricultural cropland near Kukkalpatti (village, 0.9 km)",cpcb_0,False,,,0,1,agricultural_burn,0.985
11.81028,77.92094,296.33,0.45,0.39,2026-08-15,2044,N,VIIRS,n,2.0NRT,269.71,0.81,N,13.352078558606896,industrial,Madras Aluminium Company Ltd (MALCO),cpcb_verified,11.788,77.8004,cpcb_0,Madras Aluminium Company Ltd (MALCO),Aluminium,0.8247430829692367,Kuttapatti,village,False,False,agricultural_burn,"Agricultural cropland near Kuttapatti (village, 0.8 km)",cpcb_0,False,,,0,1,agricultural_burn,0.986
11.8396,78.97262,306.04,0.5,0.41,2026-08-15,2044,N,VIIRS,n,2.0NRT,280.59,0.92,N,11.6355773740132,industrial,Poompuhar THDC Ltd,tn_central,11.7375173,78.9491263,836478966,,,3.486949455591271,Thondanandal,village,False,False,agricultural_burn,"Agricultural cropland near Thondanandal (village, 3.5 km)",836478966,False,,,0,1,agricultural_burn,0.976
12.09803,78.35358,295.31,0.46,0.39,2026-08-15,2044,N,VIIRS,n,2.0NRT,267.92,0.7,N,11.983581060926388,plant,unnamed,tn_central,12.153857,78.4478679,1468887802,,,1.9888626714420763,Thonganur,village,False,False,agricultural_burn,"Agricultural cropland near Thonganur (village, 2.0 km)",1468887802,False,,,0,1,agricultural_burn,0.983
8.76996,78.10783,335.8,0.55,0.51,2026-08-16,750,N,VIIRS,n,2.0NRT,286.4,2.39,D,3.0323012078714315,industrial,Coastal Energen Power Ltd,cpcb_verified,8.7642,78.1348,cpcb_25,Sterlite Industries (India) Ltd - Copper Smelter,Copper,1.879911796119292,Sorispuram,suburb,False,False,urban_commercial_fire,Urban / Commercial area (Sorispuram),cpcb_25,False,,,1,1,urban_commercial_fire,0.985
9.319,79.30539,337.47,0.45,0.47,2026-08-16,750,N,VIIRS,n,2.0NRT,272.45,4.67,D,3.587456000055306,industrial,Arkay Energy (Rameswaram) Ltd,cpcb_verified,9.2876,79.3129,cpcb_27,Arkay Energy (Rameswaram) Ltd,Powerplant,3.919708824131452,Rameswaram,town,False,False,scrub_biomass_burn,Rural scrubland / open biomass near Rameswaram (3.9 km),cpcb_27,False,,,1,1,scrub_biomass_burn,0.975
9.3233,80.19555,333.77,0.39,0.44,2026-08-16,750,N,VIIRS,n,2.0NRT,290.77,3.18,D,96.93592022507951,industrial,Arkay Energy (Rameswaram) Ltd,cpcb_verified,9.2876,79.3129,cpcb_27,Arkay Energy (Rameswaram) Ltd,Powerplant,1.1112498357362988,Manniyakulam,village,False,False,agricultural_burn,"Agricultural cropland near Manniyakulam (village, 1.1 km)",cpcb_27,False,,,1,1,agricultural_burn,0.987
9.45774,77.60921,339.95,0.58,0.52,2026-08-16,750,N,VIIRS,n,2.0NRT,297.11,5.97,D,46.9290747743348,industrial,unnamed,tn_central,9.5822502,78.0181003,751731783,,,1.3886018661277395,Kothankulam,village,False,False,agricultural_burn,"Agricultural cropland near Kothankulam (village, 1.4 km)",751731783,False,,,1,1,agricultural_burn,0.987
9.45867,77.61446,342.14,0.58,0.52,2026-08-16,750,N,VIIRS,n,2.0NRT,296.88,5.97,D,46.34845513120386,industrial,unnamed,tn_central,9.5822502,78.0181003,751731783,,,1.0081683772699914,Thulukkankulam,village,False,False,agricultural_burn,"Agricultural cropland near Thulukkankulam (village, 1.0 km)",751731783,False,,,1,1,agricultural_burn,0.987
9.6554,80.30992,355.1,0.38,0.43,2026-08-16,750,N,VIIRS,n,2.0NRT,292.62,9.63,D,115.41257240767312,industrial,unnamed,tn_central,10.430444,79.6088047,651535389,,,1.488598893213137,Vembodukerny,village,False,False,agricultural_burn,"Agricultural cropland near Vembodukerny (village, 1.5 km)",651535389,False,,,1,1,agricultural_burn,0.987
9.85071,77.88331,332.78,0.55,0.51,2026-08-16,750,N,VIIRS,n,2.0NRT,297.59,1.3,D,15.30511132789604,industrial,unnamed,tn_central,9.865834,78.0221691,990641679,,,9.149597868719267,Pudupatti,village,False,False,scrub_biomass_burn,Rural scrubland / open biomass near Pudupatti (9.1 km),990641679,False,1.97,0.985,1,1,scrub_biomass_burn,0.983
9.85307,77.88065,335.86,0.55,0.51,2026-08-16,750,N,VIIRS,n,2.0NRT,297.51,1.64,D,15.568622758474184,industrial,unnamed,tn_central,9.865834,78.0221691,990641679,,,8.960651513507083,Chinnakattalai,village,False,False,scrub_biomass_burn,Rural scrubland / open biomass near Chinnakattalai (9.0 km),990641679,False,1.97,0.985,1,1,scrub_biomass_burn,0.983
10.20671,78.83601,333.99,0.47,0.47,2026-08-16,750,N,VIIRS,n,2.0NRT,298.64,3.96,D,8.059805871530378,industrial,unnamed,tn_central,10.2053945,78.7623732,665751399,,,0.9738189572533176,Aanaivaari,village,True,False,wildfire,Forest / Woodland reserve near Aanaivaari,665751399,False,,,1,1,wildfire,0.984
10.53129,79.73779,332.24,0.4,0.44,2026-08-16,750,N,VIIRS,n,2.0NRT,299.65,2.77,D,11.049994544561596,industrial,unnamed,tn_central,10.5388466,79.6370038,705063225,,,2.1389332782591546,Vattakkudi,village,False,False,agricultural_burn,"Agricultural cropland near Vattakkudi (village, 2.1 km)",705063225,False,,,1,1,agricultural_burn,0.986
10.8337,79.31152,342.14,0.42,0.46,2026-08-16,750,N,VIIRS,n,2.0NRT,300.7,4.59,D,10.104642026834185,industrial,unnamed,tn_central,10.8376211,79.4039567,653360990,,,0.1941022748485585,Kiliyur,village,False,False,agricultural_burn,"Agricultural cropland near Kiliyur (village, 0.2 km)",653360990,False,,,1,1,agricultural_burn,0.987
10.85651,79.07156,335.25,0.44,0.46,2026-08-16,750,N,VIIRS,n,2.0NRT,301.56,6.22,D,11.836601544561692,industrial,Central Warehouse Corporation,tn_central,10.7609707,79.119351,46889259,,,0.4371948230606952,Thiruvalampozil,village,False,False,agricultural_burn,"Agricultural cropland near Thiruvalampozil (village, 0.4 km)",46889259,False,,,1,1,agricultural_burn,0.986
10.92125,78.4465,333.11,0.48,0.48,2026-08-16,750,N,VIIRS,n,2.0NRT,300.93,3.75,D,6.450716115721353,industrial,unnamed,tn_central,10.8836374,78.4015207,906600548,,,0.4698254333673687,Rajendhiram,village,False,False,agricultural_burn,"Agricultural cropland near Rajendhiram (village, 0.5 km)",906600548,False,,,1,1,agricultural_burn,0.986
10.95975,78.94122,336.56,0.45,0.47,2026-08-16,750,N,VIIRS,n,2.0NRT,298.68,2.66,D,1.1883285781267787,industrial,Dalmia Cement,tn_central,10.9680364,78.9480942,178531096,,,1.007560062867616,Arokiapuram,village,False,False,industrial_fire,Industrial facility (Dalmia Cement),178531096,False,2.66,1.33,1,1,industrial_fire,0.984
11.08317,79.47999,338.97,0.41,0.45,2026-08-16,750,N,VIIRS,n,2.0NRT,293.66,4.53,D,6.8386455201892495,industrial,Lanco Tanjore Power Plant,tn_central,11.1214883,79.5290129,374825637,,,0.4881463870388881,Ukkudi,village,False,False,agricultural_burn,"Agricultural cropland near Ukkudi (village, 0.5 km)",374825637,False,,,1,1,agricultural_burn,0.987
11.40386,79.70392,332.63,0.39,0.44,2026-08-16,750,N,VIIRS,n,2.0NRT,299.83,2.19,D,14.564141414758131,industrial,IL&FS Tamil Nadu Thermal Power Station,tn_central,11.5261596,79.7517592,645959123,,,1.4963890601648948,Chidambaram,town,False,False,urban_commercial_fire,Urban / Commercial area (Chidambaram),645959123,False,,,1,1,urban_commercial_fire,0.985
11.46932,79.35802,332.09,0.41,0.45,2026-08-16,750,N,VIIRS,n,2.0NRT,299.45,2.64,D,5.835156582503161,industrial,unnamed,tn_central,11.5153732,79.3323474,386121060,,,3.955873757398278,Karuveppilankurichi,village,False,False,agricultural_burn,"Agricultural cropland near Karuveppilankurichi (village, 4.0 km)",386121060,False,,,1,1,agricultural_burn,0.986
11.92912,79.67993,340.8,0.39,0.44,2026-08-16,750,N,VIIRS,n,2.0NRT,298.78,4.37,D,1.6405974378488344,works,unnamed,tn_central,11.9216486,79.6669267,775148777,,,1.6423551514236494,Kandamangalam,village,False,False,industrial_fire,Industrial facility (Industrial facility),775148777,False,4.37,2.185,1,1,industrial_fire,0.984
11.94788,79.04879,336.96,0.42,0.45,2026-08-16,750,N,VIIRS,n,2.0NRT,299.72,4.56,D,16.422022526442134,industrial,unnamed,tn_central,11.9136152,79.1956187,265038580,,,7.904146780852344,Manalurpettai,village,False,False,scrub_biomass_burn,Rural scrubland / open biomass near Manalurpettai (7.9 km),265038580,False,,,1,1,scrub_biomass_burn,0.98
12.03929,79.50043,339.7,0.4,0.44,2026-08-16,750,N,VIIRS,n,2.0NRT,300.91,3.09,D,5.113161492832064,industrial,unnamed,tn_central,12.0499496,79.5461681,1026885679,,,4.694723365628434,Vikravandi,town,False,False,scrub_biomass_burn,Rural scrubland / open biomass near Vikravandi (4.7 km),1026885679,False,,,1,1,scrub_biomass_burn,0.971
12.21654,79.85169,337.97,0.56,0.43,2026-08-16,750,N,VIIRS,n,2.0NRT,299.27,3.2,D,15.239837517346116,industrial,unnamed,tn_central,12.305508,79.7450029,1409959982,,,1.893564020172006,Murukkeri,village,False,False,agricultural_burn,"Agricultural cropland near Murukkeri (village, 1.9 km)",1409959982,False,,,1,1,agricultural_burn,0.986
12.32878,78.75077,349.65,0.44,0.46,2026-08-16,750,N,VIIRS,n,2.0NRT,303.03,15.33,D,17.012541793094236,industrial,unnamed,tn_central,12.4230952,78.6274346,750502598,,,0.928343121955193,Tāndāpattu,village,True,False,wildfire,Forest / Woodland reserve near Tāndāpattu,750502598,False,,,1,1,wildfire,0.978
12.3682,78.99841,335.85,0.42,0.45,2026-08-16,750,N,VIIRS,n,2.0NRT,301.54,6.01,D,6.030992793470356,industrial,Chengam,tn_central,12.3451243,78.9481616,751947969,,,3.48595783024898,Melpadur,village,False,False,agricultural_burn,"Agricultural cropland near Melpadur (village, 3.5 km)",751947969,False,,,1,1,agricultural_burn,0.984
12.43197,79.43339,339.44,0.39,0.44,2026-08-16,750,N,VIIRS,n,2.0NRT,299.32,3.07,D,1.85534490409611,industrial,"Ruins of the Ricemill, Thennathur Village",tn_central,12.4341311,79.4503323,305328715,,,7.574349896286929,Vedal,village,False,False,industrial_fire,"Industrial facility (Ruins of the Ricemill, Thennathur Village)",305328715,False,3.07,1.535,1,1,industrial_fire,0.983
12.61864,80.07019,331.42,0.54,0.42,2026-08-16,750,N,VIIRS,l,2.0NRT,301.49,3.24,D,8.486463227945869,industrial,unnamed,tn_north,12.6489906,80.1419538,1026900596,,,0.5203159467698841,Irumpili,village,False,False,agricultural_burn,"Agricultural cropland near Irumpili (village, 0.5 km)",1026900596,False,,,1,0,agricultural_burn,0.986
9.55242,80.3984,307.71,0.39,0.36,2026-08-16,2023,N,VIIRS,n,2.0NRT,291.82,2.52,N,122.66126706717397,industrial,Arkay Energy (Rameswaram) Ltd,cpcb_verified,9.2876,79.3129,cpcb_27,Arkay Energy (Rameswaram) Ltd,Powerplant,2.7724363274808104,Kurinchatheevu,village,False,False,agricultural_burn,"Agricultural cropland near Kurinchatheevu (village, 2.8 km)",cpcb_27,False,,,0,1,agricultural_burn,0.986
10.35551,77.15921,298.6,0.43,0.38,2026-08-16,2023,N,VIIRS,n,2.0NRT,279.64,0.65,N,27.63115690941709,industrial,Amaravathy Co-Op Sugar Mills (Distillery),cpcb_verified,10.5876,77.2495,cpcb_4,Amaravathy Co-Op Sugar Mills (Distillery),Distillery,8.875205356674089,Marayoor,town,False,False,scrub_biomass_burn,Rural scrubland / open biomass near Marayoor (8.9 km),cpcb_4,False,,,0,1,scrub_biomass_burn,0.982
10.35654,77.1524,312.75,0.43,0.38,2026-08-16,2023,N,VIIRS,n,2.0NRT,278.28,0.97,N,27.799988004871043,industrial,Amaravathy Co-Op Sugar Mills (Distillery),cpcb_verified,10.5876,77.2495,cpcb_4,Amaravathy Co-Op Sugar Mills (Distillery),Distillery,9.045981593430604,Marayoor,town,False,False,scrub_biomass_burn,Rural scrubland / open biomass near Marayoor (9.0 km),cpcb_4,False,,,0,1,scrub_biomass_burn,0.984
10.35705,77.14909,300.2,0.43,0.38,2026-08-16,2023,N,VIIRS,n,2.0NRT,277.8,0.97,N,27.88807163412861,industrial,Amaravathy Co-Op Sugar Mills (Distillery),cpcb_verified,10.5876,77.2495,cpcb_4,Amaravathy Co-Op Sugar Mills (Distillery),Distillery,9.151313555961467,Marayoor,town,False,False,scrub_biomass_burn,Rural scrubland / open biomass near Marayoor (9.2 km),cpcb_4,False,,,0,1,scrub_biomass_burn,0.984
10.36002,77.15292,305.9,0.43,0.38,2026-08-16,2023,N,VIIRS,n,2.0NRT,278.2,0.97,N,27.42078952993749,industrial,Amaravathy Co-Op Sugar Mills (Distillery),cpcb_verified,10.5876,77.2495,cpcb_4,Amaravathy Co-Op Sugar Mills (Distillery),Distillery,9.42422138193729,Marayoor,town,False,False,scrub_biomass_burn,Rural scrubland / open biomass near Marayoor (9.4 km),cpcb_4,False,,,0,1,scrub_biomass_burn,0.984
10.36054,77.14954,307.66,0.43,0.38,2026-08-16,2023,N,VIIRS,n,2.0NRT,278.32,0.97,N,27.51215461591269,industrial,Amaravathy Co-Op Sugar Mills (Distillery),cpcb_verified,10.5876,77.2495,cpcb_4,Amaravathy Co-Op Sugar Mills (Distillery),Distillery,9.527708689058636,Marayoor,town,False,False,scrub_biomass_burn,Rural scrubland / open biomass near Marayoor (9.5 km),cpcb_4,False,,,0,1,scrub_biomass_burn,0.984
11.00697,78.65388,301.05,0.39,0.36,2026-08-16,2023,N,VIIRS,n,2.0NRT,275.21,0.34,N,4.663466101176512,industrial,Moovanur,tn_central,11.001337,78.611542,1227641007,,,1.4221543729387225,Maniyampatti,village,False,False,agricultural_burn,"Agricultural cropland near Maniyampatti (village, 1.4 km)",1227641007,False,,,0,1,agricultural_burn,0.98
11.17648,79.08794,299.38,0.39,0.36,2026-08-16,2023,N,VIIRS,n,2.0NRT,272.57,0.41,N,0.7983783740016165,industrial,unnamed,tn_central,11.1819029,79.0927368,178523246,Tamil Nadu Cement Corp - Ariyalur,Cement,0.7849836473406802,Aminabad,village,False,False,industrial_fire,Industrial facility (Industrial facility),178523246,False,1.1757142857142855,0.9439960653671028,0,1,industrial_fire,0.985
11.81462,77.91779,306.86,0.41,0.37,2026-08-16,2023,N,VIIRS,n,2.0NRT,284.95,1.68,N,13.115643983998371,industrial,Madras Aluminium Company Ltd (MALCO),cpcb_verified,11.788,77.8004,cpcb_0,Madras Aluminium Company Ltd (MALCO),Aluminium,0.7452330330550692,Kukkalpatti,village,False,False,agricultural_burn,"Agricultural cropland near Kukkalpatti (village, 0.7 km)",cpcb_0,False,,,0,1,agricultural_burn,0.987
9.42494,77.81399,332.66,0.58,0.7,2026-08-17,729,N,VIIRS,n,2.0NRT,287.59,5.99,D,28.408455794873635,industrial,unnamed,tn_central,9.5822502,78.0181003,751731783,,,1.3600576254729544,Vishwanatham,suburb,False,False,urban_commercial_fire,Urban / Commercial area (Vishwanatham),751731783,False,,,1,1,urban_commercial_fire,0.984
9.75891,78.5976,337.94,0.51,0.66,2026-08-17,729,N,VIIRS,n,2.0NRT,290.03,6.91,D,7.231110928495304,plant,unnamed,tn_central,9.6979318,78.574672,1463169636,,,4.728272148168291,Maravamangalam,village,False,False,agricultural_burn,"Agricultural cropland near Maravamangalam (village, 4.7 km)",1463169636,False,,,1,1,agricultural_burn,0.984
9.75952,78.60124,343.8,0.51,0.66,2026-08-17,729,N,VIIRS,n,2.0NRT,290.07,8.81,D,7.44159851315114,plant,unnamed,tn_central,9.6979318,78.574672,1463169636,,,4.323745642423906,Maravamangalam,village,False,False,agricultural_burn,"Agricultural cropland near Maravamangalam (village, 4.3 km)",1463169636,False,,,1,1,agricultural_burn,0.985
9.88751,77.86655,338.98,0.69,0.74,2026-08-17,909,N,VIIRS,n,2.0NRT,289.24,7.76,D,15.263155399631616,industrial,Vadapalanji IT SEZ,tn_central,9.9312285,77.9986372,1034798587,,,6.582276295149738,Vagurani Village,village,False,False,scrub_biomass_burn,Rural scrubland / open biomass near Vagurani Village (6.6 km),1034798587,False,,,1,1,scrub_biomass_burn,0.984
9.88916,77.87049,337.09,0.69,0.74,2026-08-17,909,N,VIIRS,n,2.0NRT,288.9,3.89,D,14.79563432958616,industrial,Vadapalanji IT SEZ,tn_central,9.9312285,77.9986372,1034798587,,,6.738533297301062,Sakkaraipatty,village,False,False,scrub_biomass_burn,Rural scrubland / open biomass near Sakkaraipatty (6.7 km),1034798587,False,,,1,1,scrub_biomass_burn,0.983
8.67061,77.99346,308.12,0.44,0.46,2026-08-17,2006,N,VIIRS,n,2.0NRT,292.31,1.29,N,18.698342592790976,industrial,Coastal Energen Power Ltd,cpcb_verified,8.7642,78.1348,cpcb_25,Sterlite Industries (India) Ltd - Copper Smelter,Copper,3.311184712273061,Perungulam,village,False,False,agricultural_burn,"Agricultural cropland near Perungulam (village, 3.3 km)",cpcb_25,False,,,0,1,agricultural_burn,0.985
10.35866,77.14888,302.98,0.53,0.5,2026-08-17,2006,N,VIIRS,n,2.0NRT,287.41,0.99,N,27.73268444647852,industrial,Amaravathy Co-Op Sugar Mills (Distillery),cpcb_verified,10.5876,77.2495,cpcb_4,Amaravathy Co-Op Sugar Mills (Distillery),Distillery,9.331736670559009,Marayoor,town,False,False,scrub_biomass_burn,Rural scrubland / open biomass near Marayoor (9.3 km),cpcb_4,False,,,0,1,scrub_biomass_burn,0.984
10.36136,77.14999,309.71,0.53,0.5,2026-08-17,2006,N,VIIRS,n,2.0NRT,288.08,1.65,N,27.40892721155789,industrial,Amaravathy Co-Op Sugar Mills (Distillery),cpcb_verified,10.5876,77.2495,cpcb_4,Amaravathy Co-Op Sugar Mills (Distillery),Distillery,9.611080362020788,Marayoor,town,False,False,scrub_biomass_burn,Rural scrubland / open biomass near Marayoor (9.6 km),cpcb_4,False,,,0,1,scrub_biomass_burn,0.984
10.36181,77.14661,304.57,0.53,0.5,2026-08-17,2006,N,VIIRS,n,2.0NRT,287.55,1.65,N,27.512052689951325,industrial,Amaravathy Co-Op Sugar Mills (Distillery),cpcb_verified,10.5876,77.2495,cpcb_4,Amaravathy Co-Op Sugar Mills (Distillery),Distillery,9.717992139397856,Marayoor,town,False,False,scrub_biomass_burn,Rural scrubland / open biomass near Marayoor (9.7 km),cpcb_4,False,,,0,1,scrub_biomass_burn,0.984
10.36333,77.14931,310.09,0.53,0.5,2026-08-17,2006,N,VIIRS,n,2.0NRT,288.41,0.99,N,27.237817012150952,industrial,Amaravathy Co-Op Sugar Mills (Distillery),cpcb_verified,10.5876,77.2495,cpcb_4,Amaravathy Co-Op Sugar Mills (Distillery),Distillery,9.838361447985752,Marayoor,town,False,False,scrub_biomass_burn,Rural scrubland / open biomass near Marayoor (9.8 km),cpcb_4,False,,,0,1,scrub_biomass_burn,0.984
10.91686,78.14649,306.58,0.46,0.47,2026-08-17,2006,N,VIIRS,n,2.0NRT,289.32,1.49,N,2.285201177283525,industrial,Chettinad Cement Factory,tn_central,10.9368595,78.1513077,129673928,,,2.476043666790293,Puliyur,village,False,False,agricultural_burn,"Agricultural cropland near Puliyur (village, 2.5 km)",129673928,False,1.49,0.745,0,1,agricultural_burn,0.957
10.92123,78.14713,310.07,0.46,0.47,2026-08-17,2006,N,VIIRS,n,2.0NRT,290.63,1.49,N,1.7967774937546477,industrial,Chettinad Cement Factory,tn_central,10.9368595,78.1513077,129673928,,,1.998737623825004,Puliyur,village,False,False,industrial_fire,Industrial facility (Chettinad Cement Factory),129673928,False,1.49,0.745,0,1,industrial_fire,0.984
8.61775,77.96022,334.7,0.32,0.55,2026-08-18,852,N,VIIRS,n,2.0NRT,300.56,1.25,D,25.167875581077578,industrial,Coastal Energen Power Ltd,cpcb_verified,8.7642,78.1348,cpcb_25,Sterlite Industries (India) Ltd - Copper Smelter,Copper,2.1628367121191703,Alwarthirunagari,village,False,False,agricultural_burn,"Agricultural cropland near Alwarthirunagari (village, 2.2 km)",cpcb_25,False,,,1,1,agricultural_burn,0.986
8.88123,77.79373,331.3,0.63,0.54,2026-08-18,852,N,VIIRS,n,2.0NRT,299.67,2.78,D,15.546562692518275,industrial,IND Barath Thermal Power Ltd,cpcb_verified,8.8894,77.935,cpcb_13,IND Barath Thermal Power Ltd,Powerplant,3.025348989052152,Gangaikondan,village,False,False,agricultural_burn,"Agricultural cropland near Gangaikondan (village, 3.0 km)",cpcb_13,False,,,1,1,agricultural_burn,0.985
8.9135,77.99487,340.4,0.33,0.55,2026-08-18,852,N,VIIRS,n,2.0NRT,301.01,2.98,D,7.102044423279411,industrial,IND Barath Thermal Power Ltd,cpcb_verified,8.8894,77.935,cpcb_13,IND Barath Thermal Power Ltd,Powerplant,2.984087600376524,Ottappidaram,town,False,False,scrub_biomass_burn,Rural scrubland / open biomass near Ottappidaram (3.0 km),cpcb_13,False,,,1,1,scrub_biomass_burn,0.981
8.91391,77.99789,341.03,0.33,0.55,2026-08-18,852,N,VIIRS,n,2.0NRT,301.42,4.37,D,7.426946664826824,industrial,IND Barath Thermal Power Ltd,cpcb_verified,8.8894,77.935,cpcb_13,IND Barath Thermal Power Ltd,Powerplant,2.6599781589507314,Ottappidaram,town,False,False,scrub_biomass_burn,Rural scrubland / open biomass near Ottappidaram (2.7 km),cpcb_13,False,,,1,1,scrub_biomass_burn,0.98
8.91704,80.38799,332.03,0.47,0.64,2026-08-18,852,N,VIIRS,n,2.0NRT,292.31,2.73,D,125.02394461746108,industrial,Arkay Energy (Rameswaram) Ltd,cpcb_verified,9.2876,79.3129,cpcb_27,Arkay Energy (Rameswaram) Ltd,Powerplant,3.611631269695576,Kovilkunchukulam,village,False,False,agricultural_burn,"Agricultural cropland near Kovilkunchukulam (village, 3.6 km)",cpcb_27,False,,,1,1,agricultural_burn,0.987
8.92865,77.50169,342.66,0.6,0.53,2026-08-18,852,N,VIIRS,n,2.0NRT,296.3,9.79,D,25.238425645014583,industrial,Empee Sugars and Chemicals Ltd,cpcb_verified,8.7089,77.4442,cpcb_38,Empee Sugars and Chemicals Ltd,Sugar,0.9961760474522514,Veeranam,village,False,False,agricultural_burn,"Agricultural cropland near Veeranam (village, 1.0 km)",cpcb_38,False,,,1,1,agricultural_burn,0.986
8.92939,77.50723,341.8,0.6,0.53,2026-08-18,852,N,VIIRS,n,2.0NRT,296.25,13.39,D,25.476801549480808,industrial,Empee Sugars and Chemicals Ltd,cpcb_verified,8.7089,77.4442,cpcb_38,Empee Sugars and Chemicals Ltd,Sugar,1.101055164634426,Kidarakulam,village,False,False,agricultural_burn,"Agricultural cropland near Kidarakulam (village, 1.1 km)",cpcb_38,False,,,1,1,agricultural_burn,0.986
8.96803,78.03201,342.35,0.33,0.55,2026-08-18,852,N,VIIRS,n,2.0NRT,302.05,6.52,D,13.784098070724998,industrial,IND Barath Thermal Power Ltd,cpcb_verified,8.8894,77.935,cpcb_13,IND Barath Thermal Power Ltd,Powerplant,4.123662010103097,Panchalankurichi,village,False,False,agricultural_burn,"Agricultural cropland near Panchalankurichi (village, 4.1 km)",cpcb_13,False,,,1,1,agricultural_burn,0.986
8.99168,77.85832,335.44,0.32,0.55,2026-08-18,852,N,VIIRS,n,2.0NRT,301.12,0.67,D,14.152370805214629,industrial,IND Barath Thermal Power Ltd,cpcb_verified,8.8894,77.935,cpcb_13,IND Barath Thermal Power Ltd,Powerplant,0.980869018562778,Kadambur,village,False,False,agricultural_burn,"Agricultural cropland near Kadambur (village, 1.0 km)",cpcb_13,False,,,1,1,agricultural_burn,0.986
9.02396,78.0217,339.33,0.33,0.55,2026-08-18,852,N,VIIRS,n,2.0NRT,301.52,5.37,D,17.735880362543277,industrial,IND Barath Thermal Power Ltd,cpcb_verified,8.8894,77.935,cpcb_13,IND Barath Thermal Power Ltd,Powerplant,6.741779347071891,Pasuvanthanai,village,False,False,scrub_biomass_burn,Rural scrubland / open biomass near Pasuvanthanai (6.7 km),cpcb_13,False,,,1,1,scrub_biomass_burn,0.984
9.06209,80.29271,333.93,0.47,0.64,2026-08-18,852,N,VIIRS,n,2.0NRT,291.04,3.01,D,110.44030806572457,industrial,Arkay Energy (Rameswaram) Ltd,cpcb_verified,9.2876,79.3129,cpcb_27,Arkay Energy (Rameswaram) Ltd,Powerplant,0.6796150176824359,Naddankandal,village,False,False,agricultural_burn,"Agricultural cropland near Naddankandal (village, 0.7 km)",cpcb_27,False,,,1,1,agricultural_burn,0.987
9.08152,78.16898,337.52,0.34,0.56,2026-08-18,852,N,VIIRS,n,2.0NRT,299.57,0.54,D,33.41795565534484,industrial,IND Barath Thermal Power Ltd,cpcb_verified,8.8894,77.935,cpcb_13,IND Barath Thermal Power Ltd,Powerplant,5.170607321861947,Kumarasakkanapuram,village,True,False,wildfire,Forest / Woodland reserve near Kumarasakkanapuram,cpcb_13,False,,,1,1,wildfire,0.96
9.31592,77.47726,344.24,0.61,0.53,2026-08-18,852,N,VIIRS,n,2.0NRT,301.44,13.56,D,66.30385443460398,industrial,unnamed,tn_central,9.5822502,78.0181003,751731783,,,2.0059234744604875,Thenmalai,village,False,False,agricultural_burn,"Agricultural cropland near Thenmalai (village, 2.0 km)",751731783,False,,,1,1,agricultural_burn,0.987
9.31616,78.82542,347.61,0.38,0.58,2026-08-18,852,N,VIIRS,n,2.0NRT,296.54,2.23,D,5.528672086773109,industrial,Coromandel Electric Company Ltd,cpcb_verified,9.3639,78.8395,cpcb_24,Pioneer Power Ltd,Powerplant,3.513951236277104,Tiruppulani,village,False,False,agricultural_burn,"Agricultural cropland near Tiruppulani (village, 3.5 km)",cpcb_24,False,,,1,1,agricultural_burn,0.985
9.31747,77.48039,343.13,0.61,0.53,2026-08-18,852,N,VIIRS,n,2.0NRT,300.83,13.78,D,65.91958603971823,industrial,unnamed,tn_central,9.5822502,78.0181003,751731783,,,1.7098685081365133,Thenmalai,village,False,False,agricultural_burn,"Agricultural cropland near Thenmalai (village, 1.7 km)",751731783,False,,,1,1,agricultural_burn,0.987
9.32526,77.54498,331.97,0.61,0.54,2026-08-18,852,N,VIIRS,n,2.0NRT,300.07,2.5,D,59.24168879850703,industrial,unnamed,tn_central,9.5822502,78.0181003,751731783,,,3.921058419306512,Paruvakkudi,village,False,False,agricultural_burn,"Agricultural cropland near Paruvakkudi (village, 3.9 km)",751731783,False,,,1,1,agricultural_burn,0.987
9.32631,77.54832,337.57,0.62,0.54,2026-08-18,852,N,VIIRS,n,2.0NRT,300.39,3.32,D,58.86444010987408,industrial,unnamed,tn_central,9.5822502,78.0181003,751731783,,,4.018578218396118,Paruvakkudi,village,False,False,agricultural_burn,"Agricultural cropland near Paruvakkudi (village, 4.0 km)",751731783,False,,,1,1,agricultural_burn,0.987
9.3803,77.76629,347.32,0.32,0.54,2026-08-18,852,N,VIIRS,n,2.0NRT,303.89,7.4,D,35.59482957853177,industrial,unnamed,tn_central,9.5822502,78.0181003,751731783,,,5.309728084860319,Vembakottai,village,False,False,scrub_biomass_burn,Rural scrubland / open biomass near Vembakottai (5.3 km),751731783,False,,,1,1,scrub_biomass_burn,0.983
9.57292,78.26406,340.68,0.35,0.56,2026-08-18,852,N,VIIRS,n,2.0NRT,301.01,1.93,D,2.352785183336814,industrial,unnamed,tn_central,9.5796728,78.284396,1268376347,,,3.830135598663535,Kadukondan,village,False,False,agricultural_burn,"Agricultural cropland near Kadukondan (village, 3.8 km)",1268376347,False,,,1,1,agricultural_burn,0.975
9.97656,77.62728,344.36,0.32,0.54,2026-08-18,852,N,VIIRS,n,2.0NRT,296.89,2.57,D,40.98262227425624,industrial,Vadapalanji IT SEZ,tn_central,9.9312285,77.9986372,1034798587,,,2.593834788695262,Andipatti Jakkampatty,town,False,False,scrub_biomass_burn,Rural scrubland / open biomass near Andipatti Jakkampatty (2.6 km),1034798587,False,,,1,1,scrub_biomass_burn,0.978
9.97747,77.62643,333.17,0.64,0.54,2026-08-18,852,N,VIIRS,n,2.0NRT,296.86,1.96,D,41.08749378741312,industrial,Vadapalanji IT SEZ,tn_central,9.9312285,77.9986372,1034798587,,,2.469094102127744,Andipatti Jakkampatty,town,False,False,urban_commercial_fire,Urban / Commercial area (Andipatti Jakkampatty),1034798587,False,,,1,1,urban_commercial_fire,0.891
9.98813,77.85934,333.85,0.33,0.55,2026-08-18,852,N,VIIRS,n,2.0NRT,299.78,1.89,D,16.515743360478062,industrial,Vadapalanji IT SEZ,tn_central,9.9312285,77.9986372,1034798587,,,4.313169512727972,Valandur,village,False,False,agricultural_burn,"Agricultural cropland near Valandur (village, 4.3 km)",1034798587,False,,,1,1,agricultural_burn,0.986
10.01453,77.60332,335.04,0.63,0.54,2026-08-18,852,N,VIIRS,n,2.0NRT,296.38,3.89,D,44.27286570958354,industrial,Vadapalanji IT SEZ,tn_central,9.9312285,77.9986372,1034798587,,,2.521865369990405,Andipatti Jakkampatty,town,False,False,scrub_biomass_burn,Rural scrubland / open biomass near Andipatti Jakkampatty (2.5 km),1034798587,False,,,1,1,scrub_biomass_burn,0.934
10.02321,79.23365,330.52,0.41,0.61,2026-08-18,852,N,VIIRS,n,2.0NRT,289.62,2.57,D,28.263803135472862,industrial,unnamed,tn_central,10.2678372,79.3037849,555516026,,,0.2811649320876544,North Ammapattinam,suburb,False,False,urban_commercial_fire,Urban / Commercial area (North Ammapattinam),555516026,False,,,1,1,urban_commercial_fire,0.984
10.08387,77.69878,342.31,0.32,0.55,2026-08-18,852,N,VIIRS,n,2.0NRT,295.81,2.46,D,36.96263922356189,industrial,Vadapalanji IT SEZ,tn_central,9.9312285,77.9986372,1034798587,,,6.359988691554968,Gullapuram,village,False,False,scrub_biomass_burn,Rural scrubland / open biomass near Gullapuram (6.4 km),1034798587,False,,,1,1,scrub_biomass_burn,0.984
10.08427,77.70177,367.0,0.32,0.55,2026-08-18,852,N,VIIRS,h,2.0NRT,295.49,5.9,D,36.69268257213321,industrial,Vadapalanji IT SEZ,tn_central,9.9312285,77.9986372,1034798587,,,6.684935868518547,Gullapuram,village,False,False,scrub_biomass_burn,Rural scrubland / open biomass near Gullapuram (6.7 km),1034798587,False,,,1,2,scrub_biomass_burn,0.984
10.08683,77.69904,354.14,0.32,0.55,2026-08-18,852,N,VIIRS,n,2.0NRT,294.99,4.08,D,37.08960994462694,industrial,Vadapalanji IT SEZ,tn_central,9.9312285,77.9986372,1034798587,,,6.497839278107644,Gullapuram,village,False,False,scrub_biomass_burn,Rural scrubland / open biomass near Gullapuram (6.5 km),1034798587,False,,,1,1,scrub_biomass_burn,0.984
10.08721,77.70203,347.07,0.32,0.55,2026-08-18,852,N,VIIRS,n,2.0NRT,294.59,4.08,D,36.82019089441408,industrial,Vadapalanji IT SEZ,tn_central,9.9312285,77.9986372,1034798587,,,6.818953707650525,Gullapuram,village,False,False,scrub_biomass_burn,Rural scrubland / open biomass near Gullapuram (6.8 km),1034798587,False,,,1,1,scrub_biomass_burn,0.984
10.58747,78.2113,332.8,0.36,0.57,2026-08-18,852,N,VIIRS,n,2.0NRT,298.46,2.74,D,6.181010394198831,industrial,unnamed,tn_central,10.5375199,78.2361114,1268432836,,,1.3760550734801662,Edayapatti,village,False,False,agricultural_burn,"Agricultural cropland near Edayapatti (village, 1.4 km)",1268432836,False,,,1,1,agricultural_burn,0.986
10.90674,78.5377,342.06,0.38,0.59,2026-08-18,852,N,VIIRS,n,2.0NRT,292.74,2.85,D,13.252432823728649,industrial,Moovanur,tn_central,11.001337,78.611542,1227641007,,,1.4800077186515646,Amur,village,False,False,agricultural_burn,"Agricultural cropland near Amur (village, 1.5 km)",1227641007,False,,,1,1,agricultural_burn,0.986
11.14147,78.58251,367.0,0.38,0.59,2026-08-18,852,N,VIIRS,h,2.0NRT,290.57,5.09,D,10.795635764843462,industrial,Musri,tn_central,11.0804804,78.5055273,986247883,,,0.9248958998134555,Madurapuri,village,False,False,agricultural_burn,"Agricultural cropland near Madurapuri (village, 0.9 km)",986247883,False,,,1,2,agricultural_burn,0.986
11.14221,78.58167,367.0,0.38,0.59,2026-08-18,852,N,VIIRS,h,2.0NRT,291.46,9.24,D,10.776692661301857,industrial,Musri,tn_central,11.0804804,78.5055273,986247883,,,1.035521303347111,Madurapuri,village,False,False,agricultural_burn,"Agricultural cropland near Madurapuri (village, 1.0 km)",986247883,False,,,1,2,agricultural_burn,0.986
11.14694,78.58183,334.73,0.38,0.59,2026-08-18,852,N,VIIRS,n,2.0NRT,289.91,5.09,D,11.132083097086516,industrial,Musri,tn_central,11.0804804,78.5055273,986247883,,,0.7419680574885482,Venkateshapuram,village,False,False,agricultural_burn,"Agricultural cropland near Venkateshapuram (village, 0.7 km)",986247883,False,,,1,1,agricultural_burn,0.987
11.66187,78.67394,353.32,0.4,0.6,2026-08-18,852,N,VIIRS,n,2.0NRT,288.24,25.85,D,8.468167287891934,industrial,unnamed,tn_central,11.5879282,78.6925524,906387731,,,3.9080891731969416,Muttal,village,False,False,agricultural_burn,"Agricultural cropland near Muttal (village, 3.9 km)",906387731,False,,,1,1,agricultural_burn,0.984
11.66242,78.67835,367.0,0.4,0.6,2026-08-18,852,N,VIIRS,h,2.0NRT,295.2,25.85,D,8.426305703005566,industrial,unnamed,tn_central,11.5879282,78.6925524,906387731,,,4.327635563133026,Muttal,village,False,False,agricultural_burn,"Agricultural cropland near Muttal (village, 4.3 km)",906387731,False,,,1,2,agricultural_burn,0.984
11.66789,78.67705,356.8,0.4,0.6,2026-08-18,852,N,VIIRS,l,2.0NRT,286.88,25.85,D,9.050236148399591,industrial,unnamed,tn_central,11.5879282,78.6925524,906387731,,,4.602426323017027,Muttal,village,False,False,agricultural_burn,"Agricultural cropland near Muttal (village, 4.6 km)",906387731,False,,,1,0,agricultural_burn,0.983
11.70585,78.76863,334.85,0.4,0.6,2026-08-18,852,N,VIIRS,n,2.0NRT,287.81,3.09,D,12.81533756460479,industrial,unnamed,tn_central,11.5905991,78.768411,906387736,,,5.037383024880253,Unathur,village,False,False,scrub_biomass_burn,Rural scrubland / open biomass near Unathur (5.0 km),906387736,False,,,1,1,scrub_biomass_burn,0.981
11.70775,78.76962,340.29,0.4,0.6,2026-08-18,852,N,VIIRS,n,2.0NRT,288.77,5.77,D,13.027251116738263,industrial,unnamed,tn_central,11.5905991,78.768411,906387736,,,5.183411878736117,Unathur,village,False,False,scrub_biomass_burn,Rural scrubland / open biomass near Unathur (5.2 km),906387736,False,,,1,1,scrub_biomass_burn,0.982
11.72489,78.6914,350.81,0.4,0.6,2026-08-18,852,N,VIIRS,n,2.0NRT,283.05,9.96,D,13.127261621186223,works,Chilling Plant,tn_central,11.8414036,78.6719676,1337630473,,,10.675245821591613,Muttal,village,False,False,scrub_biomass_burn,Rural scrubland / open biomass near Muttal (10.7 km),1337630473,False,,,1,1,scrub_biomass_burn,0.98
10.48666,79.32134,317.51,0.4,0.6,2026-08-18,1947,N,VIIRS,n,2.0NRT,287.78,1.88,N,6.80253404798065,industrial,Shriram Non-Conventional Energy Ltd,cpcb_verified,10.4256,79.3175,cpcb_17,Shriram Non-Conventional Energy Ltd,Powerplant,0.9925447690856054,Melasembalur,village,False,False,agricultural_burn,"Agricultural cropland near Melasembalur (village, 1.0 km)",cpcb_17,False,,,0,1,agricultural_burn,0.986
10.48713,79.31767,311.88,0.4,0.6,2026-08-18,1947,N,VIIRS,n,2.0NRT,287.65,2.41,N,6.841849089827349,industrial,Shriram Non-Conventional Energy Ltd,cpcb_verified,10.4256,79.3175,cpcb_17,Shriram Non-Conventional Energy Ltd,Powerplant,0.6484253226526623,Ettupulikadu,village,False,False,agricultural_burn,"Agricultural cropland near Ettupulikadu (village, 0.6 km)",cpcb_17,False,,,0,1,agricultural_burn,0.985
9.31313,77.44205,313.02,0.51,0.66,2026-08-18,1949,N,VIIRS,n,2.0NRT,288.76,1.7,N,67.18772542061222,industrial,Empee Sugars and Chemicals Ltd,cpcb_verified,8.7089,77.4442,cpcb_38,Empee Sugars and Chemicals Ltd,Sugar,1.117348561277952,Rayagiri,village,False,False,agricultural_burn,"Agricultural cropland near Rayagiri (village, 1.1 km)",cpcb_38,False,,,0,1,agricultural_burn,0.987
8.41088,80.18614,334.15,0.43,0.46,2026-08-19,833,N,VIIRS,n,2.0NRT,295.23,4.33,D,136.7798961425323,industrial,Arkay Energy (Rameswaram) Ltd,cpcb_verified,9.2876,79.3129,cpcb_27,Arkay Energy (Rameswaram) Ltd,Powerplant,1.0381623448471209,Kadurupitiya,village,False,False,agricultural_burn,"Agricultural cropland near Kadurupitiya (village, 1.0 km)",cpcb_27,False,,,1,1,agricultural_burn,0.987
8.47491,80.3939,334.07,0.45,0.47,2026-08-19,833,N,VIIRS,n,2.0NRT,296.32,5.73,D,149.2313630713037,industrial,Arkay Energy (Rameswaram) Ltd,cpcb_verified,9.2876,79.3129,cpcb_27,Arkay Energy (Rameswaram) Ltd,Powerplant,1.1789410113248926,Gambirigaswewa,village,False,False,agricultural_burn,"Agricultural cropland near Gambirigaswewa (village, 1.2 km)",cpcb_27,False,,,1,1,agricultural_burn,0.987
8.47922,80.3933,341.14,0.45,0.47,2026-08-19,833,N,VIIRS,n,2.0NRT,295.83,5.73,D,148.88854091379417,industrial,Arkay Energy (Rameswaram) Ltd,cpcb_verified,9.2876,79.3129,cpcb_27,Arkay Energy (Rameswaram) Ltd,Powerplant,1.1693317006457402,Gambirigaswewa,village,False,False,agricultural_burn,"Agricultural cropland near Gambirigaswewa (village, 1.2 km)",cpcb_27,False,,,1,1,agricultural_burn,0.987
8.60867,77.97512,338.07,0.48,0.4,2026-08-19,835,N,VIIRS,n,2.0NRT,301.3,4.86,D,24.640576757786377,industrial,Coastal Energen Power Ltd,cpcb_verified,8.7642,78.1348,cpcb_25,Sterlite Industries (India) Ltd - Copper Smelter,Copper,1.4704433245812707,Thenthiruperai,village,False,False,agricultural_burn,"Agricultural cropland near Thenthiruperai (village, 1.5 km)",cpcb_25,False,,,1,1,agricultural_burn,0.987
8.63544,78.02991,333.63,0.49,0.4,2026-08-19,835,N,VIIRS,n,2.0NRT,299.02,3.21,D,18.382284796659448,industrial,Coastal Energen Power Ltd,cpcb_verified,8.7642,78.1348,cpcb_25,Sterlite Industries (India) Ltd - Copper Smelter,Copper,1.3600552804022976,Eral,village,False,False,agricultural_burn,"Agricultural cropland near Eral (village, 1.4 km)",cpcb_25,False,,,1,1,agricultural_burn,0.986
8.64296,77.89849,349.3,0.48,0.4,2026-08-19,835,N,VIIRS,n,2.0NRT,303.38,8.57,D,27.69505835369074,industrial,IND Barath Thermal Power Ltd,cpcb_verified,8.8894,77.935,cpcb_13,IND Barath Thermal Power Ltd,Powerplant,1.3529212286777097,Adichanallur,village,False,False,agricultural_burn,"Agricultural cropland near Adichanallur (village, 1.4 km)",cpcb_13,False,,,1,1,agricultural_burn,0.986
8.64359,77.90287,342.47,0.48,0.4,2026-08-19,835,N,VIIRS,n,2.0NRT,303.55,12.23,D,27.559951835829786,industrial,IND Barath Thermal Power Ltd,cpcb_verified,8.8894,77.935,cpcb_13,IND Barath Thermal Power Ltd,Powerplant,1.641091301350767,Srivaikuntam,town,False,False,urban_commercial_fire,Urban / Commercial area (Srivaikuntam),cpcb_13,False,,,1,1,urban_commercial_fire,0.985
8.71568,77.94273,351.14,0.48,0.4,2026-08-19,835,N,VIIRS,n,2.0NRT,305.18,5.73,D,19.33544914764605,industrial,IND Barath Thermal Power Ltd,cpcb_verified,8.8894,77.935,cpcb_13,IND Barath Thermal Power Ltd,Powerplant,5.51825913425307,Mudivaithanendal,village,False,False,scrub_biomass_burn,Rural scrubland / open biomass near Mudivaithanendal (5.5 km),cpcb_13,False,,,1,1,scrub_biomass_burn,0.983
8.71631,77.94712,343.37,0.48,0.4,2026-08-19,835,N,VIIRS,n,2.0NRT,306.07,10.01,D,19.29275306129077,industrial,IND Barath Thermal Power Ltd,cpcb_verified,8.8894,77.935,cpcb_13,IND Barath Thermal Power Ltd,Powerplant,5.030882415737192,Mudivaithanendal,village,False,False,scrub_biomass_burn,Rural scrubland / open biomass near Mudivaithanendal (5.0 km),cpcb_13,False,,,1,1,scrub_biomass_burn,0.979
8.71938,77.94218,345.04,0.48,0.4,2026-08-19,835,N,VIIRS,n,2.0NRT,305.13,5.73,D,18.92181722359445,industrial,IND Barath Thermal Power Ltd,cpcb_verified,8.8894,77.935,cpcb_13,IND Barath Thermal Power Ltd,Powerplant,5.545665340874751,Mudivaithanendal,village,False,False,scrub_biomass_burn,Rural scrubland / open biomass near Mudivaithanendal (5.5 km),cpcb_13,False,,,1,1,scrub_biomass_burn,0.983
8.74087,77.59978,336.15,0.46,0.39,2026-08-19,835,N,VIIRS,n,2.0NRT,302.15,5.47,D,15.217169348803582,industrial,Sun Paper Mills Limited,cpcb_verified,8.6822,77.4747,cpcb_28,Sun Paper Mills Limited,Pulp & Paper,3.504355812857236,Nadukkallur,village,True,False,wildfire,Forest / Woodland reserve near Nadukkallur,cpcb_28,False,,,1,1,wildfire,0.984
8.80154,80.3954,345.86,0.45,0.47,2026-08-19,835,N,VIIRS,n,2.0NRT,297.36,10.19,D,130.58156990123084,industrial,Arkay Energy (Rameswaram) Ltd,cpcb_verified,9.2876,79.3129,cpcb_27,Arkay Energy (Rameswaram) Ltd,Powerplant,2.0530710729017305,Kidachuri,village,False,False,agricultural_burn,"Agricultural cropland near Kidachuri (village, 2.1 km)",cpcb_27,False,,,1,1,agricultural_burn,0.987
8.83535,77.7394,337.15,0.47,0.4,2026-08-19,835,N,VIIRS,n,2.0NRT,302.31,3.06,D,22.31465647295304,industrial,IND Barath Thermal Power Ltd,cpcb_verified,8.8894,77.935,cpcb_13,IND Barath Thermal Power Ltd,Powerplant,3.9451306729319104,Thenkalam Puthur,village,False,False,agricultural_burn,"Agricultural cropland near Thenkalam Puthur (village, 3.9 km)",cpcb_13,False,,,1,1,agricultural_burn,0.986
8.89859,77.86332,350.18,0.48,0.4,2026-08-19,835,N,VIIRS,n,2.0NRT,302.22,9.44,D,7.940643666826828,industrial,IND Barath Thermal Power Ltd,cpcb_verified,8.8894,77.935,cpcb_13,IND Barath Thermal Power Ltd,Powerplant,5.241926831699519,Maniyachchi,village,False,False,scrub_biomass_burn,Rural scrubland / open biomass near Maniyachchi (5.2 km),cpcb_13,False,,,1,1,scrub_biomass_burn,0.983
8.89924,77.86769,340.38,0.48,0.4,2026-08-19,835,N,VIIRS,n,2.0NRT,301.81,7.97,D,7.47504268559309,industrial,IND Barath Thermal Power Ltd,cpcb_verified,8.8894,77.935,cpcb_13,IND Barath Thermal Power Ltd,Powerplant,4.991308943741718,Maniyachchi,village,False,False,agricultural_burn,"Agricultural cropland near Maniyachchi (village, 5.0 km)",cpcb_13,False,,,1,1,agricultural_burn,0.676
8.8998,77.85522,341.75,0.48,0.4,2026-08-19,835,N,VIIRS,n,2.0NRT,304.64,7.59,D,8.840414236003742,industrial,IND Barath Thermal Power Ltd,cpcb_verified,8.8894,77.935,cpcb_13,IND Barath Thermal Power Ltd,Powerplant,5.964247432859645,Maniyachchi,village,False,False,scrub_biomass_burn,Rural scrubland / open biomass near Maniyachchi (6.0 km),cpcb_13,False,,,1,1,scrub_biomass_burn,0.983
8.90038,77.80621,349.37,0.48,0.4,2026-08-19,835,N,VIIRS,n,2.0NRT,303.92,8.58,D,14.201148406715506,industrial,IND Barath Thermal Power Ltd,cpcb_verified,8.8894,77.935,cpcb_13,IND Barath Thermal Power Ltd,Powerplant,5.557815127257999,Gangaikondan,village,False,False,scrub_biomass_burn,Rural scrubland / open biomass near Gangaikondan (5.6 km),cpcb_13,False,,,1,1,scrub_biomass_burn,0.984
8.90042,77.8596,351.01,0.48,0.4,2026-08-19,835,N,VIIRS,n,2.0NRT,304.5,6.75,D,8.373412615859623,industrial,IND Barath Thermal Power Ltd,cpcb_verified,8.8894,77.935,cpcb_13,IND Barath Thermal Power Ltd,Powerplant,5.66891803115138,Maniyachchi,village,False,False,scrub_biomass_burn,Rural scrubland / open biomass near Maniyachchi (5.7 km),cpcb_13,False,,,1,1,scrub_biomass_burn,0.983
8.90104,77.86399,348.91,0.48,0.4,2026-08-19,835,N,VIIRS,n,2.0NRT,303.75,6.75,D,7.907629670898663,industrial,IND Barath Thermal Power Ltd,cpcb_verified,8.8894,77.935,cpcb_13,IND Barath Thermal Power Ltd,Powerplant,5.400563983455865,Maniyachchi,village,False,False,scrub_biomass_burn,Rural scrubland / open biomass near Maniyachchi (5.4 km),cpcb_13,False,,,1,1,scrub_biomass_burn,0.983
8.9035,77.85469,348.35,0.48,0.4,2026-08-19,835,N,VIIRS,n,2.0NRT,304.9,15.94,D,8.960857395723107,industrial,IND Barath Thermal Power Ltd,cpcb_verified,8.8894,77.935,cpcb_13,IND Barath Thermal Power Ltd,Powerplant,6.2909024570430265,Maniyachchi,village,False,False,scrub_biomass_burn,Rural scrubland / open biomass near Maniyachchi (6.3 km),cpcb_13,False,,,1,1,scrub_biomass_burn,0.983
8.90407,77.80566,349.6,0.48,0.4,2026-08-19,835,N,VIIRS,n,2.0NRT,303.82,7.93,D,14.302246539300386,industrial,IND Barath Thermal Power Ltd,cpcb_verified,8.8894,77.935,cpcb_13,IND Barath Thermal Power Ltd,Powerplant,5.878313366532778,Gangaikondan,village,False,False,scrub_biomass_burn,Rural scrubland / open biomass near Gangaikondan (5.9 km),cpcb_13,False,,,1,1,scrub_biomass_burn,0.984
8.90412,77.85908,356.97,0.48,0.4,2026-08-19,835,N,VIIRS,l,2.0NRT,305.53,9.84,D,8.499442964778606,industrial,IND Barath Thermal Power Ltd,cpcb_verified,8.8894,77.935,cpcb_13,IND Barath Thermal Power Ltd,Powerplant,6.010977162589099,Maniyachchi,village,False,False,scrub_biomass_burn,Rural scrubland / open biomass near Maniyachchi (6.0 km),cpcb_13,False,,,1,0,scrub_biomass_burn,0.983
8.90469,77.81,354.05,0.48,0.4,2026-08-19,835,N,VIIRS,n,2.0NRT,304.26,7.93,D,13.836974898329606,industrial,IND Barath Thermal Power Ltd,cpcb_verified,8.8894,77.935,cpcb_13,IND Barath Thermal Power Ltd,Powerplant,6.18621346008799,Gangaikondan,village,False,False,scrub_biomass_burn,Rural scrubland / open biomass near Gangaikondan (6.2 km),cpcb_13,False,,,1,1,scrub_biomass_burn,0.984
8.90474,77.86346,341.44,0.48,0.4,2026-08-19,835,N,VIIRS,n,2.0NRT,305.68,9.84,D,8.042143334119288,industrial,IND Barath Thermal Power Ltd,cpcb_verified,8.8894,77.935,cpcb_13,IND Barath Thermal Power Ltd,Powerplant,5.75939469394154,Maniyachchi,village,False,False,scrub_biomass_burn,Rural scrubland / open biomass near Maniyachchi (5.8 km),cpcb_13,False,,,1,1,scrub_biomass_burn,0.983
8.90883,77.7077,336.15,0.47,0.4,2026-08-19,835,N,VIIRS,n,2.0NRT,303.21,2.39,D,25.06365030021817,industrial,IND Barath Thermal Power Ltd,cpcb_verified,8.8894,77.935,cpcb_13,IND Barath Thermal Power Ltd,Powerplant,1.956086943805355,Seliyanallur,village,False,False,agricultural_burn,"Agricultural cropland near Seliyanallur (village, 2.0 km)",cpcb_13,False,,,1,1,agricultural_burn,0.987
8.91504,78.00077,342.35,0.49,0.4,2026-08-19,835,N,VIIRS,n,2.0NRT,304.47,11.0,D,7.767357145094343,industrial,IND Barath Thermal Power Ltd,cpcb_verified,8.8894,77.935,cpcb_13,IND Barath Thermal Power Ltd,Powerplant,2.368923378815984,Ottappidaram,town,False,False,urban_commercial_fire,Urban / Commercial area (Ottappidaram),cpcb_13,False,,,1,1,urban_commercial_fire,0.976
8.97893,77.73409,343.11,0.47,0.4,2026-08-19,835,N,VIIRS,n,2.0NRT,303.8,6.63,D,24.21061707872604,industrial,IND Barath Thermal Power Ltd,cpcb_verified,8.8894,77.935,cpcb_13,IND Barath Thermal Power Ltd,Powerplant,5.297829960040146,Ayyanaruthu,village,False,False,scrub_biomass_burn,Rural scrubland / open biomass near Ayyanaruthu (5.3 km),cpcb_13,False,,,1,1,scrub_biomass_burn,0.983
9.03106,77.75757,345.88,0.48,0.4,2026-08-19,835,N,VIIRS,n,2.0NRT,306.08,9.32,D,25.058431476288995,industrial,IND Barath Thermal Power Ltd,cpcb_verified,8.8894,77.935,cpcb_13,IND Barath Thermal Power Ltd,Powerplant,3.49392772535623,Chettikurichi,village,False,False,agricultural_burn,"Agricultural cropland near Chettikurichi (village, 3.5 km)",cpcb_13,False,,,1,1,agricultural_burn,0.987
9.03169,77.76192,344.0,0.48,0.4,2026-08-19,835,N,VIIRS,n,2.0NRT,305.97,11.65,D,24.73340691067477,industrial,IND Barath Thermal Power Ltd,cpcb_verified,8.8894,77.935,cpcb_13,IND Barath Thermal Power Ltd,Powerplant,3.620433121264835,Chettikurichi,village,False,False,agricultural_burn,"Agricultural cropland near Chettikurichi (village, 3.6 km)",cpcb_13,False,,,1,1,agricultural_burn,0.986
9.03474,77.75704,350.59,0.48,0.4,2026-08-19,835,N,VIIRS,n,2.0NRT,305.75,11.46,D,25.36241716862316,industrial,IND Barath Thermal Power Ltd,cpcb_verified,8.8894,77.935,cpcb_13,IND Barath Thermal Power Ltd,Powerplant,3.0902514214189902,Chettikurichi,village,False,False,agricultural_burn,"Agricultural cropland near Chettikurichi (village, 3.1 km)",cpcb_13,False,,,1,1,agricultural_burn,0.986
9.03537,77.76139,345.75,0.48,0.4,2026-08-19,835,N,VIIRS,n,2.0NRT,305.95,9.87,D,25.04137614785176,industrial,IND Barath Thermal Power Ltd,cpcb_verified,8.8894,77.935,cpcb_13,IND Barath Thermal Power Ltd,Powerplant,3.232858523940278,Chettikurichi,village,False,False,agricultural_burn,"Agricultural cropland near Chettikurichi (village, 3.2 km)",cpcb_13,False,,,1,1,agricultural_burn,0.987
9.13059,77.62038,339.34,0.47,0.4,2026-08-19,835,N,VIIRS,n,2.0NRT,298.57,2.56,D,43.739412909449314,industrial,IND Barath Thermal Power Ltd,cpcb_verified,8.8894,77.935,cpcb_13,IND Barath Thermal Power Ltd,Powerplant,1.1533976035117677,Keelaneelithanallur,village,False,False,agricultural_burn,"Agricultural cropland near Keelaneelithanallur (village, 1.2 km)",cpcb_13,False,,,1,1,agricultural_burn,0.987
9.36352,78.6637,341.86,0.54,0.42,2026-08-19,835,N,VIIRS,n,2.0NRT,300.46,4.18,D,15.282137186624132,industrial,unnamed,tn_central,9.4991424,78.6411443,477564304,,,6.754322308367941,Tiyahur,village,False,False,scrub_biomass_burn,Rural scrubland / open biomass near Tiyahur (6.8 km),477564304,False,,,1,1,scrub_biomass_burn,0.983
9.38257,78.68613,338.68,0.54,0.42,2026-08-19,835,N,VIIRS,n,2.0NRT,300.46,6.44,D,13.869706336199744,industrial,unnamed,tn_central,9.4991424,78.6411443,477564304,,,3.948127005258491,Tiyahur,village,False,False,agricultural_burn,"Agricultural cropland near Tiyahur (village, 3.9 km)",477564304,False,,,1,1,agricultural_burn,0.986
9.42854,80.37435,344.88,0.46,0.47,2026-08-19,835,N,VIIRS,n,2.0NRT,295.23,5.7,D,117.50675590712429,industrial,Arkay Energy (Rameswaram) Ltd,cpcb_verified,9.2876,79.3129,cpcb_27,Arkay Energy (Rameswaram) Ltd,Powerplant,0.2319955228252989,Periya Paranthan,village,False,False,agricultural_burn,"Agricultural cropland near Periya Paranthan (village, 0.2 km)",cpcb_27,False,,,1,1,agricultural_burn,0.987
9.45543,78.69313,337.51,0.54,0.42,2026-08-19,835,N,VIIRS,n,2.0NRT,299.76,5.02,D,7.492274876666364,industrial,unnamed,tn_central,9.4991424,78.6411443,477564304,,,5.243251813467941,Bogalur,village,False,False,scrub_biomass_burn,Rural scrubland / open biomass near Bogalur (5.2 km),477564304,False,,,1,1,scrub_biomass_burn,0.983
9.51772,78.22963,337.42,0.51,0.41,2026-08-19,835,N,VIIRS,n,2.0NRT,298.46,2.82,D,0.5573703720779574,industrial,Tiruchuli,tn_central,9.5221996,78.2273494,590858788,,,1.6476890824764088,Panaiyur,village,False,False,industrial_fire,Industrial facility (Tiruchuli),590858788,False,3.54,1.4400000000000002,1,1,industrial_fire,0.985
9.52153,78.22908,341.77,0.51,0.41,2026-08-19,835,N,VIIRS,n,2.0NRT,297.44,2.82,D,0.2038656021230825,industrial,Tiruchuli,tn_central,9.5221996,78.2273494,590858788,,,2.058148786028565,Panaiyur,village,False,False,industrial_fire,Industrial facility (Tiruchuli),590858788,False,3.54,1.4400000000000002,1,1,industrial_fire,0.985
9.52219,78.23375,336.27,0.51,0.41,2026-08-19,835,N,VIIRS,n,2.0NRT,297.65,2.82,D,0.701908770373548,industrial,Tiruchuli,tn_central,9.5221996,78.2273494,590858788,,,1.9917364024719049,Panaiyur,village,False,False,industrial_fire,Industrial facility (Tiruchuli),590858788,False,3.54,1.4400000000000002,1,1,industrial_fire,0.985
9.52467,78.22387,342.78,0.51,0.41,2026-08-19,835,N,VIIRS,n,2.0NRT,298.01,5.7,D,0.4701547714750196,industrial,Tiruchuli,tn_central,9.5221996,78.2273494,590858788,,,2.6304387849986,Panaiyur,village,False,False,industrial_fire,Industrial facility (Tiruchuli),590858788,False,3.54,1.4400000000000002,1,1,industrial_fire,0.985
9.57684,78.31702,340.72,0.52,0.41,2026-08-19,835,N,VIIRS,n,2.0NRT,301.62,10.51,D,0.8936817192648885,industrial,Narikudi,tn_central,9.5700547,78.3126517,590858784,,,1.0623122417776236,Mukkulam,village,False,False,industrial_fire,Industrial facility (Narikudi),590858784,False,6.956666666666667,3.0882411391167843,1,1,industrial_fire,0.984
9.78078,80.23373,336.93,0.45,0.47,2026-08-19,835,N,VIIRS,n,2.0NRT,294.03,4.99,D,99.49100206858556,industrial,unnamed,tn_central,10.430444,79.6088047,651535389,,,1.2941525270472334,Vallipuram,village,False,False,agricultural_burn,"Agricultural cropland near Vallipuram (village, 1.3 km)",651535389,False,,,1,1,agricultural_burn,0.987
10.03752,78.66753,330.97,0.55,0.43,2026-08-19,835,N,VIIRS,n,2.0NRT,295.48,2.84,D,2.80689437869913,industrial,unnamed,tn_central,10.0337193,78.692873,747123704,,,2.7142357456260484,Alangudi,village,False,False,agricultural_burn,"Agricultural cropland near Alangudi (village, 2.7 km)",747123704,False,,,1,1,agricultural_burn,0.984
10.75007,78.63698,339.53,0.56,0.43,2026-08-19,835,N,VIIRS,n,2.0NRT,301.41,9.85,D,2.729216954732532,industrial,unnamed,tn_central,10.7604637,78.6143473,1410857831,,,1.1794855163608795,Esanapatty,village,False,False,agricultural_burn,"Agricultural cropland near Esanapatty (village, 1.2 km)",1410857831,False,,,1,1,agricultural_burn,0.983
10.93714,78.49078,341.28,0.55,0.43,2026-08-19,835,N,VIIRS,n,2.0NRT,300.71,8.01,D,11.41811577335271,industrial,unnamed,tn_central,10.8836374,78.4015207,906600548,,,0.488915580567531,Vellur,village,False,False,agricultural_burn,"Agricultural cropland near Vellur (village, 0.5 km)",906600548,False,,,1,1,agricultural_burn,0.987
10.95679,78.40086,335.84,0.54,0.42,2026-08-19,835,N,VIIRS,n,2.0NRT,300.64,6.15,D,8.134517845465233,industrial,unnamed,tn_central,10.8836374,78.4015207,906600548,,,1.1352656407887125,Keelakorapalayam,village,False,False,agricultural_burn,"Agricultural cropland near Keelakorapalayam (village, 1.1 km)",906600548,False,,,1,1,agricultural_burn,0.986
11.14616,76.89647,336.2,0.46,0.39,2026-08-19,835,N,VIIRS,n,2.0NRT,294.92,4.96,D,73.10072262548182,industrial,Amaravathy Co-Op Sugar Mills (Distillery),cpcb_verified,10.5876,77.2495,cpcb_4,Amaravathy Co-Op Sugar Mills (Distillery),Distillery,5.424488476554635,Periyanaickenpalyam,suburb,False,False,scrub_biomass_burn,Rural scrubland / open biomass near Periyanaickenpalyam (5.4 km),cpcb_4,False,,,1,1,scrub_biomass_burn,0.984
11.14976,76.89596,331.53,0.46,0.39,2026-08-19,835,N,VIIRS,n,2.0NRT,297.02,4.96,D,73.47026297426832,industrial,Amaravathy Co-Op Sugar Mills (Distillery),cpcb_verified,10.5876,77.2495,cpcb_4,Amaravathy Co-Op Sugar Mills (Distillery),Distillery,5.443826232683438,Periyanaickenpalyam,suburb,False,False,scrub_biomass_burn,Rural scrubland / open biomass near Periyanaickenpalyam (5.4 km),cpcb_4,False,,,1,1,scrub_biomass_burn,0.984
8.73686,77.60081,337.37,0.39,0.59,2026-08-19,2108,N,VIIRS,n,2.0NRT,290.24,7.27,N,15.135087829332992,industrial,Sun Paper Mills Limited,cpcb_verified,8.6822,77.4747,cpcb_28,Sun Paper Mills Limited,Pulp & Paper,3.1184558244770018,Nadukkallur,village,True,False,wildfire,Forest / Woodland reserve near Nadukkallur,cpcb_28,False,,,0,1,wildfire,0.984
8.73753,77.59727,329.03,0.39,0.59,2026-08-19,2108,N,VIIRS,n,2.0NRT,289.86,7.6,N,14.810356735758262,industrial,Sun Paper Mills Limited,cpcb_verified,8.6822,77.4747,cpcb_28,Sun Paper Mills Limited,Pulp & Paper,3.073620075291681,Nadukkallur,village,True,False,wildfire,Forest / Woodland reserve near Nadukkallur,cpcb_28,False,,,0,1,wildfire,0.985
8.74163,77.60539,307.47,0.39,0.59,2026-08-19,2108,N,VIIRS,n,2.0NRT,289.76,9.46,N,15.811571224075234,industrial,Sun Paper Mills Limited,cpcb_verified,8.6822,77.4747,cpcb_28,Sun Paper Mills Limited,Pulp & Paper,3.8042054082546737,Nadukkallur,village,True,False,wildfire,Forest / Woodland reserve near Nadukkallur,cpcb_28,False,,,0,1,wildfire,0.981
8.7423,77.60185,355.88,0.39,0.59,2026-08-19,2108,N,VIIRS,n,2.0NRT,292.11,9.46,N,15.490932083991725,industrial,Sun Paper Mills Limited,cpcb_verified,8.6822,77.4747,cpcb_28,Sun Paper Mills Limited,Pulp & Paper,3.7258137287755946,Nadukkallur,village,True,False,wildfire,Forest / Woodland reserve near Nadukkallur,cpcb_28,False,,,0,1,wildfire,0.981
8.74296,77.59831,367.0,0.39,0.59,2026-08-19,2108,N,VIIRS,h,2.0NRT,291.41,21.46,N,15.173367012530711,industrial,Sun Paper Mills Limited,cpcb_verified,8.6822,77.4747,cpcb_28,Sun Paper Mills Limited,Pulp & Paper,3.68744787540577,Nadukkallur,village,True,False,wildfire,Forest / Woodland reserve near Nadukkallur,cpcb_28,False,,,0,2,wildfire,0.981
8.28735,80.1686,334.38,0.42,0.38,2026-08-10,801,N,VIIRS,n,2.0NRT,298.45,5.09,D,145.64471433300278,industrial,Arkay Energy (Rameswaram) Ltd,cpcb_verified,9.2876,79.3129,cpcb_27,Arkay Energy (Rameswaram) Ltd,Powerplant,2.905752929692059,Hunuwilagama,village,False,False,agricultural_burn,"Agricultural cropland near Hunuwilagama (village, 2.9 km)",cpcb_27,False,,,1,1,agricultural_burn,0.987
8.66499,77.87334,340.85,0.54,0.42,2026-08-10,801,N,VIIRS,n,2.0NRT,301.71,6.53,D,25.85689059881605,industrial,IND Barath Thermal Power Ltd,cpcb_verified,8.8894,77.935,cpcb_13,IND Barath Thermal Power Ltd,Powerplant,3.47510908616622,Karungulam,village,False,False,agricultural_burn,"Agricultural cropland near Karungulam (village, 3.5 km)",cpcb_13,False,,,1,1,agricultural_burn,0.986
8.67884,80.29721,335.32,0.42,0.37,2026-08-10,801,N,VIIRS,n,2.0NRT,297.9,2.98,D,127.55093160080246,industrial,Arkay Energy (Rameswaram) Ltd,cpcb_verified,9.2876,79.3129,cpcb_27,Arkay Energy (Rameswaram) Ltd,Powerplant,2.7081115715727786,Cheddikulam,village,False,False,agricultural_burn,"Agricultural cropland near Cheddikulam (village, 2.7 km)",cpcb_27,False,,,1,1,agricultural_burn,0.987
8.74038,77.72398,332.77,0.55,0.43,2026-08-10,801,N,VIIRS,n,2.0NRT,301.52,2.94,D,28.15230557467785,industrial,Sun Paper Mills Limited,cpcb_verified,8.6822,77.4747,cpcb_28,Sun Paper Mills Limited,Pulp & Paper,1.0278283334059413,Udayarpatti,suburb,False,False,urban_commercial_fire,Urban / Commercial area (Udayarpatti),cpcb_28,False,,,1,1,urban_commercial_fire,0.985
9.11507,77.54341,346.35,0.55,0.43,2026-08-10,801,N,VIIRS,n,2.0NRT,301.99,5.08,D,46.46037991316688,industrial,Empee Sugars and Chemicals Ltd,cpcb_verified,8.7089,77.4442,cpcb_38,Empee Sugars and Chemicals Ltd,Sugar,1.2663030757795302,Chinnakovilankulam,village,False,False,agricultural_burn,"Agricultural cropland near Chinnakovilankulam (village, 1.3 km)",cpcb_38,False,,,1,1,agricultural_burn,0.987
9.42565,78.80767,336.8,0.47,0.4,2026-08-10,801,N,VIIRS,l,2.0NRT,299.57,8.7,D,7.70318047981065,industrial,Coromandel Electric Company Ltd,cpcb_verified,9.3639,78.8395,cpcb_24,Pioneer Power Ltd,Powerplant,0.2296413600165383,Kavanur,village,False,False,agricultural_burn,"Agricultural cropland near Kavanur (village, 0.2 km)",cpcb_24,False,,,1,0,agricultural_burn,0.986
9.53488,78.5205,330.49,0.48,0.4,2026-08-10,801,N,VIIRS,l,2.0NRT,300.86,2.49,D,7.817689230211824,industrial,unnamed,tn_central,9.5863852,78.4719702,725193694,,,7.88568961000858,Paramakkudi,town,False,False,scrub_biomass_burn,Rural scrubland / open biomass near Paramakkudi (7.9 km),725193694,False,,,1,0,scrub_biomass_burn,0.983
9.65751,78.09645,338.99,0.51,0.41,2026-08-10,801,N,VIIRS,n,2.0NRT,304.84,4.57,D,7.339764944090048,industrial,unnamed,tn_central,9.7192725,78.1200778,1025074547,,,1.5091977581138731,Kariyapatti,village,False,False,agricultural_burn,"Agricultural cropland near Kariyapatti (village, 1.5 km)",1025074547,False,,,1,1,agricultural_burn,0.986
9.65848,78.09887,336.36,0.51,0.41,2026-08-10,801,N,VIIRS,n,2.0NRT,304.93,5.64,D,7.148337238929615,industrial,unnamed,tn_central,9.7192725,78.1200778,1025074547,,,1.3368618746574477,Kariyapatti,village,False,False,agricultural_burn,"Agricultural cropland near Kariyapatti (village, 1.3 km)",1025074547,False,,,1,1,agricultural_burn,0.986
9.67706,77.40768,353.93,0.55,0.43,2026-08-10,801,N,VIIRS,n,2.0NRT,300.22,27.78,D,67.74455379840843,industrial,unnamed,tn_central,9.5822502,78.0181003,751731783,,,2.802445758837287,Meghamalai,village,False,False,agricultural_burn,"Agricultural cropland near Meghamalai (village, 2.8 km)",751731783,False,,,1,1,agricultural_burn,0.986
9.70958,77.59943,339.29,0.54,0.42,2026-08-10,801,N,VIIRS,n,2.0NRT,295.83,6.59,D,48.030070334441405,industrial,unnamed,tn_central,9.5822502,78.0181003,751731783,,,7.2460541194157,Koomapatti,village,False,False,scrub_biomass_burn,Rural scrubland / open biomass near Koomapatti (7.2 km),751731783,False,,,1,1,scrub_biomass_burn,0.983
9.90223,78.1714,335.02,0.5,0.41,2026-08-10,801,N,VIIRS,n,2.0NRT,302.49,2.8,D,2.005201840013071,industrial,unnamed,tn_central,9.8864505,78.1802613,726550284,,,0.9565149893031678,Viraganur,suburb,False,False,urban_commercial_fire,Urban / Commercial area (Viraganur),726550284,False,,,1,1,urban_commercial_fire,0.892
10.007,78.03323,355.73,0.51,0.41,2026-08-10,801,N,VIIRS,n,2.0NRT,303.39,19.23,D,4.978696747004612,industrial,unnamed,tn_central,9.9634869,78.0439453,990848644,,,1.2380595971156612,Chittalangudi,village,False,False,agricultural_burn,"Agricultural cropland near Chittalangudi (village, 1.2 km)",990848644,False,,,1,1,agricultural_burn,0.984
10.40051,79.41708,346.89,0.43,0.38,2026-08-10,801,N,VIIRS,n,2.0NRT,298.99,8.13,D,11.242099303582462,industrial,Shriram Non-Conventional Energy Ltd,cpcb_verified,10.4256,79.3175,cpcb_17,Shriram Non-Conventional Energy Ltd,Powerplant,1.3760639270527044,Palaverikadu,village,False,False,agricultural_burn,"Agricultural cropland near Palaverikadu (village, 1.4 km)",cpcb_17,False,,,1,1,agricultural_burn,0.986
11.73288,79.25768,339.42,0.43,0.38,2026-08-10,801,N,VIIRS,n,2.0NRT,303.89,6.56,D,14.429020799195545,industrial,Chengalrayan Co-operative Sugar Mills,cpcb_verified,11.6167,79.3167,cpcb_35,Chengalrayan Co-operative Sugar Mills,Sugar,5.772473324509647,Ulundurpettai,town,False,False,scrub_biomass_burn,Rural scrubland / open biomass near Ulundurpettai (5.8 km),cpcb_35,False,,,1,1,scrub_biomass_burn,0.982
12.09698,79.78356,346.95,0.41,0.37,2026-08-10,801,N,VIIRS,n,2.0NRT,296.78,8.28,D,8.205264050104857,industrial,unnamed,tn_central,12.0251083,79.766459,554804876,,,4.204492245714249,Kiliyanur,village,False,False,agricultural_burn,"Agricultural cropland near Kiliyanur (village, 4.2 km)",554804876,False,,,1,1,agricultural_burn,0.985
12.56739,76.95238,341.37,0.54,0.42,2026-08-10,801,N,VIIRS,n,2.0NRT,296.74,6.39,D,96.65174936945732,industrial,Sanmar Speciality Chemicals Ltd,cpcb_verified,12.7409,77.8253,cpcb_12,Sanmar Speciality Chemicals Ltd,Pharma,1.355935005085466,Tumbakere,village,False,False,agricultural_burn,"Agricultural cropland near Tumbakere (village, 1.4 km)",cpcb_12,False,,,1,1,agricultural_burn,0.987
8.29562,80.34652,320.93,0.54,0.42,2026-08-10,2038,N,VIIRS,n,2.0NRT,291.09,2.86,N,158.32722502893924,industrial,Arkay Energy (Rameswaram) Ltd,cpcb_verified,9.2876,79.3129,cpcb_27,Arkay Energy (Rameswaram) Ltd,Powerplant,3.1735799404920555,Sravasthipura,village,False,False,agricultural_burn,"Agricultural cropland near Sravasthipura (village, 3.2 km)",cpcb_27,False,,,0,1,agricultural_burn,0.986
8.69899,78.05886,316.48,0.42,0.38,2026-08-10,2038,N,VIIRS,n,2.0NRT,293.48,1.16,N,11.056113868934862,industrial,Coastal Energen Power Ltd,cpcb_verified,8.7642,78.1348,cpcb_25,Sterlite Industries (India) Ltd - Copper Smelter,Copper,2.741187644513692,Kootampuli,village,False,False,agricultural_burn,"Agricultural cropland near Kootampuli (village, 2.7 km)",cpcb_25,False,,,0,1,agricultural_burn,0.983
9.20653,77.49845,310.68,0.4,0.37,2026-08-10,2038,N,VIIRS,n,2.0NRT,293.23,1.56,N,55.65384478725706,industrial,Empee Sugars and Chemicals Ltd,cpcb_verified,8.7089,77.4442,cpcb_38,Empee Sugars and Chemicals Ltd,Sugar,1.654996933889958,Anaiyur,village,False,False,agricultural_burn,"Agricultural cropland near Anaiyur (village, 1.7 km)",cpcb_38,False,,,0,1,agricultural_burn,0.987
9.28078,77.39169,329.87,0.4,0.37,2026-08-10,2038,N,VIIRS,n,2.0NRT,291.78,2.94,N,63.85112563095942,industrial,Empee Sugars and Chemicals Ltd,cpcb_verified,8.7089,77.4442,cpcb_38,Empee Sugars and Chemicals Ltd,Sugar,4.764015456597667,Vasudevanallur,village,False,False,agricultural_burn,"Agricultural cropland near Vasudevanallur (village, 4.8 km)",cpcb_38,False,,,0,1,agricultural_burn,0.984
9.52627,77.44958,320.1,0.4,0.37,2026-08-10,2038,N,VIIRS,n,2.0NRT,292.59,3.14,N,62.64968008411984,industrial,unnamed,tn_central,9.5822502,78.0181003,751731783,,,11.718928479472607,Sundararajapuram,village,True,False,wildfire,Forest / Woodland reserve near Sundararajapuram,751731783,False,,,0,1,wildfire,0.941
9.52684,77.44609,315.95,0.4,0.37,2026-08-10,2038,N,VIIRS,n,2.0NRT,293.58,3.14,N,63.02420511926813,industrial,unnamed,tn_central,9.5822502,78.0181003,751731783,,,11.95168094920884,Sundararajapuram,village,True,False,wildfire,Forest / Woodland reserve near Sundararajapuram,751731783,False,,,0,1,wildfire,0.934
9.52966,77.44995,337.96,0.4,0.37,2026-08-10,2038,N,VIIRS,n,2.0NRT,293.68,3.14,N,62.572648149185895,industrial,unnamed,tn_central,9.5822502,78.0181003,751731783,,,12.03917503785532,Sundararajapuram,village,False,False,scrub_biomass_burn,Rural scrubland / open biomass near Sundararajapuram (12.0 km),751731783,False,,,0,1,scrub_biomass_burn,0.982
9.53022,77.44653,342.64,0.4,0.37,2026-08-10,2038,N,VIIRS,n,2.0NRT,294.87,3.14,N,62.9402206471301,industrial,unnamed,tn_central,9.5822502,78.0181003,751731783,,,12.262034247276892,Sundararajapuram,village,False,False,scrub_biomass_burn,Rural scrubland / open biomass near Sundararajapuram (12.3 km),751731783,False,,,0,1,scrub_biomass_burn,0.982
9.70315,77.58917,344.88,0.4,0.37,2026-08-10,2038,N,VIIRS,n,2.0NRT,294.0,6.37,N,48.90501899340721,industrial,unnamed,tn_central,9.5822502,78.0181003,751731783,,,6.6209932861019904,Koomapatti,village,False,False,scrub_biomass_burn,Rural scrubland / open biomass near Koomapatti (6.6 km),751731783,False,,,0,1,scrub_biomass_burn,0.982
9.70653,77.58966,309.63,0.4,0.37,2026-08-10,2038,N,VIIRS,n,2.0NRT,292.62,1.61,N,48.95790504608543,industrial,unnamed,tn_central,9.5822502,78.0181003,751731783,,,6.983837835251939,Koomapatti,village,False,False,scrub_biomass_burn,Rural scrubland / open biomass near Koomapatti (7.0 km),751731783,False,,,0,1,scrub_biomass_burn,0.983
9.71671,77.59083,305.73,0.4,0.37,2026-08-10,2038,N,VIIRS,n,2.0NRT,290.88,1.08,N,49.16651092174465,industrial,unnamed,tn_central,9.5822502,78.0181003,751731783,,,6.45366455517386,Vaikkalparai,village,False,False,scrub_biomass_burn,Rural scrubland / open biomass near Vaikkalparai (6.5 km),751731783,False,,,0,1,scrub_biomass_burn,0.981
9.72326,77.61427,303.75,0.4,0.37,2026-08-10,2038,N,VIIRS,n,2.0NRT,290.64,0.32,N,46.61712643681744,industrial,unnamed,tn_central,9.7615692,78.0378628,1025074545,,,7.513409500441105,Vaikkalparai,village,False,False,scrub_biomass_burn,Rural scrubland / open biomass near Vaikkalparai (7.5 km),1025074545,False,,,0,1,scrub_biomass_burn,0.974
9.89699,77.68813,321.31,0.4,0.37,2026-08-10,2038,N,VIIRS,n,2.0NRT,290.67,2.01,N,34.22365181203527,industrial,Vadapalanji IT SEZ,tn_central,9.9312285,77.9986372,1034798587,,,3.954435544799229,Elumalai,village,False,False,agricultural_burn,"Agricultural cropland near Elumalai (village, 4.0 km)",1034798587,False,,,0,1,agricultural_burn,0.986
9.90036,77.68868,330.49,0.4,0.37,2026-08-10,2038,N,VIIRS,n,2.0NRT,290.67,2.83,N,34.12388205870758,industrial,Vadapalanji IT SEZ,tn_central,9.9312285,77.9986372,1034798587,,,4.297180587668954,Elumalai,village,False,False,agricultural_burn,"Agricultural cropland near Elumalai (village, 4.3 km)",1034798587,False,,,0,1,agricultural_burn,0.985
9.16179,77.91492,341.92,0.36,0.57,2026-08-11,741,N,VIIRS,n,2.0NRT,272.28,3.53,D,30.368552823396342,industrial,IND Barath Thermal Power Ltd,cpcb_verified,8.8894,77.935,cpcb_13,IND Barath Thermal Power Ltd,Powerplant,3.798721143714984,Duraisamypuram,village,False,False,agricultural_burn,"Agricultural cropland near Duraisamypuram (village, 3.8 km)",cpcb_13,False,,,1,1,agricultural_burn,0.985
10.83465,78.6193,340.31,0.6,0.53,2026-08-11,744,N,VIIRS,n,2.0NRT,288.36,11.21,D,8.266858939379663,industrial,unnamed,tn_central,10.7604637,78.6143473,1410857831,,,0.905966282003778,Perur,village,False,False,agricultural_burn,"Agricultural cropland near Perur (village, 0.9 km)",1410857831,False,,,1,1,agricultural_burn,0.985
10.93295,78.50113,335.0,0.6,0.53,2026-08-11,744,N,VIIRS,n,2.0NRT,295.8,2.47,D,12.17999635358402,industrial,unnamed,tn_central,10.8836374,78.4015207,906600548,,,0.348128196001413,Sendamangudi,village,False,False,agricultural_burn,"Agricultural cropland near Sendamangudi (village, 0.3 km)",906600548,False,,,1,1,agricultural_burn,0.987
10.93614,78.50137,334.18,0.61,0.53,2026-08-11,744,N,VIIRS,n,2.0NRT,295.06,7.51,D,12.366791423543638,industrial,unnamed,tn_central,10.8836374,78.4015207,906600548,,,0.3606636719220877,Sendamangudi,village,False,False,agricultural_burn,"Agricultural cropland near Sendamangudi (village, 0.4 km)",906600548,False,,,1,1,agricultural_burn,0.987
11.65238,79.1266,341.69,0.53,0.5,2026-08-11,744,N,VIIRS,n,2.0NRT,291.4,9.66,D,7.991210516409698,industrial,IOCL Asanur,tn_central,11.6130218,79.1879921,1069783572,,,2.916955398363453,Vadapoondi,village,True,False,wildfire,Forest / Woodland reserve near Vadapoondi,1069783572,False,,,1,1,wildfire,0.983
12.29835,78.21772,331.88,0.6,0.53,2026-08-11,744,N,VIIRS,n,2.0NRT,295.98,3.83,D,10.743947769343686,industrial,unnamed,tn_central,12.3687941,78.1500247,1149106638,,,1.6610361993524003,Kariamangalam,town,False,False,urban_commercial_fire,Urban / Commercial area (Kariamangalam),1149106638,False,,,1,1,urban_commercial_fire,0.984
13.35804,80.23712,330.27,0.42,0.46,2026-08-11,744,N,VIIRS,n,2.0NRT,298.49,4.38,D,5.82952991348349,works,unnamed,tn_north,13.3165808,80.2041425,966171337,North Chennai Thermal Power Station,Powerplant,0.5755119358220678,Perumbedu,village,False,False,agricultural_burn,"Agricultural cropland near Perumbedu (village, 0.6 km)",966171337,False,,,1,1,agricultural_burn,0.985
13.36924,80.1537,333.26,0.43,0.46,2026-08-11,744,N,VIIRS,n,2.0NRT,296.81,1.87,D,2.541868603326997,industrial,unnamed,tn_north,13.3473119,80.1603386,1074260437,North Chennai Thermal Power Station,Powerplant,1.6918636778510738,Kavaraipettai,village,False,False,agricultural_burn,"Agricultural cropland near Kavaraipettai (village, 1.7 km)",1074260437,False,,,1,1,agricultural_burn,0.981
13.46839,79.86543,330.21,0.45,0.47,2026-08-11,744,N,VIIRS,n,2.0NRT,297.42,5.22,D,9.96583761553463,industrial,"APSRTC Bus Depot , Satyavedu",tn_north,13.4414569,79.9533248,1415875784,,,1.0045300071836074,Tripurantakapuram,village,False,False,agricultural_burn,"Agricultural cropland near Tripurantakapuram (village, 1.0 km)",1415875784,False,,,1,1,agricultural_burn,0.986
9.52184,77.45166,305.29,0.48,0.4,2026-08-11,2017,N,VIIRS,n,2.0NRT,290.26,0.75,N,62.47418044168805,industrial,unnamed,tn_central,9.5822502,78.0181003,751731783,,,11.176388021840442,Sundararajapuram,village,True,False,wildfire,Forest / Woodland reserve near Sundararajapuram,751731783,False,,,0,1,wildfire,0.928
9.53687,77.45146,318.31,0.48,0.4,2026-08-11,2017,N,VIIRS,n,2.0NRT,290.55,3.07,N,62.337132401290674,industrial,unnamed,tn_central,9.5822502,78.0181003,751731783,,,12.699242524499583,Sundararajapuram,village,False,False,scrub_biomass_burn,Rural scrubland / open biomass near Sundararajapuram (12.7 km),751731783,False,,,0,1,scrub_biomass_burn,0.981
10.61676,77.42188,305.01,0.49,0.4,2026-08-11,2017,N,VIIRS,n,2.0NRT,291.08,0.72,N,19.11753039348661,industrial,Amaravathy Co-Op Sugar Mills (Distillery),cpcb_verified,10.5876,77.2495,cpcb_4,Amaravathy Co-Op Sugar Mills (Distillery),Distillery,4.971776108444812,Kaniyur,village,False,False,agricultural_burn,"Agricultural cropland near Kaniyur (village, 5.0 km)",cpcb_4,False,,,0,1,agricultural_burn,0.966
10.93105,77.06483,305.29,0.52,0.41,2026-08-11,2017,N,VIIRS,n,2.0NRT,281.43,1.31,N,43.190646101508015,industrial,Amaravathy Co-Op Sugar Mills (Distillery),cpcb_verified,10.5876,77.2495,cpcb_4,Amaravathy Co-Op Sugar Mills (Distillery),Distillery,2.9355208048767047,Kallapalayam,village,False,False,agricultural_burn,"Agricultural cropland near Kallapalayam (village, 2.9 km)",cpcb_4,False,,,0,1,agricultural_burn,0.986
12.74482,77.6194,297.44,0.51,0.41,2026-08-11,2019,N,VIIRS,n,2.0NRT,278.88,0.42,N,22.335379493895783,industrial,Sanmar Speciality Chemicals Ltd,cpcb_verified,12.7409,77.8253,cpcb_12,Sanmar Speciality Chemicals Ltd,Pharma,1.1458619151955438,Krishnadoddi,village,False,False,agricultural_burn,"Agricultural cropland near Krishnadoddi (village, 1.1 km)",cpcb_12,False,,,0,1,agricultural_burn,0.986
13.39368,80.10179,304.89,0.41,0.37,2026-08-11,2019,N,VIIRS,n,2.0NRT,284.2,1.0,N,1.0081192946088844,industrial,unnamed,tn_north,13.3871773,80.1082841,840721285,T.C.P. Limited - Gummidipoondi,Powerplant,3.747871342020649,Gummidipoondi,town,False,False,industrial_fire,Industrial facility (Industrial facility),840721285,False,1.5444444444444445,1.0770690682485398,0,1,industrial_fire,0.985
8.72599,77.55264,335.39,0.5,0.65,2026-08-12,905,N,VIIRS,n,2.0NRT,282.5,4.2,D,9.853834828195042,industrial,Sun Paper Mills Limited,cpcb_verified,8.6822,77.4747,cpcb_28,Sun Paper Mills Limited,Pulp & Paper,1.0182497820951402,Ariyanayakipuram,village,False,False,agricultural_burn,"Agricultural cropland near Ariyanayakipuram (village, 1.0 km)",cpcb_28,False,,,1,1,agricultural_burn,0.984
8.72601,77.55209,336.48,0.5,0.65,2026-08-12,905,N,VIIRS,n,2.0NRT,282.7,5.69,D,9.802428687876008,industrial,Sun Paper Mills Limited,cpcb_verified,8.6822,77.4747,cpcb_28,Sun Paper Mills Limited,Pulp & Paper,0.968927515934255,Ariyanayakipuram,village,False,False,agricultural_burn,"Agricultural cropland near Ariyanayakipuram (village, 1.0 km)",cpcb_28,False,,,1,1,agricultural_burn,0.984
8.89707,77.86404,335.18,0.52,0.67,2026-08-12,905,N,VIIRS,n,2.0NRT,292.34,7.0,D,7.842049460951405,industrial,IND Barath Thermal Power Ltd,cpcb_verified,8.8894,77.935,cpcb_13,IND Barath Thermal Power Ltd,Powerplant,5.063631773066127,Maniyachchi,village,False,False,scrub_biomass_burn,Rural scrubland / open biomass near Maniyachchi (5.1 km),cpcb_13,False,,,1,1,scrub_biomass_burn,0.982
8.9007,77.85759,353.63,0.52,0.67,2026-08-12,905,N,VIIRS,n,2.0NRT,292.7,7.56,D,8.59640244111502,industrial,IND Barath Thermal Power Ltd,cpcb_verified,8.8894,77.935,cpcb_13,IND Barath Thermal Power Ltd,Powerplant,5.845475163740195,Maniyachchi,village,False,False,scrub_biomass_burn,Rural scrubland / open biomass near Maniyachchi (5.8 km),cpcb_13,False,,,1,1,scrub_biomass_burn,0.983
8.90267,77.85844,353.95,0.52,0.67,2026-08-12,905,N,VIIRS,n,2.0NRT,292.49,8.51,D,8.53912983497234,industrial,IND Barath Thermal Power Ltd,cpcb_verified,8.8894,77.935,cpcb_13,IND Barath Thermal Power Ltd,Powerplant,5.93846523974306,Maniyachchi,village,False,False,scrub_biomass_burn,Rural scrubland / open biomass near Maniyachchi (5.9 km),cpcb_13,False,,,1,1,scrub_biomass_burn,0.983
9.03714,77.75275,343.0,0.52,0.67,2026-08-12,905,N,VIIRS,n,2.0NRT,290.36,3.41,D,25.89574110661725,industrial,IND Barath Thermal Power Ltd,cpcb_verified,8.8894,77.935,cpcb_13,IND Barath Thermal Power Ltd,Powerplant,2.6923488483687628,Chettikurichi,village,False,False,agricultural_burn,"Agricultural cropland near Chettikurichi (village, 2.7 km)",cpcb_13,False,,,1,1,agricultural_burn,0.982
9.07997,77.74262,336.58,0.52,0.66,2026-08-12,905,N,VIIRS,n,2.0NRT,291.71,1.53,D,29.924516709736466,industrial,IND Barath Thermal Power Ltd,cpcb_verified,8.8894,77.935,cpcb_13,IND Barath Thermal Power Ltd,Powerplant,2.19896431293142,Chettikurichi,village,True,False,wildfire,Forest / Woodland reserve near Chettikurichi,cpcb_13,False,,,1,1,wildfire,0.961
9.08511,77.74313,336.57,0.52,0.67,2026-08-12,905,N,VIIRS,n,2.0NRT,291.66,3.19,D,30.29283008505316,industrial,IND Barath Thermal Power Ltd,cpcb_verified,8.8894,77.935,cpcb_13,IND Barath Thermal Power Ltd,Powerplant,2.7515881559635487,Chettikurichi,village,True,False,wildfire,Forest / Woodland reserve near Chettikurichi,cpcb_13,False,,,1,1,wildfire,0.963
9.39539,78.73707,344.08,0.61,0.71,2026-08-12,905,N,VIIRS,n,2.0NRT,289.38,4.63,D,11.77031213016512,industrial,Coromandel Electric Company Ltd,cpcb_verified,9.3639,78.8395,cpcb_24,Pioneer Power Ltd,Powerplant,1.2618881588147988,Seyyalur,village,False,False,agricultural_burn,"Agricultural cropland near Seyyalur (village, 1.3 km)",cpcb_24,False,,,1,1,agricultural_burn,0.986
9.39776,78.73965,354.56,0.61,0.71,2026-08-12,905,N,VIIRS,n,2.0NRT,289.32,12.13,D,11.583310398249266,industrial,Coromandel Electric Company Ltd,cpcb_verified,9.3639,78.8395,cpcb_24,Pioneer Power Ltd,Powerplant,1.2426932247038378,Seyyalur,village,False,False,agricultural_burn,"Agricultural cropland near Seyyalur (village, 1.2 km)",cpcb_24,False,,,1,1,agricultural_burn,0.986
9.40201,78.73626,338.73,0.61,0.71,2026-08-12,905,N,VIIRS,n,2.0NRT,289.02,4.63,D,12.092963743721649,industrial,Coromandel Electric Company Ltd,cpcb_verified,9.3639,78.8395,cpcb_24,Pioneer Power Ltd,Powerplant,1.533942311699786,Tennavanur,village,False,False,agricultural_burn,"Agricultural cropland near Tennavanur (village, 1.5 km)",cpcb_24,False,,,1,1,agricultural_burn,0.986
10.92167,78.51196,310.24,0.56,0.51,2026-08-12,2000,N,VIIRS,n,2.0NRT,278.06,1.22,N,12.13432131357899,industrial,unnamed,tn_central,10.8445658,78.4333216,1017720847,,,0.2565441814503111,Kaliyapalayam,village,False,False,agricultural_burn,"Agricultural cropland near Kaliyapalayam (village, 0.3 km)",1017720847,False,,,0,1,agricultural_burn,0.986
10.94375,76.38715,297.97,0.39,0.59,2026-08-12,2000,N,VIIRS,n,2.0NRT,271.91,0.45,N,102.18688488923615,industrial,Amaravathy Co-Op Sugar Mills (Distillery),cpcb_verified,10.5876,77.2495,cpcb_4,Amaravathy Co-Op Sugar Mills (Distillery),Distillery,2.1635325367286606,Kottapuram,village,False,False,agricultural_burn,"Agricultural cropland near Kottapuram (village, 2.2 km)",cpcb_4,False,,,0,1,agricultural_burn,0.986
10.94384,76.3857,301.34,0.39,0.59,2026-08-12,2000,N,VIIRS,n,2.0NRT,271.92,0.58,N,102.33677945607876,industrial,Amaravathy Co-Op Sugar Mills (Distillery),cpcb_verified,10.5876,77.2495,cpcb_4,Amaravathy Co-Op Sugar Mills (Distillery),Distillery,2.3204965416310133,Kottapuram,village,False,False,agricultural_burn,"Agricultural cropland near Kottapuram (village, 2.3 km)",cpcb_4,False,,,0,1,agricultural_burn,0.987
8.38041,80.17516,330.13,0.35,0.57,2026-08-13,845,N,VIIRS,n,2.0NRT,291.27,1.57,D,138.38897940261734,industrial,Arkay Energy (Rameswaram) Ltd,cpcb_verified,9.2876,79.3129,cpcb_27,Arkay Energy (Rameswaram) Ltd,Powerplant,2.001672040567998,Kukulkatuwa,village,False,False,agricultural_burn,"Agricultural cropland near Kukulkatuwa (village, 2.0 km)",cpcb_27,False,,,1,1,agricultural_burn,0.987
8.50201,80.25056,346.28,0.36,0.57,2026-08-13,845,N,VIIRS,n,2.0NRT,291.65,8.17,D,135.0605696818721,industrial,Arkay Energy (Rameswaram) Ltd,cpcb_verified,9.2876,79.3129,cpcb_27,Arkay Energy (Rameswaram) Ltd,Powerplant,1.906030800220814,Thuppitiyawa,village,False,False,agricultural_burn,"Agricultural cropland near Thuppitiyawa (village, 1.9 km)",cpcb_27,False,,,1,1,agricultural_burn,0.987
8.50331,80.26043,330.37,0.36,0.57,2026-08-13,845,N,VIIRS,n,2.0NRT,290.69,3.89,D,135.79632671270846,industrial,Arkay Energy (Rameswaram) Ltd,cpcb_verified,9.2876,79.3129,cpcb_27,Arkay Energy (Rameswaram) Ltd,Powerplant,1.2784801228404268,Thuppitiyawa,village,False,False,agricultural_burn,"Agricultural cropland near Thuppitiyawa (village, 1.3 km)",cpcb_27,False,,,1,1,agricultural_burn,0.987
8.76691,77.69192,337.11,0.48,0.48,2026-08-13,845,N,VIIRS,n,2.0NRT,296.64,2.92,D,25.66524222467708,industrial,Sun Paper Mills Limited,cpcb_verified,8.6822,77.4747,cpcb_28,Sun Paper Mills Limited,Pulp & Paper,0.4116511482635916,Veppankulam,village,False,False,agricultural_burn,"Agricultural cropland near Veppankulam (village, 0.4 km)",cpcb_28,False,,,1,1,agricultural_burn,0.986
8.96516,80.32503,333.72,0.37,0.58,2026-08-13,845,N,VIIRS,n,2.0NRT,290.98,3.03,D,116.75992459808332,industrial,Arkay Energy (Rameswaram) Ltd,cpcb_verified,9.2876,79.3129,cpcb_27,Arkay Energy (Rameswaram) Ltd,Powerplant,0.5088097198535074,Valliyapalai,village,False,False,agricultural_burn,"Agricultural cropland near Valliyapalai (village, 0.5 km)",cpcb_27,False,,,1,1,agricultural_burn,0.987
9.47122,78.82121,336.94,0.59,0.53,2026-08-13,845,N,VIIRS,n,2.0NRT,289.42,4.56,D,12.10092539586613,industrial,Coromandel Electric Company Ltd,cpcb_verified,9.3639,78.8395,cpcb_24,Pioneer Power Ltd,Powerplant,4.264474539928708,Kolattur,village,False,False,agricultural_burn,"Agricultural cropland near Kolattur (village, 4.3 km)",cpcb_24,False,,,1,1,agricultural_burn,0.985
9.67933,78.15241,343.29,0.54,0.5,2026-08-13,845,N,VIIRS,n,2.0NRT,298.39,7.88,D,5.681943195116018,industrial,unnamed,tn_central,9.7192725,78.1200778,1025074547,,,5.722380255663465,Kariyapatti,village,False,False,scrub_biomass_burn,Rural scrubland / open biomass near Kariyapatti (5.7 km),1025074547,False,,,1,1,scrub_biomass_burn,0.981
10.16619,78.93098,335.29,0.61,0.54,2026-08-13,845,N,VIIRS,n,2.0NRT,293.51,5.27,D,10.26413749973789,industrial,unnamed,tn_central,10.2527046,78.9636835,542622910,,,0.7460405155572154,Velaavayal,village,False,False,agricultural_burn,"Agricultural cropland near Velaavayal (village, 0.7 km)",542622910,False,,,1,1,agricultural_burn,0.984
10.77735,79.65633,351.27,0.35,0.57,2026-08-13,845,N,VIIRS,n,2.0NRT,292.13,5.45,D,3.4715045055130824,industrial,unnamed,tn_central,10.7676599,79.6261195,1056121314,,,0.626187842168906,Ramkay,village,False,False,agricultural_burn,"Agricultural cropland near Ramkay (village, 0.6 km)",1056121314,False,,,1,1,agricultural_burn,0.984
11.04338,78.72183,330.37,0.61,0.53,2026-08-13,845,N,VIIRS,n,2.0NRT,294.1,2.94,D,3.529740050160434,industrial,unnamed,tn_central,11.0662175,78.6993652,1003158323,,,0.6205173883880677,Kavakkarappatti,village,True,False,wildfire,Forest / Woodland reserve near Kavakkarappatti,1003158323,False,,,1,1,wildfire,0.972
11.54044,79.12389,339.14,0.33,0.55,2026-08-13,845,N,VIIRS,n,2.0NRT,278.6,2.58,D,7.7943221106864,industrial,unnamed,tn_central,11.5220422,79.1929219,1268492682,,,0.712343285455906,Veppur,village,False,False,agricultural_burn,"Agricultural cropland near Veppur (village, 0.7 km)",1268492682,False,,,1,1,agricultural_burn,0.985
8.69729,77.84816,337.29,0.41,0.37,2026-08-14,826,N,VIIRS,n,2.0NRT,299.86,1.51,D,23.39621483001328,industrial,IND Barath Thermal Power Ltd,cpcb_verified,8.8894,77.935,cpcb_13,IND Barath Thermal Power Ltd,Powerplant,2.4633928931617826,Vallanadu,village,False,False,agricultural_burn,"Agricultural cropland near Vallanadu (village, 2.5 km)",cpcb_13,False,,,1,1,agricultural_burn,0.986
8.76233,77.79604,339.05,0.41,0.37,2026-08-14,826,N,VIIRS,n,2.0NRT,301.72,2.81,D,20.80328320985264,industrial,IND Barath Thermal Power Ltd,cpcb_verified,8.8894,77.935,cpcb_13,IND Barath Thermal Power Ltd,Powerplant,1.1558365493777707,Keelapattam,village,False,False,agricultural_burn,"Agricultural cropland near Keelapattam (village, 1.2 km)",cpcb_13,False,,,1,1,agricultural_burn,0.986
9.0321,80.0744,338.55,0.52,0.42,2026-08-14,826,N,VIIRS,n,2.0NRT,296.03,7.09,D,88.29089530847102,industrial,Arkay Energy (Rameswaram) Ltd,cpcb_verified,9.2876,79.3129,cpcb_27,Arkay Energy (Rameswaram) Ltd,Powerplant,2.788260273619469,Vidathaltheevu,village,False,False,agricultural_burn,"Agricultural cropland near Vidathaltheevu (village, 2.8 km)",cpcb_27,False,,,1,1,agricultural_burn,0.987
9.31116,80.1535,342.32,0.53,0.42,2026-08-14,826,N,VIIRS,n,2.0NRT,296.78,5.96,D,92.2791884285444,industrial,Arkay Energy (Rameswaram) Ltd,cpcb_verified,9.2876,79.3129,cpcb_27,Arkay Energy (Rameswaram) Ltd,Powerplant,1.336240487316316,Pallavarayankaddu,village,False,False,agricultural_burn,"Agricultural cropland near Pallavarayankaddu (village, 1.3 km)",cpcb_27,False,,,1,1,agricultural_burn,0.987
9.41698,77.81709,344.56,0.42,0.37,2026-08-14,826,N,VIIRS,n,2.0NRT,300.93,14.1,D,28.700091823383502,industrial,unnamed,tn_central,9.5822502,78.0181003,751731783,,,2.11253284151822,Vishwanatham,suburb,False,False,urban_commercial_fire,Urban / Commercial area (Vishwanatham),751731783,False,,,1,1,urban_commercial_fire,0.983
9.49049,78.61933,342.11,0.45,0.39,2026-08-14,826,N,VIIRS,n,2.0NRT,301.52,6.35,D,2.578616957818109,industrial,unnamed,tn_central,9.4991424,78.6411443,477564304,,,6.374047955180632,Paramakkudi,town,False,False,scrub_biomass_burn,Rural scrubland / open biomass near Paramakkudi (6.4 km),477564304,False,,,1,1,scrub_biomass_burn,0.979
9.57608,78.31172,335.35,0.43,0.38,2026-08-14,826,N,VIIRS,n,2.0NRT,300.96,4.92,D,0.6777264329024032,industrial,Narikudi,tn_central,9.5700547,78.3126517,590858784,,,1.290751833449438,Vembankudi,village,False,False,industrial_fire,Industrial facility (Narikudi),590858784,False,6.956666666666667,3.0882411391167843,1,1,industrial_fire,0.985
9.57666,78.31569,336.05,0.43,0.38,2026-08-14,826,N,VIIRS,n,2.0NRT,300.88,5.44,D,0.8064961703769572,industrial,Narikudi,tn_central,9.5700547,78.3126517,590858784,,,1.1297630524513342,Mukkulam,village,False,False,industrial_fire,Industrial facility (Narikudi),590858784,False,6.956666666666667,3.0882411391167843,1,1,industrial_fire,0.985
9.94017,78.72459,338.41,0.46,0.39,2026-08-14,828,N,VIIRS,n,2.0NRT,298.15,3.47,D,0.8851023056517631,industrial,unnamed,tn_central,9.9417033,78.7166601,986260251,,,8.624353858809771,Kallal,village,False,False,industrial_fire,Industrial facility (Industrial facility),986260251,False,3.9066666666666654,0.7563288526384099,1,1,industrial_fire,0.984
9.94318,78.71989,337.56,0.46,0.39,2026-08-14,828,N,VIIRS,n,2.0NRT,298.43,3.47,D,0.3900058099161834,industrial,unnamed,tn_central,9.9417033,78.7166601,986260251,,,8.01371981013013,Kallal,village,False,False,industrial_fire,Industrial facility (Industrial facility),986260251,False,3.9066666666666654,0.7563288526384099,1,1,industrial_fire,0.984
9.94619,78.71519,344.65,0.46,0.39,2026-08-14,828,N,VIIRS,n,2.0NRT,298.15,4.78,D,0.5242369002248399,industrial,unnamed,tn_central,9.9417033,78.7166601,986260251,,,7.403646860855782,Kallal,village,False,False,industrial_fire,Industrial facility (Industrial facility),986260251,False,3.9066666666666654,0.7563288526384099,1,1,industrial_fire,0.985
10.15349,78.50438,335.53,0.45,0.39,2026-08-14,828,N,VIIRS,n,2.0NRT,298.72,3.96,D,0.7256505524304266,industrial,unnamed,tn_central,10.1586945,78.5003802,749602645,,,4.172491524964115,SV Mangalam,village,False,False,industrial_fire,Industrial facility (Industrial facility),749602645,False,3.96,1.98,1,1,industrial_fire,0.984
10.16352,78.93459,335.38,0.47,0.4,2026-08-14,828,N,VIIRS,n,2.0NRT,300.67,3.95,D,10.415433197514476,industrial,unnamed,tn_central,10.2527046,78.9636835,542622910,,,0.7893983022517242,Kulattur,village,False,False,agricultural_burn,"Agricultural cropland near Kulattur (village, 0.8 km)",542622910,False,,,1,1,agricultural_burn,0.984
10.6441,79.07843,342.53,0.48,0.4,2026-08-14,828,N,VIIRS,n,2.0NRT,291.63,5.06,D,2.9223716343983344,works,Kurungulam Sugar Mill,tn_central,10.6700899,79.0744572,441125477,,,1.168554721179736,Thangappaudaiyanpatti,village,True,False,wildfire,Forest / Woodland reserve near Thangappaudaiyanpatti,441125477,False,,,1,1,wildfire,0.972
10.79085,77.71056,334.83,0.42,0.38,2026-08-14,828,N,VIIRS,n,2.0NRT,293.83,0.61,D,34.308251411907186,industrial,Karur Textile Park,tn_central,10.8868058,78.0091276,1001532911,,,0.4335856194600148,Mulanur,town,False,False,urban_commercial_fire,Urban / Commercial area (Mulanur),1001532911,False,,,1,1,urban_commercial_fire,0.984
11.10117,78.03844,330.35,0.44,0.38,2026-08-14,828,N,VIIRS,n,2.0NRT,288.39,1.67,D,3.029979533263357,industrial,unnamed,tn_central,11.1211032,78.0195058,876239826,,,0.4481830548847841,Nanjai Edaiyar,village,False,False,agricultural_burn,"Agricultural cropland near Nanjai Edaiyar (village, 0.4 km)",876239826,False,,,1,1,agricultural_burn,0.984
12.34427,76.94675,332.13,0.41,0.37,2026-08-14,828,N,VIIRS,n,2.0NRT,290.9,2.02,D,105.06363736434383,industrial,Sanmar Speciality Chemicals Ltd,cpcb_verified,12.7409,77.8253,cpcb_12,Sanmar Speciality Chemicals Ltd,Pharma,0.8700118058614006,Doddegaudanakoppalu,village,False,False,agricultural_burn,"Agricultural cropland near Doddegaudanakoppalu (village, 0.9 km)",cpcb_12,False,,,1,1,agricultural_burn,0.987
12.92848,80.18225,340.81,0.39,0.44,2026-08-14,828,N,VIIRS,n,2.0NRT,293.11,3.63,D,2.623132547523219,industrial,Mahatha Petroleum Private Limited,tn_north,12.9516763,80.1866559,926070823,,,1.0650871665176993,Medavakkam,suburb,False,False,urban_commercial_fire,Urban / Commercial area (Medavakkam),926070823,False,,,1,1,urban_commercial_fire,0.981
13.13813,79.96019,341.06,0.39,0.44,2026-08-14,828,N,VIIRS,n,2.0NRT,290.79,4.8,D,2.7776375306298164,industrial,unnamed,tn_north,13.1295075,79.9361157,830927985,,,0.9101622174328136,Kalambakkam,village,False,False,agricultural_burn,"Agricultural cropland near Kalambakkam (village, 0.9 km)",830927985,False,,,1,1,agricultural_burn,0.979
10.70914,79.85674,295.3,0.4,0.6,2026-08-14,2101,N,VIIRS,n,2.0NRT,283.98,4.8,N,16.8776761125865,industrial,unnamed,tn_central,10.8229671,79.754532,1187708883,,,1.9822705663216864,Veran kudekkadu,village,False,False,agricultural_burn,"Agricultural cropland near Veran kudekkadu (village, 2.0 km)",1187708883,False,,,0,1,agricultural_burn,0.982
8.89853,79.95344,332.44,0.5,0.41,2026-08-05,756,N,VIIRS,n,2.0NRT,292.79,2.36,D,82.57057645911357,industrial,Arkay Energy (Rameswaram) Ltd,cpcb_verified,9.2876,79.3129,cpcb_27,Arkay Energy (Rameswaram) Ltd,Powerplant,2.2780783858075635,Vankalai,village,False,False,agricultural_burn,"Agricultural cropland near Vankalai (village, 2.3 km)",cpcb_27,False,,,1,1,agricultural_burn,0.987
9.11885,77.59209,351.96,0.46,0.47,2026-08-05,756,N,VIIRS,n,2.0NRT,296.13,11.22,D,45.48867646366231,industrial,IND Barath Thermal Power Ltd,cpcb_verified,8.8894,77.935,cpcb_13,IND Barath Thermal Power Ltd,Powerplant,1.399901723290487,Melaneelithanallur,village,False,False,agricultural_burn,"Agricultural cropland near Melaneelithanallur (village, 1.4 km)",cpcb_13,False,,,1,1,agricultural_burn,0.987
9.47616,78.53864,335.0,0.39,0.44,2026-08-05,756,N,VIIRS,n,2.0NRT,299.74,4.1,D,11.52884800818274,industrial,unnamed,tn_central,9.4991424,78.6411443,477564304,,,9.307694699047923,Paramakkudi,town,False,False,scrub_biomass_burn,Rural scrubland / open biomass near Paramakkudi (9.3 km),477564304,False,,,1,1,scrub_biomass_burn,0.983
9.49282,78.58743,338.87,0.39,0.44,2026-08-05,756,N,VIIRS,n,2.0NRT,298.53,2.54,D,5.932714647372173,industrial,unnamed,tn_central,9.4991424,78.6411443,477564304,,,5.398614767781281,Paramakkudi,town,False,False,scrub_biomass_burn,Rural scrubland / open biomass near Paramakkudi (5.4 km),477564304,False,,,1,1,scrub_biomass_burn,0.983
9.56233,77.6048,340.82,0.45,0.47,2026-08-05,756,N,VIIRS,n,2.0NRT,295.38,3.81,D,45.37111741429501,industrial,unnamed,tn_central,9.5822502,78.0181003,751731783,,,2.9901135060096022,Thiruvannamalai,village,False,False,agricultural_burn,"Agricultural cropland near Thiruvannamalai (village, 3.0 km)",751731783,False,,,1,1,agricultural_burn,0.986
9.62131,78.80132,347.9,0.57,0.43,2026-08-05,756,N,VIIRS,n,2.0NRT,302.4,12.57,D,12.440066691673149,construction,Uppur Power Plant,tn_central,9.5816578,78.9074198,1181414705,,,4.746791752973283,Kollampachcheri,village,False,False,agricultural_burn,"Agricultural cropland near Kollampachcheri (village, 4.7 km)",1181414705,False,,,1,1,agricultural_burn,0.984
9.62481,78.86961,338.14,0.56,0.43,2026-08-05,756,N,VIIRS,n,2.0NRT,299.51,3.43,D,6.34094612977256,construction,Uppur Power Plant,tn_central,9.5816578,78.9074198,1181414705,,,2.8361959639397734,R.S. Mangalam,village,False,False,agricultural_burn,"Agricultural cropland near R.S. Mangalam (village, 2.8 km)",1181414705,False,,,1,1,agricultural_burn,0.986
9.7414,78.95979,331.18,0.55,0.43,2026-08-05,756,N,VIIRS,n,2.0NRT,297.62,1.9,D,9.09933170370027,industrial,unnamed,tn_central,9.7927596,78.895145,1000403536,,,4.3089487657723895,Kanatangudi,village,False,False,agricultural_burn,"Agricultural cropland near Kanatangudi (village, 4.3 km)",1000403536,False,,,1,1,agricultural_burn,0.985
9.76804,78.0972,337.65,0.42,0.45,2026-08-05,756,N,VIIRS,n,2.0NRT,298.47,2.63,D,5.515312660569884,industrial,unnamed,tn_central,9.7227252,78.1176638,1025074546,,,3.122638836835243,Mangulam,village,False,False,agricultural_burn,"Agricultural cropland near Mangulam (village, 3.1 km)",1025074546,False,,,1,1,agricultural_burn,0.986
9.87739,78.25546,330.53,0.41,0.45,2026-08-05,756,N,VIIRS,n,2.0NRT,292.01,4.92,D,1.7880542789500042,industrial,unnamed,tn_central,9.8773817,78.2717823,731118758,,,3.2890051420098825,Poovanthi,village,False,False,industrial_fire,Industrial facility (Industrial facility),731118758,False,5.154999999999999,0.3323401871576775,1,1,industrial_fire,0.983
9.88149,78.25475,333.28,0.41,0.45,2026-08-05,756,N,VIIRS,n,2.0NRT,290.72,5.39,D,1.92093020284298,industrial,unnamed,tn_central,9.8773817,78.2717823,731118758,,,3.3134652662059096,Varichiyur,village,False,False,industrial_fire,Industrial facility (Industrial facility),731118758,False,5.154999999999999,0.3323401871576775,1,1,industrial_fire,0.983
9.96715,78.24461,347.06,0.4,0.45,2026-08-05,756,N,VIIRS,n,2.0NRT,285.67,4.27,D,3.2691232689299308,industrial,unnamed,tn_central,9.9965147,78.243149,773664996,,,2.142483139814972,Chittampatti,village,False,False,agricultural_burn,"Agricultural cropland near Chittampatti (village, 2.1 km)",773664996,False,,,1,1,agricultural_burn,0.983
10.0521,77.96274,331.0,0.42,0.45,2026-08-05,756,N,VIIRS,n,2.0NRT,292.12,3.78,D,13.272516082960204,industrial,unnamed,tn_central,9.9634869,78.0439453,990848644,,,3.4420521575637832,Vadipatti,town,False,False,scrub_biomass_burn,Rural scrubland / open biomass near Vadipatti (3.4 km),990848644,False,,,1,1,scrub_biomass_burn,0.982
10.10864,78.09402,341.61,0.41,0.45,2026-08-05,756,N,VIIRS,n,2.0NRT,289.35,3.84,D,12.3336528391421,industrial,Madurai Chettikulam Flyover Project Site,tn_central,10.0041463,78.1318045,823715565,,,2.0533522418357,Palamedu,village,True,False,wildfire,Forest / Woodland reserve near Palamedu,823715565,False,,,1,1,wildfire,0.979
10.21352,77.844,333.73,0.42,0.46,2026-08-05,756,N,VIIRS,n,2.0NRT,296.16,4.9,D,20.75822299789699,industrial,unnamed,tn_central,10.3173101,78.0016959,906600515,,,2.8941063473431687,Achchipuram,village,False,False,agricultural_burn,"Agricultural cropland near Achchipuram (village, 2.9 km)",906600515,False,,,1,1,agricultural_burn,0.985
9.89198,78.10873,310.02,0.38,0.36,2026-08-05,2029,N,VIIRS,n,2.0NRT,286.71,0.85,N,2.9256954384925,industrial,unnamed,tn_central,9.9182763,78.1078249,757974350,,,1.4521208369847334,Villapuram,suburb,False,False,urban_commercial_fire,Urban / Commercial area (Villapuram),757974350,False,,,0,1,urban_commercial_fire,0.982
11.18289,79.10062,301.17,0.39,0.36,2026-08-05,2029,N,VIIRS,n,2.0NRT,279.29,0.72,N,0.5835741517555235,plant,unnamed,tn_central,11.1860116,79.1049206,1468887795,,,0.934135886882502,Thamaraikulam,village,False,False,industrial_fire,Industrial facility (Industrial facility),1468887795,False,1.016,0.6221977177714492,0,1,industrial_fire,0.985
11.77638,78.05933,315.9,0.38,0.36,2026-08-05,2029,N,VIIRS,n,2.0NRT,288.74,2.18,N,5.404625586760475,industrial,unnamed,tn_central,11.7278627,78.0623104,974689383,,,1.7566535653349158,Dharapuram,village,False,False,agricultural_burn,"Agricultural cropland near Dharapuram (village, 1.8 km)",974689383,False,,,0,1,agricultural_burn,0.984
12.60402,77.88007,300.19,0.39,0.36,2026-08-05,2029,N,VIIRS,n,2.0NRT,281.33,0.7,N,16.339041111866155,industrial,Sanmar Speciality Chemicals Ltd,cpcb_verified,12.7409,77.8253,cpcb_12,Sanmar Speciality Chemicals Ltd,Pharma,2.7601306808564865,Kelamangalam,town,False,False,scrub_biomass_burn,Rural scrubland / open biomass near Kelamangalam (2.8 km),cpcb_12,False,,,0,1,scrub_biomass_burn,0.978
8.86704,78.12225,306.96,0.39,0.36,2026-08-05,2032,N,VIIRS,n,2.0NRT,290.65,2.03,N,11.51813535556547,industrial,Coastal Energen Power Ltd,cpcb_verified,8.7642,78.1348,cpcb_25,Sterlite Industries (India) Ltd - Copper Smelter,Copper,4.307549083565239,Mappilaiurani,village,False,False,agricultural_burn,"Agricultural cropland near Mappilaiurani (village, 4.3 km)",cpcb_25,False,,,0,1,agricultural_burn,0.983
9.46912,78.57309,305.76,0.39,0.36,2026-08-05,2032,N,VIIRS,n,2.0NRT,288.35,0.87,N,8.176409599341326,industrial,unnamed,tn_central,9.4991424,78.6411443,477564304,,,8.276995104616818,Paramakkudi,town,False,False,scrub_biomass_burn,Rural scrubland / open biomass near Paramakkudi (8.3 km),477564304,False,,,0,1,scrub_biomass_burn,0.983
9.47245,78.57364,305.05,0.39,0.36,2026-08-05,2032,N,VIIRS,n,2.0NRT,288.48,0.8,N,7.976289520964747,industrial,unnamed,tn_central,9.4991424,78.6411443,477564304,,,7.903551194015553,Paramakkudi,town,False,False,scrub_biomass_burn,Rural scrubland / open biomass near Paramakkudi (7.9 km),477564304,False,,,0,1,scrub_biomass_burn,0.983
8.82624,80.33823,345.51,0.63,0.54,2026-08-06,735,N,VIIRS,n,2.0NRT,283.04,10.46,D,123.72638606722126,industrial,Arkay Energy (Rameswaram) Ltd,cpcb_verified,9.2876,79.3129,cpcb_27,Arkay Energy (Rameswaram) Ltd,Powerplant,1.589875720449909,Kovilpuliyankulam,village,False,False,agricultural_burn,"Agricultural cropland near Kovilpuliyankulam (village, 1.6 km)",cpcb_27,False,,,1,1,agricultural_burn,0.987
8.75627,78.18294,351.99,0.43,0.62,2026-08-07,858,N,VIIRS,n,2.0NRT,275.14,5.28,D,5.363458659136063,industrial,Coastal Energen Power Ltd,cpcb_verified,8.7642,78.1348,cpcb_25,Sterlite Industries (India) Ltd - Copper Smelter,Copper,0.5727489402486395,Tuticorin Port,suburb,False,False,urban_commercial_fire,Urban / Commercial area (Tuticorin Port),cpcb_25,False,,,1,1,urban_commercial_fire,0.984
8.76202,78.18221,335.65,0.43,0.62,2026-08-07,858,N,VIIRS,n,2.0NRT,274.04,5.28,D,5.215848501919437,industrial,Coastal Energen Power Ltd,cpcb_verified,8.7642,78.1348,cpcb_25,Sterlite Industries (India) Ltd - Copper Smelter,Copper,0.8521457760370554,Tuticorin Port,suburb,False,False,urban_commercial_fire,Urban / Commercial area (Tuticorin Port),cpcb_25,False,,,1,1,urban_commercial_fire,0.985
9.75537,77.6293,367.0,0.39,0.44,2026-08-08,839,N,VIIRS,h,2.0NRT,295.44,10.98,D,44.61573412128474,industrial,unnamed,tn_central,9.8584161,78.0228317,990641680,,,7.439901083540014,Vaikkalparai,village,False,False,scrub_biomass_burn,Rural scrubland / open biomass near Vaikkalparai (7.4 km),990641680,False,,,1,2,scrub_biomass_burn,0.983
9.77946,77.68204,333.54,0.4,0.44,2026-08-08,839,N,VIIRS,n,2.0NRT,296.72,2.63,D,38.357485101555625,industrial,unnamed,tn_central,9.8584161,78.0228317,990641680,,,6.272241520653507,Saptur,village,False,False,scrub_biomass_burn,Rural scrubland / open biomass near Saptur (6.3 km),990641680,False,,,1,1,scrub_biomass_burn,0.983
9.75953,77.62386,309.37,0.48,0.65,2026-08-08,2114,N,VIIRS,n,2.0NRT,261.47,0.89,N,45.07673510125949,industrial,unnamed,tn_central,9.8584161,78.0228317,990641680,,,6.777908244265383,Vaikkalparai,village,False,False,scrub_biomass_burn,Rural scrubland / open biomass near Vaikkalparai (6.8 km),990641680,False,,,0,1,scrub_biomass_burn,0.98
8.2831,80.20823,347.16,0.44,0.38,2026-08-09,820,N,VIIRS,n,2.0NRT,291.85,8.29,D,148.84821237289063,industrial,Arkay Energy (Rameswaram) Ltd,cpcb_verified,9.2876,79.3129,cpcb_27,Arkay Energy (Rameswaram) Ltd,Powerplant,2.137020900281013,Nochchiyagama,town,False,False,urban_commercial_fire,Urban / Commercial area (Nochchiyagama),cpcb_27,False,,,1,1,urban_commercial_fire,0.982
8.67597,80.36073,339.48,0.45,0.39,2026-08-09,820,N,VIIRS,n,2.0NRT,287.28,3.28,D,133.67768652043043,industrial,Arkay Energy (Rameswaram) Ltd,cpcb_verified,9.2876,79.3129,cpcb_27,Arkay Energy (Rameswaram) Ltd,Powerplant,3.185354905787874,Sanmugapuram,village,False,False,agricultural_burn,"Agricultural cropland near Sanmugapuram (village, 3.2 km)",cpcb_27,False,,,1,1,agricultural_burn,0.987
8.67835,80.37698,335.78,0.45,0.39,2026-08-09,820,N,VIIRS,n,2.0NRT,283.81,5.08,D,135.0839973063704,industrial,Arkay Energy (Rameswaram) Ltd,cpcb_verified,9.2876,79.3129,cpcb_27,Arkay Energy (Rameswaram) Ltd,Powerplant,4.600677157949141,Sanmugapuram,village,False,False,agricultural_burn,"Agricultural cropland near Sanmugapuram (village, 4.6 km)",cpcb_27,False,,,1,1,agricultural_burn,0.985
8.71225,80.35955,339.92,0.45,0.39,2026-08-09,820,N,VIIRS,n,2.0NRT,292.38,6.61,D,131.55284190511117,industrial,Arkay Energy (Rameswaram) Ltd,cpcb_verified,9.2876,79.3129,cpcb_27,Arkay Energy (Rameswaram) Ltd,Powerplant,1.8921695752629653,Thaddankulam,village,False,False,agricultural_burn,"Agricultural cropland near Thaddankulam (village, 1.9 km)",cpcb_27,False,,,1,1,agricultural_burn,0.987
8.71466,80.3596,331.0,0.45,0.39,2026-08-09,820,N,VIIRS,n,2.0NRT,291.55,2.51,D,131.42719996366867,industrial,Arkay Energy (Rameswaram) Ltd,cpcb_verified,9.2876,79.3129,cpcb_27,Arkay Energy (Rameswaram) Ltd,Powerplant,1.968331743527399,Thaddankulam,village,False,False,agricultural_burn,"Agricultural cropland near Thaddankulam (village, 2.0 km)",cpcb_27,False,,,1,1,agricultural_burn,0.987
8.89835,78.04342,335.75,0.39,0.36,2026-08-09,820,N,VIIRS,n,2.0NRT,298.13,1.95,D,11.95230423039344,industrial,IND Barath Thermal Power Ltd,cpcb_verified,8.8894,77.935,cpcb_13,IND Barath Thermal Power Ltd,Powerplant,2.736972992837555,Ottappidaram,town,False,False,scrub_biomass_burn,Rural scrubland / open biomass near Ottappidaram (2.7 km),cpcb_13,False,,,1,1,scrub_biomass_burn,0.98
8.90778,77.70798,331.91,0.38,0.36,2026-08-09,820,N,VIIRS,n,2.0NRT,300.39,1.5,D,25.023234459334585,industrial,IND Barath Thermal Power Ltd,cpcb_verified,8.8894,77.935,cpcb_13,IND Barath Thermal Power Ltd,Powerplant,1.844792274838052,Seliyanallur,village,False,False,agricultural_burn,"Agricultural cropland near Seliyanallur (village, 1.8 km)",cpcb_13,False,,,1,1,agricultural_burn,0.986
9.23388,78.68824,333.0,0.4,0.37,2026-08-09,820,N,VIIRS,n,2.0NRT,298.5,2.14,D,22.01193380369792,industrial,Coromandel Electric Company Ltd,cpcb_verified,9.3639,78.8395,cpcb_24,Pioneer Power Ltd,Powerplant,3.5222704813470886,Kalpar Muni,village,False,False,agricultural_burn,"Agricultural cropland near Kalpar Muni (village, 3.5 km)",cpcb_24,False,,,1,1,agricultural_burn,0.987
9.23726,78.68773,340.37,0.4,0.37,2026-08-09,820,N,VIIRS,n,2.0NRT,299.91,2.14,D,21.80956984816341,industrial,Coromandel Electric Company Ltd,cpcb_verified,9.3639,78.8395,cpcb_24,Pioneer Power Ltd,Powerplant,3.8996078112315375,Kalpar Muni,village,False,False,agricultural_burn,"Agricultural cropland near Kalpar Muni (village, 3.9 km)",cpcb_24,False,,,1,1,agricultural_burn,0.987
9.25581,78.76631,338.32,0.4,0.37,2026-08-09,820,N,VIIRS,n,2.0NRT,297.49,2.38,D,14.45535415403872,industrial,Coromandel Electric Company Ltd,cpcb_verified,9.3639,78.8395,cpcb_24,Pioneer Power Ltd,Powerplant,1.8852844567809657,Mulluvadi,village,False,False,agricultural_burn,"Agricultural cropland near Mulluvadi (village, 1.9 km)",cpcb_24,False,,,1,1,agricultural_burn,0.986
9.25919,78.76579,331.52,0.4,0.37,2026-08-09,820,N,VIIRS,n,2.0NRT,296.74,1.43,D,14.176854196992606,industrial,Coromandel Electric Company Ltd,cpcb_verified,9.3639,78.8395,cpcb_24,Pioneer Power Ltd,Powerplant,2.2624617200921224,Mulluvadi,village,False,False,agricultural_burn,"Agricultural cropland near Mulluvadi (village, 2.3 km)",cpcb_24,False,,,1,1,agricultural_burn,0.986
9.27793,79.12687,335.7,0.41,0.37,2026-08-09,820,N,VIIRS,n,2.0NRT,300.72,6.85,D,20.44299685290983,industrial,Arkay Energy (Rameswaram) Ltd,cpcb_verified,9.2876,79.3129,cpcb_27,Arkay Energy (Rameswaram) Ltd,Powerplant,0.3608868384821955,Mandapam,village,False,False,agricultural_burn,"Agricultural cropland near Mandapam (village, 0.4 km)",cpcb_27,False,,,1,1,agricultural_burn,0.987
9.30707,78.76228,334.15,0.4,0.37,2026-08-09,820,N,VIIRS,n,2.0NRT,300.15,1.64,D,10.569760692262935,industrial,Coromandel Electric Company Ltd,cpcb_verified,9.3639,78.8395,cpcb_24,Pioneer Power Ltd,Powerplant,2.714500901586616,Uthirakosamangai,village,False,False,agricultural_burn,"Agricultural cropland near Uthirakosamangai (village, 2.7 km)",cpcb_24,False,,,1,1,agricultural_burn,0.986
9.40249,77.86951,344.04,0.39,0.36,2026-08-09,820,N,VIIRS,n,2.0NRT,307.92,8.77,D,25.789623800626387,industrial,unnamed,tn_central,9.5822502,78.0181003,751731783,,,2.357588941083846,Vilamarattupatti,village,False,False,agricultural_burn,"Agricultural cropland near Vilamarattupatti (village, 2.4 km)",751731783,False,,,1,1,agricultural_burn,0.987
9.50695,78.22846,338.61,0.39,0.36,2026-08-09,820,N,VIIRS,n,2.0NRT,304.76,7.49,D,1.6461137659148766,industrial,unnamed,tn_central,9.5134695,78.2149838,590858789,,,0.9071740057154596,Panaiyur,village,False,False,industrial_fire,Industrial facility (Industrial facility),590858789,False,7.49,3.745,1,1,industrial_fire,0.982
9.55556,77.81236,341.93,0.39,0.36,2026-08-09,820,N,VIIRS,n,2.0NRT,308.12,12.87,D,22.753354227295205,industrial,unnamed,tn_central,9.5822502,78.0181003,751731783,,,4.842437213277309,Mathiyasenai,village,False,False,agricultural_burn,"Agricultural cropland near Mathiyasenai (village, 4.8 km)",751731783,False,,,1,1,agricultural_burn,0.958
9.64156,80.321,339.23,0.45,0.39,2026-08-09,820,N,VIIRS,n,2.0NRT,292.17,5.12,D,117.36568236122967,industrial,Arkay Energy (Rameswaram) Ltd,cpcb_verified,9.2876,79.3129,cpcb_27,Arkay Energy (Rameswaram) Ltd,Powerplant,0.2210105177130842,Iththaavil,village,False,False,agricultural_burn,"Agricultural cropland near Iththaavil (village, 0.2 km)",cpcb_27,False,,,1,1,agricultural_burn,0.987
9.65162,78.06435,337.75,0.39,0.36,2026-08-09,820,N,VIIRS,n,2.0NRT,304.25,3.22,D,4.401716726750804,industrial,unnamed,tn_central,9.6219138,78.0378114,1268380495,,,4.524665506478978,Kariyapatti,village,False,False,agricultural_burn,"Agricultural cropland near Kariyapatti (village, 4.5 km)",1268380495,False,,,1,1,agricultural_burn,0.981
9.76124,80.20286,334.41,0.45,0.39,2026-08-09,820,N,VIIRS,n,2.0NRT,285.06,3.86,D,98.8251579759484,industrial,unnamed,tn_central,10.430444,79.6088047,651535389,,,2.0824677873418485,Yarkkaru,village,False,False,agricultural_burn,"Agricultural cropland near Yarkkaru (village, 2.1 km)",651535389,False,,,1,1,agricultural_burn,0.987
9.80894,78.38943,336.39,0.39,0.36,2026-08-09,820,N,VIIRS,n,2.0NRT,302.68,2.49,D,6.533722528353376,industrial,Sivaganga,tn_central,9.8050155,78.4489274,999684605,,,0.9586216274404324,Vembattur,village,False,False,agricultural_burn,"Agricultural cropland near Vembattur (village, 1.0 km)",999684605,False,,,1,1,agricultural_burn,0.986
9.83043,78.55554,330.15,0.4,0.37,2026-08-09,820,N,VIIRS,n,2.0NRT,294.59,1.93,D,5.251212446924316,industrial,unnamed,tn_central,9.8051432,78.5150623,442418283,,,4.083349600421212,Vittaneri,village,False,False,agricultural_burn,"Agricultural cropland near Vittaneri (village, 4.1 km)",442418283,False,,,1,1,agricultural_burn,0.986
9.88524,78.29355,335.89,0.39,0.36,2026-08-09,820,N,VIIRS,n,2.0NRT,295.04,19.84,D,2.260533541258592,industrial,unnamed,tn_central,9.8694807,78.2805142,731118760,,,3.514960447634932,Poovanthi,village,False,False,agricultural_burn,"Agricultural cropland near Poovanthi (village, 3.5 km)",731118760,False,,,1,1,agricultural_burn,0.968
9.88578,78.29712,347.52,0.39,0.36,2026-08-09,820,N,VIIRS,n,2.0NRT,298.6,19.84,D,2.567868767352485,industrial,unnamed,tn_central,9.8694807,78.2805142,731118760,,,3.771669331290589,Poovanthi,village,False,False,agricultural_burn,"Agricultural cropland near Poovanthi (village, 3.8 km)",731118760,False,,,1,1,agricultural_burn,0.979
10.70734,79.56654,347.98,0.43,0.38,2026-08-09,820,N,VIIRS,n,2.0NRT,273.54,16.49,D,5.829528499440141,industrial,unnamed,tn_central,10.7506151,79.59666,840910505,,,0.881632330255993,Punavasal,village,False,False,agricultural_burn,"Agricultural cropland near Punavasal (village, 0.9 km)",840910505,False,,,1,1,agricultural_burn,0.985
10.8716,79.0443,352.09,0.41,0.37,2026-08-09,820,N,VIIRS,n,2.0NRT,303.67,10.47,D,14.78228993444692,industrial,Central Warehouse Corporation,tn_central,10.7609707,79.119351,46889259,,,0.9859055655879628,Achanur,village,False,False,agricultural_burn,"Agricultural cropland near Achanur (village, 1.0 km)",46889259,False,,,1,1,agricultural_burn,0.985
10.9494,78.43846,338.87,0.4,0.37,2026-08-09,820,N,VIIRS,n,2.0NRT,302.18,2.47,D,8.350949319542428,industrial,unnamed,tn_central,10.8836374,78.4015207,906600548,,,0.4540056351769231,Musiri,town,False,False,urban_commercial_fire,Urban / Commercial area (Musiri),906600548,False,,,1,1,urban_commercial_fire,0.984
10.96547,78.87568,336.29,0.41,0.37,2026-08-09,820,N,VIIRS,n,2.0NRT,280.52,4.12,D,7.866444070963471,industrial,unnamed,tn_central,10.8989769,78.8510784,464128328,,,1.4779555986797306,Gudalur,village,False,False,agricultural_burn,"Agricultural cropland near Gudalur (village, 1.5 km)",464128328,False,,,1,1,agricultural_burn,0.985
11.19703,78.23231,336.41,0.4,0.37,2026-08-09,822,N,VIIRS,n,2.0NRT,302.37,5.29,D,1.2297106116253296,industrial,unnamed,tn_central,11.2054136,78.2249576,376269080,,,0.5428320142158652,Thoosur,village,False,False,industrial_fire,Industrial facility (Industrial facility),376269080,False,5.29,2.645,1,1,industrial_fire,0.984
12.07076,79.81661,338.9,0.46,0.39,2026-08-09,822,N,VIIRS,n,2.0NRT,297.28,4.54,D,6.199514573097489,industrial,unnamed,tn_central,12.0198162,79.7934463,554802748,,,5.402528416144974,Annainagar,village,False,False,scrub_biomass_burn,Rural scrubland / open biomass near Annainagar (5.4 km),554802748,False,,,1,1,scrub_biomass_burn,0.981
12.71801,77.46906,339.87,0.39,0.36,2026-08-09,822,N,VIIRS,n,2.0NRT,298.49,8.87,D,38.72220926964286,industrial,Sanmar Speciality Chemicals Ltd,cpcb_verified,12.7409,77.8253,cpcb_12,Sanmar Speciality Chemicals Ltd,Pharma,0.7713922841688938,Halegabbadi,village,False,False,agricultural_burn,"Agricultural cropland near Halegabbadi (village, 0.8 km)",cpcb_12,False,,,1,1,agricultural_burn,0.987
9.71063,77.60217,307.3,0.46,0.47,2026-08-09,2055,N,VIIRS,n,2.0NRT,290.09,3.01,N,47.77781917639168,industrial,unnamed,tn_central,9.5822502,78.0181003,751731783,,,7.370421039348238,Koomapatti,village,False,False,scrub_biomass_burn,Rural scrubland / open biomass near Koomapatti (7.4 km),751731783,False,,,0,1,scrub_biomass_burn,0.983
9.71142,77.59763,326.39,0.46,0.47,2026-08-09,2055,N,VIIRS,n,2.0NRT,289.48,3.01,N,48.27901039393938,industrial,unnamed,tn_central,9.5822502,78.0181003,751731783,,,7.336867102543121,Vaikkalparai,village,False,False,scrub_biomass_burn,Rural scrubland / open biomass near Vaikkalparai (7.3 km),751731783,False,,,0,1,scrub_biomass_burn,0.983
9.71238,77.60028,342.1,0.46,0.47,2026-08-09,2055,N,VIIRS,n,2.0NRT,290.56,5.68,N,48.03372826502963,industrial,unnamed,tn_central,9.5822502,78.0181003,751731783,,,7.40430456808657,Vaikkalparai,village,False,False,scrub_biomass_burn,Rural scrubland / open biomass near Vaikkalparai (7.4 km),751731783,False,,,0,1,scrub_biomass_burn,0.983
9.7151,77.60211,318.67,0.46,0.47,2026-08-09,2055,N,VIIRS,n,2.0NRT,289.84,3.01,N,47.93464256835966,industrial,unnamed,tn_central,9.5822502,78.0181003,751731783,,,7.273090513019098,Vaikkalparai,village,False,False,scrub_biomass_burn,Rural scrubland / open biomass near Vaikkalparai (7.3 km),751731783,False,,,0,1,scrub_biomass_burn,0.983
9.71592,77.59735,333.99,0.46,0.47,2026-08-09,2055,N,VIIRS,n,2.0NRT,290.27,3.01,N,48.45914916439981,industrial,unnamed,tn_central,9.5822502,78.0181003,751731783,,,6.898604154061583,Vaikkalparai,village,False,False,scrub_biomass_burn,Rural scrubland / open biomass near Vaikkalparai (6.9 km),751731783,False,,,0,1,scrub_biomass_burn,0.983
9.71691,77.59991,322.27,0.46,0.47,2026-08-09,2055,N,VIIRS,n,2.0NRT,289.49,5.68,N,48.22612209165746,industrial,unnamed,tn_central,9.5822502,78.0181003,751731783,,,6.968165931117926,Vaikkalparai,village,False,False,scrub_biomass_burn,Rural scrubland / open biomass near Vaikkalparai (7.0 km),751731783,False,,,0,1,scrub_biomass_burn,0.983
9.71963,77.60168,307.9,0.46,0.47,2026-08-09,2055,N,VIIRS,n,2.0NRT,288.83,0.83,N,48.02904289000454,industrial,unnamed,tn_central,9.7615692,78.0378628,1025074545,,,6.84554151396742,Vaikkalparai,village,False,False,scrub_biomass_burn,Rural scrubland / open biomass near Vaikkalparai (6.8 km),1025074545,False,,,0,1,scrub_biomass_burn,0.982
9.71971,77.60912,316.36,0.46,0.47,2026-08-09,2055,N,VIIRS,n,2.0NRT,289.45,1.92,N,47.21671478293374,industrial,unnamed,tn_central,9.7615692,78.0378628,1025074545,,,7.37720857635605,Vaikkalparai,village,False,False,scrub_biomass_burn,Rural scrubland / open biomass near Vaikkalparai (7.4 km),1025074545,False,,,0,1,scrub_biomass_burn,0.983
9.72057,77.60439,325.17,0.46,0.47,2026-08-09,2055,N,VIIRS,n,2.0NRT,289.69,1.92,N,47.72329605278826,industrial,unnamed,tn_central,9.7615692,78.0378628,1025074545,,,6.956413748379088,Vaikkalparai,village,False,False,scrub_biomass_burn,Rural scrubland / open biomass near Vaikkalparai (7.0 km),1025074545,False,,,0,1,scrub_biomass_burn,0.983
9.72244,77.61123,314.72,0.46,0.47,2026-08-09,2055,N,VIIRS,n,2.0NRT,289.24,3.78,N,46.95731794281032,industrial,unnamed,tn_central,9.7615692,78.0378628,1025074545,,,7.327623632836143,Vaikkalparai,village,False,False,scrub_biomass_burn,Rural scrubland / open biomass near Vaikkalparai (7.3 km),1025074545,False,,,0,1,scrub_biomass_burn,0.983
9.72325,77.60651,334.47,0.46,0.47,2026-08-09,2055,N,VIIRS,n,2.0NRT,289.84,3.78,N,47.46416109593039,industrial,unnamed,tn_central,9.7615692,78.0378628,1025074545,,,6.895383323421692,Vaikkalparai,village,False,False,scrub_biomass_burn,Rural scrubland / open biomass near Vaikkalparai (6.9 km),1025074545,False,,,0,1,scrub_biomass_burn,0.983
9.72415,77.60929,319.58,0.46,0.47,2026-08-09,2055,N,VIIRS,n,2.0NRT,289.29,1.92,N,47.15173592631037,industrial,unnamed,tn_central,9.7615692,78.0378628,1025074545,,,7.042483724012322,Vaikkalparai,village,False,False,scrub_biomass_burn,Rural scrubland / open biomass near Vaikkalparai (7.0 km),1025074545,False,,,0,1,scrub_biomass_burn,0.983
9.725,77.60458,302.41,0.46,0.47,2026-08-09,2055,N,VIIRS,n,2.0NRT,288.54,1.92,N,47.65770079266112,industrial,unnamed,tn_central,9.7615692,78.0378628,1025074545,,,6.608400790839478,Vaikkalparai,village,False,False,scrub_biomass_burn,Rural scrubland / open biomass near Vaikkalparai (6.6 km),1025074545,False,,,0,1,scrub_biomass_burn,0.982
10.41551,77.10945,320.29,0.42,0.45,2026-08-09,2055,N,VIIRS,n,2.0NRT,287.16,2.55,N,24.507671334995784,industrial,Amaravathy Co-Op Sugar Mills (Distillery),cpcb_verified,10.5876,77.2495,cpcb_4,Amaravathy Co-Op Sugar Mills (Distillery),Distillery,9.121249914630308,Thirumoorthy,village,False,False,scrub_biomass_burn,Rural scrubland / open biomass near Thirumoorthy (9.1 km),cpcb_4,False,,,0,1,scrub_biomass_burn,0.983
8.66885,77.66387,331.98,0.59,0.53,2026-07-31,748,N,VIIRS,n,2.0NRT,293.37,7.91,D,20.846991981533776,industrial,Sun Paper Mills Limited,cpcb_verified,8.6822,77.4747,cpcb_28,Sun Paper Mills Limited,Pulp & Paper,1.8563454968806583,Tharuvai,village,True,False,wildfire,Forest / Woodland reserve near Tharuvai,cpcb_28,False,,,1,1,wildfire,0.981
8.70496,80.17019,333.4,0.4,0.44,2026-07-31,748,N,VIIRS,n,2.0NRT,295.53,3.55,D,114.28966346530127,industrial,Arkay Energy (Rameswaram) Ltd,cpcb_verified,9.2876,79.3129,cpcb_27,Arkay Energy (Rameswaram) Ltd,Powerplant,7.7890234896683745,Madu Road,village,False,False,scrub_biomass_burn,Rural scrubland / open biomass near Madu Road (7.8 km),cpcb_27,False,,,1,1,scrub_biomass_burn,0.983
8.71281,80.39138,333.83,0.39,0.44,2026-07-31,748,N,VIIRS,n,2.0NRT,296.13,2.01,D,134.5884378268586,industrial,Arkay Energy (Rameswaram) Ltd,cpcb_verified,9.2876,79.3129,cpcb_27,Arkay Energy (Rameswaram) Ltd,Powerplant,5.370786793054391,Thaddankulam,village,False,False,scrub_biomass_burn,Rural scrubland / open biomass near Thaddankulam (5.4 km),cpcb_27,False,,,1,1,scrub_biomass_burn,0.982
8.7604,78.18185,344.37,0.54,0.51,2026-07-31,748,N,VIIRS,n,2.0NRT,296.78,6.34,D,5.187897041911864,industrial,Coastal Energen Power Ltd,cpcb_verified,8.7642,78.1348,cpcb_25,Sterlite Industries (India) Ltd - Copper Smelter,Copper,0.6856728569319412,Tuticorin Port,suburb,False,False,urban_commercial_fire,Urban / Commercial area (Tuticorin Port),cpcb_25,False,,,1,1,urban_commercial_fire,0.985
8.76957,80.2338,344.2,0.4,0.44,2026-07-31,748,N,VIIRS,n,2.0NRT,297.55,7.51,D,116.38454947712128,industrial,Arkay Energy (Rameswaram) Ltd,cpcb_verified,9.2876,79.3129,cpcb_27,Arkay Energy (Rameswaram) Ltd,Powerplant,4.207244778635725,Periya Thampanai,village,False,False,agricultural_burn,"Agricultural cropland near Periya Thampanai (village, 4.2 km)",cpcb_27,False,,,1,1,agricultural_burn,0.986
8.77019,80.23743,330.45,0.4,0.44,2026-07-31,748,N,VIIRS,n,2.0NRT,295.61,6.23,D,116.69702346239156,industrial,Arkay Energy (Rameswaram) Ltd,cpcb_verified,9.2876,79.3129,cpcb_27,Arkay Energy (Rameswaram) Ltd,Powerplant,3.881971097414572,Periya Thampanai,village,False,False,agricultural_burn,"Agricultural cropland near Periya Thampanai (village, 3.9 km)",cpcb_27,False,,,1,1,agricultural_burn,0.987
8.83767,77.92315,341.05,0.56,0.52,2026-07-31,748,N,VIIRS,n,2.0NRT,296.06,3.91,D,5.897611192604917,industrial,IND Barath Thermal Power Ltd,cpcb_verified,8.8894,77.935,cpcb_13,IND Barath Thermal Power Ltd,Powerplant,3.4088351253164806,Keela Poovani,village,False,False,agricultural_burn,"Agricultural cropland near Keela Poovani (village, 3.4 km)",cpcb_13,False,,,1,1,agricultural_burn,0.986
8.99046,78.12581,333.42,0.54,0.51,2026-07-31,748,N,VIIRS,n,2.0NRT,295.13,4.64,D,23.78177141144673,industrial,IND Barath Thermal Power Ltd,cpcb_verified,8.8894,77.935,cpcb_13,IND Barath Thermal Power Ltd,Powerplant,2.0797404174809024,Muttukumarapalayam,village,False,False,agricultural_burn,"Agricultural cropland near Muttukumarapalayam (village, 2.1 km)",cpcb_13,False,,,1,1,agricultural_burn,0.986
9.32005,80.24164,342.39,0.39,0.44,2026-07-31,748,N,VIIRS,n,2.0NRT,297.06,5.55,D,101.97646208785206,industrial,Arkay Energy (Rameswaram) Ltd,cpcb_verified,9.2876,79.3129,cpcb_27,Arkay Energy (Rameswaram) Ltd,Powerplant,1.53409378578784,Vannerikkulam,village,False,False,agricultural_burn,"Agricultural cropland near Vannerikkulam (village, 1.5 km)",cpcb_27,False,,,1,1,agricultural_burn,0.987
9.14486,77.69183,343.81,0.57,0.52,2026-07-31,750,N,VIIRS,n,2.0NRT,295.34,14.7,D,38.98787059252689,industrial,IND Barath Thermal Power Ltd,cpcb_verified,8.8894,77.935,cpcb_13,IND Barath Thermal Power Ltd,Powerplant,1.041855348963904,Pazhankottai,village,False,False,agricultural_burn,"Agricultural cropland near Pazhankottai (village, 1.0 km)",cpcb_13,False,,,1,1,agricultural_burn,0.987
9.33359,77.53848,340.66,0.58,0.52,2026-07-31,750,N,VIIRS,n,2.0NRT,294.35,3.51,D,59.43009051567698,industrial,unnamed,tn_central,9.5822502,78.0181003,751731783,,,3.8931354423920297,Cholapuram,village,False,False,agricultural_burn,"Agricultural cropland near Cholapuram (village, 3.9 km)",751731783,False,,,1,1,agricultural_burn,0.987
9.47484,78.82008,334.41,0.48,0.48,2026-07-31,750,N,VIIRS,n,2.0NRT,297.02,1.78,D,12.518553043767426,industrial,Coromandel Electric Company Ltd,cpcb_verified,9.3639,78.8395,cpcb_24,Pioneer Power Ltd,Powerplant,4.4500407328013285,Kolattur,village,False,False,agricultural_burn,"Agricultural cropland near Kolattur (village, 4.5 km)",cpcb_24,False,,,1,1,agricultural_burn,0.986
9.58715,78.81624,335.8,0.48,0.48,2026-07-31,750,N,VIIRS,n,2.0NRT,297.87,5.07,D,10.015844454379131,construction,Uppur Power Plant,tn_central,9.5816578,78.9074198,1181414705,,,1.3336124460738312,Kollampachcheri,village,False,False,agricultural_burn,"Agricultural cropland near Kollampachcheri (village, 1.3 km)",1181414705,False,,,1,1,agricultural_burn,0.986
9.58817,78.81823,340.71,0.48,0.48,2026-07-31,750,N,VIIRS,n,2.0NRT,297.83,3.72,D,9.805778321379604,construction,Uppur Power Plant,tn_central,9.5816578,78.9074198,1181414705,,,1.1124131910915085,Kollampachcheri,village,False,False,agricultural_burn,"Agricultural cropland near Kollampachcheri (village, 1.1 km)",1181414705,False,,,1,1,agricultural_burn,0.986
9.62345,78.86769,342.63,0.47,0.48,2026-07-31,750,N,VIIRS,n,2.0NRT,296.42,3.38,D,6.369365383729825,construction,Uppur Power Plant,tn_central,9.5816578,78.9074198,1181414705,,,2.7337732005157727,R.S. Mangalam,village,False,False,agricultural_burn,"Agricultural cropland near R.S. Mangalam (village, 2.7 km)",1181414705,False,,,1,1,agricultural_burn,0.986
9.64574,77.77657,339.75,0.56,0.51,2026-07-31,750,N,VIIRS,n,2.0NRT,292.53,6.1,D,27.40468567859925,industrial,unnamed,tn_central,9.5822502,78.0181003,751731783,,,1.4191142303341269,Alagapuri,village,False,False,agricultural_burn,"Agricultural cropland near Alagapuri (village, 1.4 km)",751731783,False,,,1,1,agricultural_burn,0.986
9.74879,80.14474,343.66,0.39,0.44,2026-07-31,750,N,VIIRS,n,2.0NRT,295.8,5.12,D,95.8510526755406,industrial,unnamed,tn_central,10.430444,79.6088047,651535389,,,2.327538664554483,Vaatharawattai,village,False,False,agricultural_burn,"Agricultural cropland near Vaatharawattai (village, 2.3 km)",651535389,False,,,1,1,agricultural_burn,0.987
9.79466,78.26758,330.11,0.51,0.5,2026-07-31,750,N,VIIRS,n,2.0NRT,296.68,3.56,D,4.138808113144383,industrial,unnamed,tn_central,9.8251284,78.289277,986279206,,,2.7999219198536025,Harijan Colony,village,False,False,agricultural_burn,"Agricultural cropland near Harijan Colony (village, 2.8 km)",986279206,False,1.38,0.69,1,1,agricultural_burn,0.986
9.91725,78.21863,331.44,0.51,0.5,2026-07-31,750,N,VIIRS,n,2.0NRT,298.07,2.08,D,1.0535330518600718,industrial,unnamed,tn_central,9.9128215,78.227133,202529583,,,4.198684299477038,Varichiyur,village,False,False,industrial_fire,Industrial facility (Industrial facility),202529583,False,2.08,1.04,1,1,industrial_fire,0.984
9.93693,78.2229,332.89,0.51,0.5,2026-07-31,750,N,VIIRS,n,2.0NRT,298.67,2.75,D,2.7205419072272914,industrial,unnamed,tn_central,9.9128215,78.227133,202529583,,,4.528751173250809,Othakadai,village,False,False,agricultural_burn,"Agricultural cropland near Othakadai (village, 4.5 km)",202529583,False,2.08,1.04,1,1,agricultural_burn,0.979
9.93738,78.25173,332.09,0.51,0.49,2026-07-31,750,N,VIIRS,n,2.0NRT,298.69,3.26,D,3.718726488054386,industrial,unnamed,tn_central,9.9107726,78.2722986,686727703,,,2.9526730959620666,Varichiyur,village,False,False,agricultural_burn,"Agricultural cropland near Varichiyur (village, 3.0 km)",686727703,False,,,1,1,agricultural_burn,0.986
9.97583,78.28342,346.58,0.51,0.49,2026-07-31,750,N,VIIRS,n,2.0NRT,299.24,7.39,D,2.548208917233381,industrial,unnamed,tn_central,9.9979705,78.2774156,773664994,,,3.5297194268284566,Therkutheru,village,False,False,agricultural_burn,"Agricultural cropland near Therkutheru (village, 3.5 km)",773664994,False,,,1,1,agricultural_burn,0.979
9.9851,78.17575,333.11,0.52,0.5,2026-07-31,750,N,VIIRS,n,2.0NRT,296.97,2.44,D,5.238820592730603,industrial,Honeywell Technology Solutions,tn_central,9.9382388,78.1708028,673827537,,,1.266260709986454,Kadachanenthal,suburb,False,False,urban_commercial_fire,Urban / Commercial area (Kadachanenthal),673827537,False,8.545,0.3747665940288709,1,1,urban_commercial_fire,0.985
10.00652,78.03616,335.89,0.53,0.5,2026-07-31,750,N,VIIRS,n,2.0NRT,294.56,3.45,D,4.860422165581201,industrial,unnamed,tn_central,9.9634869,78.0439453,990848644,,,1.503660168746911,Chittalangudi,village,False,False,agricultural_burn,"Agricultural cropland near Chittalangudi (village, 1.5 km)",990848644,False,,,1,1,agricultural_burn,0.986
10.07881,79.13869,332.04,0.45,0.47,2026-07-31,750,N,VIIRS,n,2.0NRT,297.38,2.58,D,27.217217992334334,industrial,unnamed,tn_central,10.2527046,78.9636835,542622910,,,0.9884205879820106,Kallakathan,village,False,False,agricultural_burn,"Agricultural cropland near Kallakathan (village, 1.0 km)",542622910,False,,,1,1,agricultural_burn,0.987
10.08159,79.13962,331.3,0.44,0.46,2026-07-31,750,N,VIIRS,n,2.0NRT,297.37,2.0,D,27.070731926047788,industrial,unnamed,tn_central,10.2527046,78.9636835,542622910,,,1.1146889473792558,Kallakathan,village,False,False,agricultural_burn,"Agricultural cropland near Kallakathan (village, 1.1 km)",542622910,False,,,1,1,agricultural_burn,0.987
10.21354,78.87036,337.28,0.46,0.47,2026-07-31,750,N,VIIRS,n,2.0NRT,300.13,6.51,D,11.101837125800076,industrial,unnamed,tn_central,10.2527046,78.9636835,542622910,,,2.6976554170396323,Keelappanaiyur,village,True,False,wildfire,Forest / Woodland reserve near Keelappanaiyur,542622910,False,,,1,1,wildfire,0.984
10.49704,77.81037,332.78,0.53,0.5,2026-07-31,750,N,VIIRS,n,2.0NRT,296.93,4.68,D,23.78500716292555,industrial,unnamed,tn_central,10.5099863,78.0275202,759315008,,,0.9796651299260604,Nalupulikottai,village,False,False,agricultural_burn,"Agricultural cropland near Nalupulikottai (village, 1.0 km)",759315008,False,,,1,1,agricultural_burn,0.987
10.81289,79.84407,333.21,0.39,0.44,2026-07-31,750,N,VIIRS,n,2.0NRT,296.08,3.63,D,9.778076697403849,industrial,unnamed,tn_central,10.8240196,79.7552624,1056121289,,,0.5857585445602052,Nagore,town,False,False,urban_commercial_fire,Urban / Commercial area (Nagore),1056121289,False,,,1,1,urban_commercial_fire,0.985
10.9477,78.91599,332.32,0.45,0.47,2026-07-31,750,N,VIIRS,n,2.0NRT,294.87,5.58,D,4.170932143667356,industrial,Dalmia Cement,tn_central,10.9680364,78.9480942,178531096,,,1.223801151195953,Pullambadi,town,False,False,urban_commercial_fire,Urban / Commercial area (Pullambadi),178531096,False,2.66,1.33,1,1,urban_commercial_fire,0.985
11.49961,79.54979,337.72,0.4,0.44,2026-07-31,750,N,VIIRS,n,2.0NRT,294.8,2.93,D,2.6469703950200474,industrial,unnamed,tn_central,11.5141503,79.5690246,675822587,,,6.2065894812487175,Vadalur,town,False,False,scrub_biomass_burn,Rural scrubland / open biomass near Vadalur (6.2 km),675822587,False,,,1,1,scrub_biomass_burn,0.98
11.64794,79.75954,330.83,0.39,0.44,2026-07-31,750,N,VIIRS,n,2.0NRT,296.71,3.57,D,0.918650641633816,industrial,unnamed,tn_central,11.6399522,79.7616937,178523269,,,1.0137846021919676,Nochikadu,village,False,False,industrial_fire,Industrial facility (Industrial facility),178523269,False,3.57,1.785,1,1,industrial_fire,0.985
11.6909,79.25605,334.65,0.41,0.45,2026-07-31,750,N,VIIRS,n,2.0NRT,297.52,3.15,D,10.568766932915889,industrial,Chengalrayan Co-operative Sugar Mills,cpcb_verified,11.6167,79.3167,cpcb_35,Chengalrayan Co-operative Sugar Mills,Sugar,3.5537374998011324,Ulundurpettai,town,True,False,wildfire,Forest / Woodland reserve near Ulundurpettai,cpcb_35,False,,,1,1,wildfire,0.932
11.73174,79.21313,331.83,0.41,0.45,2026-07-31,750,N,VIIRS,n,2.0NRT,294.04,3.21,D,13.481695714198503,industrial,IOCL Asanur,tn_central,11.6130218,79.1879921,1069783572,,,4.015983206374064,Elavanasur,village,False,False,agricultural_burn,"Agricultural cropland near Elavanasur (village, 4.0 km)",1069783572,False,,,1,1,agricultural_burn,0.985
10.98539,79.1058,313.79,0.39,0.36,2026-07-31,2023,N,VIIRS,n,2.0NRT,291.14,2.37,N,3.452678881418936,industrial,Sugar Factory,tn_central,11.0074056,79.0834939,541287337,,,1.344777409308747,Vettriyur,village,False,False,agricultural_burn,"Agricultural cropland near Vettriyur (village, 1.3 km)",541287337,False,10.91,5.455,0,1,agricultural_burn,0.983
11.17744,79.08931,307.22,0.39,0.36,2026-07-31,2023,N,VIIRS,n,2.0NRT,292.11,0.45,N,0.6212900935334279,industrial,unnamed,tn_central,11.1819029,79.0927368,178523246,Tamil Nadu Cement Corp - Ariyalur,Cement,0.8599378927111729,Aminabad,village,False,False,industrial_fire,Industrial facility (Industrial facility),178523246,False,1.1757142857142855,0.9439960653671028,0,1,industrial_fire,0.985
11.18243,79.10094,312.37,0.39,0.36,2026-07-31,2023,N,VIIRS,n,2.0NRT,292.12,0.85,N,0.5891957379490611,plant,unnamed,tn_central,11.1860116,79.1049206,1468887795,,,0.8722831003138519,Thamaraikulam,village,False,False,industrial_fire,Industrial facility (Industrial facility),1468887795,False,1.016,0.6221977177714492,0,1,industrial_fire,0.985
11.24144,77.88069,313.56,0.41,0.37,2026-07-31,2023,N,VIIRS,n,2.0NRT,289.72,1.41,N,17.979603676266123,industrial,unnamed,tn_central,11.2221002,78.0443584,1268484315,,,0.7294538749270465,Sakthipalayam,village,False,False,agricultural_burn,"Agricultural cropland near Sakthipalayam (village, 0.7 km)",1268484315,False,,,0,1,agricultural_burn,0.987
11.26684,80.00278,312.0,0.38,0.36,2026-07-31,2023,N,VIIRS,n,2.0NRT,291.05,1.68,N,39.75085828400315,industrial,IL&FS Tamil Nadu Thermal Power Station,tn_central,11.5261596,79.7517592,645959123,,,17.659628042108164,Tirumullaivasal,village,False,False,scrub_biomass_burn,Rural scrubland / open biomass near Tirumullaivasal (17.7 km),645959123,False,,,0,1,scrub_biomass_burn,0.984
11.66297,77.83739,308.17,0.41,0.37,2026-07-31,2023,N,VIIRS,n,2.0NRT,289.85,0.95,N,14.474253436206997,industrial,Madras Aluminium Company Ltd (MALCO),cpcb_verified,11.788,77.8004,cpcb_0,Madras Aluminium Company Ltd (MALCO),Aluminium,0.1976286821592109,Melakkaraipatty,village,False,False,agricultural_burn,"Agricultural cropland near Melakkaraipatty (village, 0.2 km)",cpcb_0,False,,,0,1,agricultural_burn,0.986
12.4093,79.18157,330.32,0.39,0.36,2026-07-31,2023,N,VIIRS,n,2.0NRT,286.47,3.65,N,18.655386365628303,industrial,unnamed,tn_central,12.2550688,79.1139789,1025064116,,,8.945102567864602,Mangalam,village,False,False,scrub_biomass_burn,Rural scrubland / open biomass near Mangalam (8.9 km),1025064116,False,,,0,1,scrub_biomass_burn,0.981
13.37985,80.11409,310.24,0.38,0.36,2026-07-31,2023,N,VIIRS,n,2.0NRT,292.55,2.1,N,0.2516662357932515,industrial,unnamed,tn_north,13.3804722,80.1118532,1017185140,T.C.P. Limited - Gummidipoondi,Powerplant,3.289726160139348,Kavaraipettai,village,False,False,industrial_fire,Industrial facility (Industrial facility),1017185140,False,1.67,0.608111831820431,0,1,industrial_fire,0.985
13.392,80.10162,321.33,0.38,0.36,2026-07-31,2023,N,VIIRS,n,2.0NRT,294.39,4.03,N,0.8984602167840539,industrial,unnamed,tn_north,13.3871773,80.1082841,840721285,T.C.P. Limited - Gummidipoondi,Powerplant,3.890936005475017,Gummidipoondi,town,False,False,industrial_fire,Industrial facility (Industrial facility),840721285,True,1.5444444444444445,1.0770690682485398,0,1,industrial_fire,0.985
13.39259,80.07638,309.72,0.38,0.36,2026-07-31,2023,N,VIIRS,n,2.0NRT,292.23,3.43,N,0.1200166105724378,industrial,unnamed,tn_north,13.3934322,80.0770739,840721279,T.C.P. Limited - Gummidipoondi,Powerplant,6.105473387327412,Gummidipoondi,town,False,False,industrial_fire,Industrial facility (Industrial facility),840721279,False,1.46,1.324889932535278,0,1,industrial_fire,0.985
13.44714,80.09624,313.23,0.38,0.36,2026-07-31,2023,N,VIIRS,n,2.0NRT,290.12,3.42,N,0.2081511070118775,industrial,unnamed,tn_north,13.4454991,80.0971663,840721277,,,2.540436365578865,Elavur,village,False,False,industrial_fire,Industrial facility (Industrial facility),840721277,False,2.445,1.3788582233137676,0,1,industrial_fire,0.985
9.25059,78.28757,331.5,0.54,0.68,2026-08-01,729,N,VIIRS,n,2.0NRT,286.25,3.55,D,27.44091493298276,industrial,unnamed,tn_central,9.4896726,78.2255799,743737307,,,3.740532042803668,Perunali,village,False,False,agricultural_burn,"Agricultural cropland near Perunali (village, 3.7 km)",743737307,False,3.12,1.56,1,1,agricultural_burn,0.985
9.7793,80.18807,345.44,0.4,0.6,2026-08-01,729,N,VIIRS,n,2.0NRT,289.34,4.4,D,96.24649919591822,industrial,unnamed,tn_central,10.430444,79.6088047,651535389,,,1.2231513250246877,Karaveddy,village,False,False,agricultural_burn,"Agricultural cropland near Karaveddy (village, 1.2 km)",651535389,False,,,1,1,agricultural_burn,0.987
10.53246,79.23427,335.62,0.45,0.63,2026-08-01,729,N,VIIRS,n,2.0NRT,287.48,3.88,D,9.221576396990056,industrial,unnamed,tn_central,10.6013124,79.2812952,750512306,,,1.4275804348234593,Vadakkukottai,village,False,False,agricultural_burn,"Agricultural cropland near Vadakkukottai (village, 1.4 km)",750512306,False,,,1,1,agricultural_burn,0.985
11.05063,79.35343,339.95,0.43,0.62,2026-08-01,729,N,VIIRS,n,2.0NRT,289.63,6.21,D,11.058167739431948,industrial,unnamed,tn_central,10.9585753,79.3917638,375105801,,,1.552184705568478,Anaikudi,village,False,False,agricultural_burn,"Agricultural cropland near Anaikudi (village, 1.6 km)",375105801,False,,,1,1,agricultural_burn,0.986
11.05169,79.3529,342.3,0.43,0.62,2026-08-01,729,N,VIIRS,n,2.0NRT,289.33,7.35,D,11.189160805290427,industrial,unnamed,tn_central,10.9585753,79.3917638,375105801,,,1.4834342495756965,Anaikudi,village,False,False,agricultural_burn,"Agricultural cropland near Anaikudi (village, 1.5 km)",375105801,False,,,1,1,agricultural_burn,0.987
11.29512,79.7821,337.98,0.4,0.6,2026-08-01,729,N,VIIRS,n,2.0NRT,289.25,4.08,D,25.57665070774196,industrial,N.P.K.R. Ramasamy Co-op Sugar Mills,cpcb_verified,11.1017,79.6552,cpcb_31,Sahali Exports Pvt Ltd (Biomass),Powerplant,0.5136500989160291,Tillaividangam,village,False,False,agricultural_burn,"Agricultural cropland near Tillaividangam (village, 0.5 km)",cpcb_31,False,,,1,1,agricultural_burn,0.987
11.30795,78.57752,333.94,0.48,0.65,2026-08-01,729,N,VIIRS,n,2.0NRT,286.09,2.75,D,18.20657436397799,industrial,Azhagapuri,tn_central,11.193579,78.4580549,999684608,,,1.1221823794169228,Sengattupatti,village,False,False,agricultural_burn,"Agricultural cropland near Sengattupatti (village, 1.1 km)",999684608,False,,,1,1,agricultural_burn,0.986
12.16273,79.51328,335.62,0.4,0.6,2026-08-01,729,N,VIIRS,n,2.0NRT,290.2,2.43,D,13.040405897758568,industrial,unnamed,tn_central,12.0499496,79.5461681,1026885679,,,3.425469025557864,Pidaripattu,village,False,False,agricultural_burn,"Agricultural cropland near Pidaripattu (village, 3.4 km)",1026885679,False,,,1,1,agricultural_burn,0.985
12.16129,79.51262,332.86,0.4,0.6,2026-08-01,731,N,VIIRS,n,2.0NRT,289.72,4.49,D,12.90659431673281,industrial,unnamed,tn_central,12.0499496,79.5461681,1026885679,,,3.250037276202377,Pidaripattu,village,False,False,agricultural_burn,"Agricultural cropland near Pidaripattu (village, 3.3 km)",1026885679,False,,,1,1,agricultural_burn,0.986
12.28848,79.43398,336.2,0.4,0.6,2026-08-01,731,N,VIIRS,n,2.0NRT,289.96,2.66,D,16.2927647053954,industrial,"Ruins of the Ricemill, Thennathur Village",tn_central,12.4341311,79.4503323,305328715,,,4.27316508540344,Gingee,town,False,False,scrub_biomass_burn,Rural scrubland / open biomass near Gingee (4.3 km),305328715,False,3.07,1.535,1,1,scrub_biomass_burn,0.98
11.28438,79.75117,315.05,0.56,0.43,2026-08-01,2004,N,VIIRS,n,2.0NRT,290.22,2.23,N,22.851887518538884,industrial,N.P.K.R. Ramasamy Co-op Sugar Mills,cpcb_verified,11.1017,79.6552,cpcb_31,Sahali Exports Pvt Ltd (Biomass),Powerplant,0.3776109518331698,Aricharamangalam,village,False,False,agricultural_burn,"Agricultural cropland near Aricharamangalam (village, 0.4 km)",cpcb_31,False,,,0,1,agricultural_burn,0.985
11.65214,78.03033,304.86,0.48,0.48,2026-08-01,2004,N,VIIRS,n,2.0NRT,281.41,0.83,N,0.3742432058343227,industrial,Salem Steel Plant,tn_central,11.6551048,78.0319565,104170107,,,0.9876406657698412,Steel Plant Colony,suburb,False,False,industrial_fire,Industrial facility (Salem Steel Plant),104170107,False,0.83,0.415,0,1,industrial_fire,0.985
11.80772,77.92508,305.82,0.49,0.49,2026-08-01,2004,N,VIIRS,n,2.0NRT,281.73,1.05,N,13.74692127701297,industrial,Madras Aluminium Company Ltd (MALCO),cpcb_verified,11.788,77.8004,cpcb_0,Madras Aluminium Company Ltd (MALCO),Aluminium,0.9145424386761212,Moorthipatti,village,False,False,agricultural_burn,"Agricultural cropland near Moorthipatti (village, 0.9 km)",cpcb_0,False,,,0,1,agricultural_burn,0.987
11.81063,77.9237,307.7,0.49,0.49,2026-08-01,2004,N,VIIRS,n,2.0NRT,281.93,1.56,N,13.654499344378266,industrial,Madras Aluminium Company Ltd (MALCO),cpcb_verified,11.788,77.8004,cpcb_0,Madras Aluminium Company Ltd (MALCO),Aluminium,0.8010095327388184,Kukkalpatti,village,False,False,agricultural_burn,"Agricultural cropland near Kukkalpatti (village, 0.8 km)",cpcb_0,False,,,0,1,agricultural_burn,0.987
8.04788,79.85087,303.55,0.5,0.41,2026-08-01,2006,N,VIIRS,n,2.0NRT,274.0,2.51,N,149.99913274004666,industrial,Arkay Energy (Rameswaram) Ltd,cpcb_verified,9.2876,79.3129,cpcb_27,Arkay Energy (Rameswaram) Ltd,Powerplant,2.4633238706981,Chenaikudirippu,village,False,False,agricultural_burn,"Agricultural cropland near Chenaikudirippu (village, 2.5 km)",cpcb_27,False,,,0,1,agricultural_burn,0.985
8.75715,78.183,326.49,0.43,0.46,2026-08-01,2006,N,VIIRS,n,2.0NRT,284.82,2.06,N,5.354759002090343,industrial,Coastal Energen Power Ltd,cpcb_verified,8.7642,78.1348,cpcb_25,Sterlite Industries (India) Ltd - Copper Smelter,Copper,0.5971145037658295,Tuticorin Port,suburb,False,False,urban_commercial_fire,Urban / Commercial area (Tuticorin Port),cpcb_25,False,,,0,1,urban_commercial_fire,0.985
8.75772,78.17909,306.04,0.43,0.46,2026-08-01,2006,N,VIIRS,n,2.0NRT,282.65,2.06,N,4.92040639132923,industrial,Coastal Energen Power Ltd,cpcb_verified,8.7642,78.1348,cpcb_25,Sterlite Industries (India) Ltd - Copper Smelter,Copper,0.2638692627232974,Tuticorin Port,suburb,False,False,urban_commercial_fire,Urban / Commercial area (Tuticorin Port),cpcb_25,False,,,0,1,urban_commercial_fire,0.984
8.82639,78.08728,349.32,0.44,0.46,2026-08-01,2006,N,VIIRS,n,2.0NRT,290.19,22.26,N,8.665325150543616,industrial,Coastal Energen Power Ltd,cpcb_verified,8.7642,78.1348,cpcb_25,Sterlite Industries (India) Ltd - Copper Smelter,Copper,1.961474929907008,Pandarampatti,village,False,False,agricultural_burn,"Agricultural cropland near Pandarampatti (village, 2.0 km)",cpcb_25,False,,,0,1,agricultural_burn,0.982
11.17522,79.08694,307.05,0.4,0.45,2026-08-01,2006,N,VIIRS,n,2.0NRT,289.7,2.63,N,0.9757384521779008,industrial,unnamed,tn_central,11.1819029,79.0927368,178523246,Tamil Nadu Cement Corp - Ariyalur,Cement,0.6994351924358777,Aminabad,village,False,False,industrial_fire,Industrial facility (Industrial facility),178523246,False,1.1757142857142855,0.9439960653671028,0,1,industrial_fire,0.984
11.18186,79.0993,306.32,0.4,0.45,2026-08-01,2006,N,VIIRS,n,2.0NRT,290.03,2.34,N,0.7159564005798527,industrial,unnamed,tn_central,11.1819029,79.0927368,178523246,Tamil Nadu Cement Corp - Ariyalur,Cement,0.9302338547377764,Thamaraikulam,village,False,False,industrial_fire,Industrial facility (Industrial facility),178523246,False,1.1757142857142855,0.9439960653671028,0,1,industrial_fire,0.985
9.02032,77.84805,333.75,0.32,0.55,2026-08-02,852,N,VIIRS,n,2.0NRT,277.47,2.17,D,17.41085594662557,industrial,IND Barath Thermal Power Ltd,cpcb_verified,8.8894,77.935,cpcb_13,IND Barath Thermal Power Ltd,Powerplant,2.754147824916669,Kadambur,village,False,False,agricultural_burn,"Agricultural cropland near Kadambur (village, 2.8 km)",cpcb_13,False,,,1,1,agricultural_burn,0.985
12.33321,79.90759,338.17,0.49,0.65,2026-08-02,852,N,VIIRS,n,2.0NRT,287.0,2.98,D,17.929157603095923,industrial,unnamed,tn_central,12.305508,79.7450029,1409959982,,,8.359428912764287,Chunampet,village,False,False,scrub_biomass_burn,Rural scrubland / open biomass near Chunampet (8.4 km),1409959982,False,,,1,1,scrub_biomass_burn,0.982
8.17175,77.59212,332.25,0.39,0.59,2026-07-26,741,N,VIIRS,n,2.0NRT,295.69,2.93,D,58.21035365684327,industrial,Sun Paper Mills Limited,cpcb_verified,8.6822,77.4747,cpcb_28,Sun Paper Mills Limited,Pulp & Paper,1.8065621299177808,Karungulam,village,False,False,agricultural_burn,"Agricultural cropland near Karungulam (village, 1.8 km)",cpcb_28,False,,,1,1,agricultural_burn,0.984
8.5549,78.07254,330.36,0.35,0.57,2026-07-26,741,N,VIIRS,n,2.0NRT,297.23,2.2,D,24.25857437547657,industrial,Coastal Energen Power Ltd,cpcb_verified,8.7642,78.1348,cpcb_25,Sterlite Industries (India) Ltd - Copper Smelter,Copper,3.0451489308809454,Arumuganeri,village,False,False,agricultural_burn,"Agricultural cropland near Arumuganeri (village, 3.0 km)",cpcb_25,False,,,1,1,agricultural_burn,0.986
8.60272,78.06735,342.45,0.35,0.57,2026-07-26,741,N,VIIRS,n,2.0NRT,296.19,3.66,D,19.4262311264455,industrial,Coastal Energen Power Ltd,cpcb_verified,8.7642,78.1348,cpcb_25,Sterlite Industries (India) Ltd - Copper Smelter,Copper,2.118578310567799,Sahupuram,village,False,False,agricultural_burn,"Agricultural cropland near Sahupuram (village, 2.1 km)",cpcb_25,False,,,1,1,agricultural_burn,0.986
8.66401,77.87219,342.13,0.36,0.58,2026-07-26,741,N,VIIRS,n,2.0NRT,291.52,4.27,D,25.995341438280413,industrial,IND Barath Thermal Power Ltd,cpcb_verified,8.8894,77.935,cpcb_13,IND Barath Thermal Power Ltd,Powerplant,3.309269003991172,Karungulam,village,False,False,agricultural_burn,"Agricultural cropland near Karungulam (village, 3.3 km)",cpcb_13,False,,,1,1,agricultural_burn,0.985
8.68839,80.39858,339.54,0.49,0.49,2026-07-26,741,N,VIIRS,n,2.0NRT,297.79,14.75,D,136.59213842984684,industrial,Arkay Energy (Rameswaram) Ltd,cpcb_verified,9.2876,79.3129,cpcb_27,Arkay Energy (Rameswaram) Ltd,Powerplant,6.552580071424224,Thaddankulam,village,False,False,scrub_biomass_burn,Rural scrubland / open biomass near Thaddankulam (6.6 km),cpcb_27,False,,,1,1,scrub_biomass_burn,0.983
9.37899,77.92585,341.89,0.35,0.57,2026-07-26,741,N,VIIRS,n,2.0NRT,289.9,3.84,D,24.762771096418447,industrial,unnamed,tn_central,9.5822502,78.0181003,751731783,,,0.842245808483251,Ramalingapuram,village,False,False,agricultural_burn,"Agricultural cropland near Ramalingapuram (village, 0.8 km)",751731783,False,,,1,1,agricultural_burn,0.987
9.3792,77.92735,332.05,0.35,0.57,2026-07-26,741,N,VIIRS,n,2.0NRT,288.14,4.58,D,24.67463993433485,industrial,unnamed,tn_central,9.5822502,78.0181003,751731783,,,0.6787252611262866,Ramalingapuram,village,False,False,agricultural_burn,"Agricultural cropland near Ramalingapuram (village, 0.7 km)",751731783,False,,,1,1,agricultural_burn,0.987
9.50276,78.04283,338.15,0.34,0.56,2026-07-26,741,N,VIIRS,n,2.0NRT,287.97,3.53,D,6.89221294648868,industrial,unnamed,tn_central,9.5451952,78.0886407,906837193,,,5.769194672243362,Kottiparai,village,False,False,scrub_biomass_burn,Rural scrubland / open biomass near Kottiparai (5.8 km),906837193,False,,,1,1,scrub_biomass_burn,0.982
9.50334,78.04597,341.55,0.34,0.56,2026-07-26,741,N,VIIRS,n,2.0NRT,287.03,3.53,D,6.5997681661463306,industrial,unnamed,tn_central,9.5451952,78.0886407,906837193,,,5.4932993943103074,Aruppukkottai,town,False,False,scrub_biomass_burn,Rural scrubland / open biomass near Aruppukkottai (5.5 km),906837193,False,,,1,1,scrub_biomass_burn,0.983
9.71292,77.92689,334.83,0.35,0.56,2026-07-26,741,N,VIIRS,n,2.0NRT,293.68,3.9,D,13.310658240319588,industrial,unnamed,tn_central,9.7615692,78.0378628,1025074545,,,4.077541467019201,Agathapatti,village,False,False,agricultural_burn,"Agricultural cropland near Agathapatti (village, 4.1 km)",1025074545,False,,,1,1,agricultural_burn,0.986
9.8234,78.24072,331.01,0.33,0.55,2026-07-26,741,N,VIIRS,n,2.0NRT,291.11,1.48,D,3.8870951832093352,industrial,unnamed,tn_central,9.8446718,78.2125658,726539285,,,1.1957100920079051,Pazhaiyur,village,False,False,agricultural_burn,"Agricultural cropland near Pazhaiyur (village, 1.2 km)",726539285,False,,,1,1,agricultural_burn,0.985
9.91835,78.31232,330.65,0.32,0.55,2026-07-26,741,N,VIIRS,n,2.0NRT,297.9,1.6,D,3.738724306503993,industrial,unnamed,tn_central,9.910556,78.2791168,686727700,,,6.167976589620055,Varichiyur,village,False,False,scrub_biomass_burn,Rural scrubland / open biomass near Varichiyur (6.2 km),686727700,False,,,1,1,scrub_biomass_burn,0.98
9.95631,78.26261,337.4,0.32,0.55,2026-07-26,741,N,VIIRS,n,2.0NRT,296.51,1.53,D,4.907997266521153,industrial,unnamed,tn_central,9.9979705,78.2774156,773664994,,,4.326859452306586,Chittampatti,village,False,False,agricultural_burn,"Agricultural cropland near Chittampatti (village, 4.3 km)",773664994,False,,,1,1,agricultural_burn,0.984
10.05153,78.7318,331.66,0.6,0.53,2026-07-26,741,N,VIIRS,n,2.0NRT,293.25,4.34,D,2.190473859539038,industrial,unnamed,tn_central,10.0624171,78.7484738,973622514,,,2.0902584400736286,Managiri,suburb,False,False,urban_commercial_fire,Urban / Commercial area (Managiri),973622514,False,,,1,1,urban_commercial_fire,0.975
10.44197,79.70836,331.85,0.51,0.49,2026-07-26,741,N,VIIRS,n,2.0NRT,296.17,1.76,D,10.962093483106926,industrial,unnamed,tn_central,10.430444,79.6088047,651535389,,,0.5130986385795164,Tagattur,village,False,False,agricultural_burn,"Agricultural cropland near Tagattur (village, 0.5 km)",651535389,False,,,1,1,agricultural_burn,0.986
10.89877,78.70602,344.86,0.58,0.52,2026-07-26,744,N,VIIRS,n,2.0NRT,293.9,8.75,D,0.8560657611430201,industrial,Rice Mill,tn_central,10.9064192,78.7069084,464939298,,,1.5144516545314173,Pangaiyar selvi,village,False,False,industrial_fire,Industrial facility (Rice Mill),464939298,False,8.75,4.375,1,1,industrial_fire,0.985
11.34114,79.71289,333.47,0.49,0.49,2026-07-26,744,N,VIIRS,n,2.0NRT,290.15,5.08,D,21.0048647424991,industrial,IL&FS Tamil Nadu Thermal Power Station,tn_central,11.5261596,79.7517592,645959123,,,1.1938287149837052,Anikkaranchattram,village,False,False,agricultural_burn,"Agricultural cropland near Anikkaranchattram (village, 1.2 km)",645959123,False,,,1,1,agricultural_burn,0.987
11.6474,79.32397,332.03,0.52,0.5,2026-07-26,744,N,VIIRS,n,2.0NRT,294.64,2.78,D,3.5043064297075963,industrial,Chengalrayan Co-operative Sugar Mills,cpcb_verified,11.6167,79.3167,cpcb_35,Chengalrayan Co-operative Sugar Mills,Sugar,3.811512941863567,Madiyanur,village,False,False,agricultural_burn,"Agricultural cropland near Madiyanur (village, 3.8 km)",cpcb_35,False,,,1,1,agricultural_burn,0.981
11.78077,79.44133,331.21,0.5,0.49,2026-07-26,744,N,VIIRS,n,2.0NRT,293.12,4.18,D,12.288355727761676,industrial,Chemplast Sanmar Limited,cpcb_verified,11.7739,79.554,cpcb_6,Chemplast Sanmar Limited,Distillery/Chemical,0.5915986045274184,Viraperumanallur,village,False,False,agricultural_burn,"Agricultural cropland near Viraperumanallur (village, 0.6 km)",cpcb_6,False,,,1,1,agricultural_burn,0.987
11.78529,79.4405,330.25,0.5,0.49,2026-07-26,744,N,VIIRS,n,2.0NRT,292.05,7.16,D,12.419581824019849,industrial,Chemplast Sanmar Limited,cpcb_verified,11.7739,79.554,cpcb_6,Chemplast Sanmar Limited,Distillery/Chemical,1.0966788875659137,Viraperumanallur,village,False,False,agricultural_burn,"Agricultural cropland near Viraperumanallur (village, 1.1 km)",cpcb_6,False,,,1,1,agricultural_burn,0.987
11.78611,79.44511,367.0,0.5,0.49,2026-07-26,744,N,VIIRS,h,2.0NRT,295.27,7.16,D,11.930509043373108,industrial,Chemplast Sanmar Limited,cpcb_verified,11.7739,79.554,cpcb_6,Chemplast Sanmar Limited,Distillery/Chemical,1.1592961087115348,Viraperumanallur,village,False,False,agricultural_burn,"Agricultural cropland near Viraperumanallur (village, 1.2 km)",cpcb_6,False,,,1,2,agricultural_burn,0.986
12.053,79.83413,342.9,0.47,0.48,2026-07-26,744,N,VIIRS,n,2.0NRT,286.71,5.56,D,5.761089928260203,industrial,unnamed,tn_central,12.0198162,79.7934463,554802748,,,4.032008487879627,Ganapathichettikulam,village,False,False,agricultural_burn,"Agricultural cropland near Ganapathichettikulam (village, 4.0 km)",554802748,False,,,1,1,agricultural_burn,0.985
8.304,77.86613,332.02,0.44,0.38,2026-07-26,2017,N,VIIRS,n,2.0NRT,296.31,5.05,N,59.08810690947615,industrial,Coastal Energen Power Ltd,cpcb_verified,8.7642,78.1348,cpcb_25,Sterlite Industries (India) Ltd - Copper Smelter,Copper,0.715920711053474,Anaikudi,village,False,False,agricultural_burn,"Agricultural cropland near Anaikudi (village, 0.7 km)",cpcb_25,False,,,0,1,agricultural_burn,0.986
8.63548,80.32524,313.75,0.38,0.36,2026-07-26,2017,N,VIIRS,n,2.0NRT,293.43,1.69,N,132.74705591922074,industrial,Arkay Energy (Rameswaram) Ltd,cpcb_verified,9.2876,79.3129,cpcb_27,Arkay Energy (Rameswaram) Ltd,Powerplant,3.028045301687497,Sinnasippikulam,village,False,False,agricultural_burn,"Agricultural cropland near Sinnasippikulam (village, 3.0 km)",cpcb_27,False,,,0,1,agricultural_burn,0.985
8.67029,77.99158,309.42,0.44,0.38,2026-07-26,2017,N,VIIRS,n,2.0NRT,294.25,1.55,N,18.89001623181344,industrial,Coastal Energen Power Ltd,cpcb_verified,8.7642,78.1348,cpcb_25,Sterlite Industries (India) Ltd - Copper Smelter,Copper,3.3111943809746114,Perungulam,village,False,False,agricultural_burn,"Agricultural cropland near Perungulam (village, 3.3 km)",cpcb_25,False,,,0,1,agricultural_burn,0.985
8.8669,78.12173,308.55,0.44,0.38,2026-07-26,2017,N,VIIRS,n,2.0NRT,295.38,0.42,N,11.50967009794752,industrial,Coastal Energen Power Ltd,cpcb_verified,8.7642,78.1348,cpcb_25,Sterlite Industries (India) Ltd - Copper Smelter,Copper,4.338788094441966,Mappilaiurani,village,False,False,agricultural_burn,"Agricultural cropland near Mappilaiurani (village, 4.3 km)",cpcb_25,False,,,0,1,agricultural_burn,0.983
8.92476,78.16695,324.18,0.43,0.38,2026-07-26,2017,N,VIIRS,n,2.0NRT,294.9,2.09,N,18.19955615674716,industrial,Coastal Energen Power Ltd,cpcb_verified,8.7642,78.1348,cpcb_25,Sterlite Industries (India) Ltd - Copper Smelter,Copper,1.6421609743267718,Pattanamarudur,village,False,False,agricultural_burn,"Agricultural cropland near Pattanamarudur (village, 1.6 km)",cpcb_25,False,,,0,1,agricultural_burn,0.986
9.75601,77.50282,306.64,0.47,0.4,2026-07-26,2017,N,VIIRS,n,2.0NRT,292.81,1.96,N,57.70908633033059,industrial,Vadapalanji IT SEZ,tn_central,9.9312285,77.9986372,1034798587,,,1.5985597397824352,Ponnampadugai,village,False,False,agricultural_burn,"Agricultural cropland near Ponnampadugai (village, 1.6 km)",1034798587,False,,,0,1,agricultural_burn,0.987
9.76393,77.57449,307.94,0.47,0.4,2026-07-26,2017,N,VIIRS,n,2.0NRT,292.48,1.63,N,50.05344110896922,industrial,Vadapalanji IT SEZ,tn_central,9.9312285,77.9986372,1034798587,,,1.370655421191107,Vaikkalparai,village,False,False,agricultural_burn,"Agricultural cropland near Vaikkalparai (village, 1.4 km)",1034798587,False,,,0,1,agricultural_burn,0.987
10.00952,78.04739,312.94,0.45,0.39,2026-07-26,2017,N,VIIRS,n,2.0NRT,288.85,1.54,N,5.132528729401899,industrial,unnamed,tn_central,9.9634869,78.0439453,990848644,,,0.9784084307533072,Vayalur,village,False,False,agricultural_burn,"Agricultural cropland near Vayalur (village, 1.0 km)",990848644,False,,,0,1,agricultural_burn,0.984
13.3918,80.10241,312.54,0.4,0.37,2026-07-26,2017,N,VIIRS,n,2.0NRT,282.64,1.06,N,0.8172947628974775,industrial,unnamed,tn_north,13.3871773,80.1082841,840721285,T.C.P. Limited - Gummidipoondi,Powerplant,3.846902690032164,Gummidipoondi,town,False,False,industrial_fire,Industrial facility (Industrial facility),840721285,False,1.5444444444444445,1.0770690682485398,0,1,industrial_fire,0.985
11.1092,79.2571,306.66,0.41,0.37,2026-07-26,2019,N,VIIRS,n,2.0NRT,278.54,0.74,N,9.294918658415572,industrial,unnamed,tn_central,11.1068582,79.1719463,84737250,,,1.6355570828249235,Venvankondan,village,False,False,agricultural_burn,"Agricultural cropland near Venvankondan (village, 1.6 km)",84737250,False,,,0,1,agricultural_burn,0.984
11.11263,79.25764,306.65,0.41,0.37,2026-07-26,2019,N,VIIRS,n,2.0NRT,278.38,0.66,N,9.372136418653067,industrial,unnamed,tn_central,11.1068582,79.1719463,84737250,,,1.3121621134401102,Vadakadal,village,False,False,agricultural_burn,"Agricultural cropland near Vadakadal (village, 1.3 km)",84737250,False,,,0,1,agricultural_burn,0.985
12.53053,78.22664,313.26,0.47,0.4,2026-07-26,2019,N,VIIRS,n,2.0NRT,272.56,1.67,N,1.3369254249296236,industrial,Synergy Shakthi Renewable Energy Ltd,cpcb_verified,12.5266,78.215,cpcb_21,Synergy Shakthi Renewable Energy Ltd,Powerplant,0.9789071534105672,Dhandakuppam,village,False,False,industrial_fire,Industrial facility (Synergy Shakthi Renewable Energy Ltd),cpcb_21,False,1.67,0.835,0,1,industrial_fire,0.984
9.11902,77.53432,336.06,0.5,0.66,2026-07-27,905,N,VIIRS,n,2.0NRT,290.98,2.29,D,46.665451061472325,industrial,Empee Sugars and Chemicals Ltd,cpcb_verified,8.7089,77.4442,cpcb_38,Empee Sugars and Chemicals Ltd,Sugar,2.3520314835119693,Chinnakovilankulam,village,False,False,agricultural_burn,"Agricultural cropland near Chinnakovilankulam (village, 2.4 km)",cpcb_38,False,,,1,1,agricultural_burn,0.985
9.96835,78.28912,338.31,0.58,0.7,2026-07-27,905,N,VIIRS,n,2.0NRT,290.5,6.09,D,3.5342672257800136,industrial,unnamed,tn_central,9.9979705,78.2774156,773664994,,,4.394324487026911,Therkutheru,village,False,False,agricultural_burn,"Agricultural cropland near Therkutheru (village, 4.4 km)",773664994,False,,,1,1,agricultural_burn,0.979
11.83739,79.73386,304.55,0.47,0.48,2026-07-27,1957,N,VIIRS,n,2.0NRT,281.83,1.53,N,3.1984228474751366,industrial,unnamed,tn_central,11.8455663,79.7620372,645975206,,,2.057730298464387,Ulleripet,village,False,False,agricultural_burn,"Agricultural cropland near Ulleripet (village, 2.1 km)",645975206,False,,,0,1,agricultural_burn,0.981
13.21387,80.26139,308.42,0.46,0.47,2026-07-27,1957,N,VIIRS,n,2.0NRT,287.12,3.4,N,0.6754065087456129,works,unnamed,tn_north,13.2094797,80.2657017,1017185166,,,1.598075586434158,Vichoor,village,False,False,industrial_fire,Industrial facility (Industrial facility),1017185166,False,3.045,0.5020458146424487,0,1,industrial_fire,0.985
13.21473,80.26047,307.78,0.46,0.47,2026-07-27,1957,N,VIIRS,n,2.0NRT,287.24,2.69,N,0.8133704994715836,works,unnamed,tn_north,13.2094797,80.2657017,1017185166,,,1.4699318900478993,Vichoor,village,False,False,industrial_fire,Industrial facility (Industrial facility),1017185166,False,3.045,0.5020458146424487,0,1,industrial_fire,0.985
8.37231,80.20104,331.63,0.35,0.57,2026-07-28,845,N,VIIRS,n,2.0NRT,288.98,2.92,D,141.00043662753865,industrial,Arkay Energy (Rameswaram) Ltd,cpcb_verified,9.2876,79.3129,cpcb_27,Arkay Energy (Rameswaram) Ltd,Powerplant,0.9602604779178544,Ittikulama,village,False,False,agricultural_burn,"Agricultural cropland near Ittikulama (village, 1.0 km)",cpcb_27,False,,,1,1,agricultural_burn,0.987
8.37311,80.19904,332.15,0.35,0.57,2026-07-28,845,N,VIIRS,n,2.0NRT,290.06,3.76,D,140.7841010932285,industrial,Arkay Energy (Rameswaram) Ltd,cpcb_verified,9.2876,79.3129,cpcb_27,Arkay Energy (Rameswaram) Ltd,Powerplant,0.8294081579893267,Ittikulama,village,False,False,agricultural_burn,"Agricultural cropland near Ittikulama (village, 0.8 km)",cpcb_27,False,,,1,1,agricultural_burn,0.987
9.43212,77.73875,338.75,0.5,0.49,2026-07-28,845,N,VIIRS,n,2.0NRT,301.21,3.9,D,34.88875386915204,industrial,unnamed,tn_central,9.5822502,78.0181003,751731783,,,0.8927658588293861,Maraneri,village,False,False,agricultural_burn,"Agricultural cropland near Maraneri (village, 0.9 km)",751731783,False,,,1,1,agricultural_burn,0.987
9.43271,77.73971,339.09,0.5,0.49,2026-07-28,845,N,VIIRS,n,2.0NRT,300.77,3.94,D,34.7648938494309,industrial,unnamed,tn_central,9.5822502,78.0181003,751731783,,,0.7837770073330387,Maraneri,village,False,False,agricultural_burn,"Agricultural cropland near Maraneri (village, 0.8 km)",751731783,False,,,1,1,agricultural_burn,0.987
9.51827,77.78963,335.87,0.51,0.49,2026-07-28,845,N,VIIRS,n,2.0NRT,301.53,24.4,D,26.0431863761329,industrial,unnamed,tn_central,9.5822502,78.0181003,751731783,,,4.869967596913906,Thiruthangal,suburb,False,False,scrub_biomass_burn,Rural scrubland / open biomass near Thiruthangal (4.9 km),751731783,False,,,1,1,scrub_biomass_burn,0.981
9.52283,77.789,347.79,0.51,0.49,2026-07-28,845,N,VIIRS,n,2.0NRT,303.57,24.4,D,25.975907769346755,industrial,unnamed,tn_central,9.5822502,78.0181003,751731783,,,5.367604874903323,Thiruthangal,suburb,False,False,scrub_biomass_burn,Rural scrubland / open biomass near Thiruthangal (5.4 km),751731783,False,,,1,1,scrub_biomass_burn,0.983
9.73477,78.41372,341.75,0.56,0.52,2026-07-28,845,N,VIIRS,n,2.0NRT,297.19,9.66,D,1.842927169137705,industrial,unnamed,tn_central,9.7404361,78.3979171,727316888,,,5.9031835894622855,Dhayapuram,village,False,False,industrial_fire,Industrial facility (Industrial facility),727316888,False,9.66,4.83,1,1,industrial_fire,0.983
9.73544,78.4189,341.99,0.56,0.52,2026-07-28,845,N,VIIRS,n,2.0NRT,297.05,9.66,D,1.891800429124431,industrial,unnamed,tn_central,9.7189288,78.4230629,727318688,,,5.437917518603846,Dhayapuram,village,False,False,industrial_fire,Industrial facility (Industrial facility),727318688,False,12.81,4.45477272147525,1,1,industrial_fire,0.983
9.73558,78.41689,351.74,0.56,0.52,2026-07-28,845,N,VIIRS,n,2.0NRT,297.82,15.96,D,1.9712555092749693,industrial,unnamed,tn_central,9.7189288,78.4230629,727318688,,,5.637471114246864,Dhayapuram,village,False,False,industrial_fire,Industrial facility (Industrial facility),727318688,False,12.81,4.45477272147525,1,1,industrial_fire,0.85
9.76147,78.24873,330.94,0.55,0.51,2026-07-28,845,N,VIIRS,n,2.0NRT,299.03,2.84,D,8.357306612418324,industrial,unnamed,tn_central,9.8251284,78.289277,986279206,,,6.026519947556028,Avarangulam,village,False,False,scrub_biomass_burn,Rural scrubland / open biomass near Avarangulam (6.0 km),986279206,False,1.38,0.69,1,1,scrub_biomass_burn,0.983
9.79294,77.4472,337.49,0.48,0.48,2026-07-28,845,N,VIIRS,n,2.0NRT,297.13,10.8,D,62.33722205055928,industrial,Vadapalanji IT SEZ,tn_central,9.9312285,77.9986372,1034798587,,,4.48299765674679,Odaipatti,village,False,False,agricultural_burn,"Agricultural cropland near Odaipatti (village, 4.5 km)",1034798587,False,,,1,1,agricultural_burn,0.987
9.79743,77.44672,354.56,0.48,0.48,2026-07-28,845,N,VIIRS,n,2.0NRT,296.92,10.8,D,62.26660909563946,industrial,Vadapalanji IT SEZ,tn_central,9.9312285,77.9986372,1034798587,,,3.9811430086642,Odaipatti,village,False,False,agricultural_burn,"Agricultural cropland near Odaipatti (village, 4.0 km)",1034798587,False,,,1,1,agricultural_burn,0.987
9.80197,78.22791,339.14,0.55,0.51,2026-07-28,845,N,VIIRS,n,2.0NRT,300.06,7.44,D,4.656339980058534,industrial,unnamed,tn_central,9.8380914,78.2064101,726539280,,,1.6485320895916875,Kaliyanthur,village,False,False,agricultural_burn,"Agricultural cropland near Kaliyanthur (village, 1.6 km)",726539280,False,,,1,1,agricultural_burn,0.985
9.80313,78.22618,332.76,0.55,0.51,2026-07-28,845,N,VIIRS,n,2.0NRT,299.46,2.27,D,4.450267436551513,industrial,unnamed,tn_central,9.8380914,78.2064101,726539280,,,1.5606564096387996,Kaliyanthur,village,False,False,agricultural_burn,"Agricultural cropland near Kaliyanthur (village, 1.6 km)",726539280,False,,,1,1,agricultural_burn,0.985
9.82735,78.48631,332.45,0.57,0.52,2026-07-28,845,N,VIIRS,n,2.0NRT,298.02,1.45,D,4.002720230261628,industrial,unnamed,tn_central,9.8051432,78.5150623,442418283,,,2.3740586511211115,Sivaganga,town,False,False,urban_commercial_fire,Urban / Commercial area (Sivaganga),442418283,False,,,1,1,urban_commercial_fire,0.982
9.97086,78.28806,344.29,0.55,0.51,2026-07-28,845,N,VIIRS,n,2.0NRT,299.29,13.0,D,3.2320761393687545,industrial,unnamed,tn_central,9.9979705,78.2774156,773664994,,,4.103797228331982,Therkutheru,village,False,False,agricultural_burn,"Agricultural cropland near Therkutheru (village, 4.1 km)",773664994,False,,,1,1,agricultural_burn,0.981
9.97502,77.99715,342.3,0.53,0.5,2026-07-28,845,N,VIIRS,n,2.0NRT,297.0,8.77,D,4.872116023523356,industrial,Vadapalanji IT SEZ,tn_central,9.9312285,77.9986372,1034798587,,,4.246801554662447,Samayanallur,town,True,False,wildfire,Forest / Woodland reserve near Samayanallur,1034798587,False,,,1,1,wildfire,0.915
9.97569,78.00208,342.24,0.53,0.5,2026-07-28,845,N,VIIRS,n,2.0NRT,296.65,8.77,D,4.781493336768912,industrial,unnamed,tn_central,9.9634869,78.0439453,990848644,,,3.701900758801362,Samayanallur,town,True,False,wildfire,Forest / Woodland reserve near Samayanallur,990848644,False,,,1,1,wildfire,0.917
8.74475,80.23344,309.37,0.42,0.61,2026-07-28,1940,N,VIIRS,n,2.0NRT,289.5,1.43,N,117.74391527518615,industrial,Arkay Energy (Rameswaram) Ltd,cpcb_verified,9.2876,79.3129,cpcb_27,Arkay Energy (Rameswaram) Ltd,Powerplant,4.230719849093121,Andiyapuliyankulam,village,False,False,agricultural_burn,"Agricultural cropland near Andiyapuliyankulam (village, 4.2 km)",cpcb_27,False,,,0,1,agricultural_burn,0.983
9.52289,77.7887,329.19,0.62,0.71,2026-07-28,1940,N,VIIRS,n,2.0NRT,286.83,6.1,N,26.006026802840367,industrial,unnamed,tn_central,9.5822502,78.0181003,751731783,,,5.385493636035115,Thiruthangal,suburb,False,False,scrub_biomass_burn,Rural scrubland / open biomass near Thiruthangal (5.4 km),751731783,False,,,0,1,scrub_biomass_burn,0.983
12.09085,77.04575,296.82,0.75,0.77,2026-07-28,1940,N,VIIRS,n,2.0NRT,277.43,1.2,N,88.73602433184337,industrial,Madras Aluminium Company Ltd (MALCO),cpcb_verified,11.788,77.8004,cpcb_0,Madras Aluminium Company Ltd (MALCO),Aluminium,0.647209534339691,Honnuru,village,False,False,agricultural_burn,"Agricultural cropland near Honnuru (village, 0.6 km)",cpcb_0,False,,,0,1,agricultural_burn,0.986
12.09363,77.04418,296.1,0.75,0.77,2026-07-28,1940,N,VIIRS,n,2.0NRT,275.79,1.11,N,89.01124096391857,industrial,Madras Aluminium Company Ltd (MALCO),cpcb_verified,11.788,77.8004,cpcb_0,Madras Aluminium Company Ltd (MALCO),Aluminium,0.2999777631755324,Honnuru,village,False,False,agricultural_burn,"Agricultural cropland near Honnuru (village, 0.3 km)",cpcb_0,False,,,0,1,agricultural_burn,0.986
12.84878,79.90265,320.6,0.5,0.65,2026-07-28,1940,N,VIIRS,n,2.0NRT,284.81,1.97,N,1.3251967343061395,industrial,unnamed,tn_north,12.8375348,79.8986017,940994472,,,4.280711603327578,Oragadam Industrial Estate,suburb,False,False,industrial_fire,Industrial facility (Industrial facility),940994472,False,3.325,1.660210829985156,0,1,industrial_fire,0.985
12.85486,79.90347,311.46,0.5,0.65,2026-07-28,1940,N,VIIRS,n,2.0NRT,285.09,1.97,N,1.9974624298299184,industrial,unnamed,tn_north,12.8375348,79.8986017,940994472,,,3.824325181557679,Echoor,village,False,False,industrial_fire,Industrial facility (Industrial facility),940994472,False,3.325,1.660210829985156,0,1,industrial_fire,0.92
8.29751,77.85287,339.11,0.41,0.37,2026-07-29,826,N,VIIRS,n,2.0NRT,301.63,4.1,D,59.66115977485202,industrial,Sun Paper Mills Limited,cpcb_verified,8.6822,77.4747,cpcb_28,Sun Paper Mills Limited,Pulp & Paper,1.9277942254498144,Karaichuthupudur,village,False,False,agricultural_burn,"Agricultural cropland near Karaichuthupudur (village, 1.9 km)",cpcb_28,False,,,1,1,agricultural_burn,0.987
8.58268,77.97133,336.84,0.42,0.37,2026-07-29,826,N,VIIRS,n,2.0NRT,302.47,1.81,D,27.02384953433593,industrial,Coastal Energen Power Ltd,cpcb_verified,8.7642,78.1348,cpcb_25,Sterlite Industries (India) Ltd - Copper Smelter,Copper,1.885896643368586,Prakasapuram,village,False,False,agricultural_burn,"Agricultural cropland near Prakasapuram (village, 1.9 km)",cpcb_25,False,,,1,1,agricultural_burn,0.987
8.75761,78.18333,332.21,0.42,0.38,2026-07-29,826,N,VIIRS,l,2.0NRT,304.4,4.22,D,5.383433335689409,industrial,Coastal Energen Power Ltd,cpcb_verified,8.7642,78.1348,cpcb_25,Sterlite Industries (India) Ltd - Copper Smelter,Copper,0.6467138754417521,Tuticorin Port,suburb,False,False,urban_commercial_fire,Urban / Commercial area (Tuticorin Port),cpcb_25,False,,,1,0,urban_commercial_fire,0.985
8.76182,78.11587,334.4,0.42,0.38,2026-07-29,826,N,VIIRS,l,2.0NRT,306.33,3.45,D,2.09711440453814,industrial,Coastal Energen Power Ltd,cpcb_verified,8.7642,78.1348,cpcb_25,Sterlite Industries (India) Ltd - Copper Smelter,Copper,1.6446368390909232,Mukkudu,suburb,False,False,urban_commercial_fire,Urban / Commercial area (Mukkudu),cpcb_25,False,,,1,0,urban_commercial_fire,0.983
8.7653,78.11536,342.28,0.42,0.38,2026-07-29,826,N,VIIRS,n,2.0NRT,307.42,3.45,D,2.1398851138876305,industrial,Coastal Energen Power Ltd,cpcb_verified,8.7642,78.1348,cpcb_25,Sterlite Industries (India) Ltd - Copper Smelter,Copper,1.5488052867545523,Mukkudu,suburb,False,False,urban_commercial_fire,Urban / Commercial area (Mukkudu),cpcb_25,False,,,1,1,urban_commercial_fire,0.983
8.82257,77.99003,338.02,0.42,0.38,2026-07-29,826,N,VIIRS,n,2.0NRT,304.25,2.84,D,9.580057993035236,industrial,IND Barath Thermal Power Ltd,cpcb_verified,8.8894,77.935,cpcb_13,IND Barath Thermal Power Ltd,Powerplant,7.209061419128348,Puthiamputhur,town,False,False,scrub_biomass_burn,Rural scrubland / open biomass near Puthiamputhur (7.2 km),cpcb_13,False,,,1,1,scrub_biomass_burn,0.983
8.88115,78.08689,337.1,0.42,0.38,2026-07-29,826,N,VIIRS,n,2.0NRT,303.85,1.99,D,14.029377315935443,industrial,Coastal Energen Power Ltd,cpcb_verified,8.7642,78.1348,cpcb_25,Sterlite Industries (India) Ltd - Copper Smelter,Copper,5.593543182866351,Kurukkuchalai,village,False,False,scrub_biomass_burn,Rural scrubland / open biomass near Kurukkuchalai (5.6 km),cpcb_25,False,,,1,1,scrub_biomass_burn,0.983
8.8852,78.14909,338.73,0.42,0.38,2026-07-29,826,N,VIIRS,n,2.0NRT,302.93,3.18,D,13.545896325364838,industrial,Coastal Energen Power Ltd,cpcb_verified,8.7642,78.1348,cpcb_25,Sterlite Industries (India) Ltd - Copper Smelter,Copper,2.7003060519857764,Tharuvaikulam,village,False,False,agricultural_burn,"Agricultural cropland near Tharuvaikulam (village, 2.7 km)",cpcb_25,False,,,1,1,agricultural_burn,0.986
8.90893,77.81869,341.62,0.41,0.37,2026-07-29,826,N,VIIRS,n,2.0NRT,302.7,10.84,D,12.960626054423178,industrial,IND Barath Thermal Power Ltd,cpcb_verified,8.8894,77.935,cpcb_13,IND Barath Thermal Power Ltd,Powerplant,6.680535153020255,Kayathar,town,False,False,scrub_biomass_burn,Rural scrubland / open biomass near Kayathar (6.7 km),cpcb_13,False,,,1,1,scrub_biomass_burn,0.983
8.97896,77.77712,337.65,0.41,0.37,2026-07-29,826,N,VIIRS,n,2.0NRT,301.85,2.59,D,19.99837420575687,industrial,IND Barath Thermal Power Ltd,cpcb_verified,8.8894,77.935,cpcb_13,IND Barath Thermal Power Ltd,Powerplant,3.4863214839444656,Kayathar,town,False,False,scrub_biomass_burn,Rural scrubland / open biomass near Kayathar (3.5 km),cpcb_13,False,,,1,1,scrub_biomass_burn,0.982
9.0831,79.75172,346.38,0.5,0.41,2026-07-29,826,N,VIIRS,n,2.0NRT,297.86,10.9,D,53.26645996384335,industrial,Arkay Energy (Rameswaram) Ltd,cpcb_verified,9.2876,79.3129,cpcb_27,Arkay Energy (Rameswaram) Ltd,Powerplant,2.936117776439627,Mullitidal,village,False,False,agricultural_burn,"Agricultural cropland near Mullitidal (village, 2.9 km)",cpcb_27,False,,,1,1,agricultural_burn,0.986
9.1993,77.54581,337.29,0.41,0.37,2026-07-29,826,N,VIIRS,n,2.0NRT,305.47,2.05,D,54.89960988917166,industrial,IND Barath Thermal Power Ltd,cpcb_verified,8.8894,77.935,cpcb_13,IND Barath Thermal Power Ltd,Powerplant,0.3142460622283756,Puliyampatti,village,False,False,agricultural_burn,"Agricultural cropland near Puliyampatti (village, 0.3 km)",cpcb_13,False,,,1,1,agricultural_burn,0.987
9.25136,77.66355,338.1,0.41,0.37,2026-07-29,826,N,VIIRS,n,2.0NRT,306.83,4.31,D,50.08323743221318,industrial,IND Barath Thermal Power Ltd,cpcb_verified,8.8894,77.935,cpcb_13,IND Barath Thermal Power Ltd,Powerplant,1.511372029744808,Thiruvengadam,village,False,False,agricultural_burn,"Agricultural cropland near Thiruvengadam (village, 1.5 km)",cpcb_13,False,,,1,1,agricultural_burn,0.987
9.3046,77.64411,334.57,0.41,0.37,2026-07-29,826,N,VIIRS,l,2.0NRT,304.77,2.91,D,51.34181606355056,industrial,unnamed,tn_central,9.5822502,78.0181003,751731783,,,2.7578903034270645,Valaiyapatti,village,False,False,agricultural_burn,"Agricultural cropland near Valaiyapatti (village, 2.8 km)",751731783,False,,,1,0,agricultural_burn,0.987
9.47316,77.58399,331.22,0.41,0.37,2026-07-29,826,N,VIIRS,n,2.0NRT,297.16,1.3,D,49.12614903934206,industrial,unnamed,tn_central,9.5822502,78.0181003,751731783,,,1.0083013852658562,K. Thottiapatti,village,True,False,wildfire,Forest / Woodland reserve near K. Thottiapatti,751731783,False,,,1,1,wildfire,0.939
9.47729,78.72331,347.9,0.45,0.39,2026-07-29,826,N,VIIRS,n,2.0NRT,294.87,7.04,D,9.333271703965025,industrial,unnamed,tn_central,9.4991424,78.6411443,477564304,,,7.303557351690189,Bogalur,village,False,False,scrub_biomass_burn,Rural scrubland / open biomass near Bogalur (7.3 km),477564304,False,,,1,1,scrub_biomass_burn,0.983
9.52072,77.78873,338.12,0.42,0.37,2026-07-29,826,N,VIIRS,n,2.0NRT,292.18,4.67,D,26.06521683985193,industrial,unnamed,tn_central,9.5822502,78.0181003,751731783,,,5.159554558020532,Thiruthangal,suburb,False,False,scrub_biomass_burn,Rural scrubland / open biomass near Thiruthangal (5.2 km),751731783,False,,,1,1,scrub_biomass_burn,0.984
9.58143,78.25474,336.96,0.43,0.38,2026-07-29,826,N,VIIRS,n,2.0NRT,298.28,4.08,D,3.257469145047396,industrial,unnamed,tn_central,9.5796728,78.284396,1268376347,,,4.561155296920884,Kadukondan,village,False,False,agricultural_burn,"Agricultural cropland near Kadukondan (village, 4.6 km)",1268376347,False,,,1,1,agricultural_burn,0.98
9.58553,78.25816,341.53,0.43,0.38,2026-07-29,826,N,VIIRS,n,2.0NRT,298.37,4.08,D,2.9494116807940265,industrial,unnamed,tn_central,9.5796728,78.284396,1268376347,,,4.147613713219553,Kadukondan,village,False,False,agricultural_burn,"Agricultural cropland near Kadukondan (village, 4.1 km)",1268376347,False,,,1,1,agricultural_burn,0.98
9.66807,77.62719,340.58,0.41,0.37,2026-07-29,826,N,VIIRS,n,2.0NRT,286.89,5.53,D,43.90493500852466,industrial,unnamed,tn_central,9.5822502,78.0181003,751731783,,,3.7648606846757935,Watrap,village,False,False,agricultural_burn,"Agricultural cropland near Watrap (village, 3.8 km)",751731783,False,,,1,1,agricultural_burn,0.987
9.80126,78.333,342.03,0.44,0.38,2026-07-29,826,N,VIIRS,n,2.0NRT,294.11,56.82,D,5.4766961730938055,industrial,unnamed,tn_central,9.8251284,78.289277,986279206,,,2.9232368747626216,Thiruppachethi,village,True,False,wildfire,Forest / Woodland reserve near Thiruppachethi,986279206,False,1.38,0.69,1,1,wildfire,0.98
9.80157,78.23517,332.59,0.43,0.38,2026-07-29,826,N,VIIRS,n,2.0NRT,296.11,5.94,D,5.140147446770902,industrial,unnamed,tn_central,9.8380914,78.2064101,726539280,,,1.770379556536051,Kaliyanthur,village,False,False,agricultural_burn,"Agricultural cropland near Kaliyanthur (village, 1.8 km)",726539280,False,,,1,1,agricultural_burn,0.985
9.81908,78.28135,332.5,0.44,0.38,2026-07-29,826,N,VIIRS,n,2.0NRT,296.22,1.38,D,1.0984789908545327,industrial,unnamed,tn_central,9.8251284,78.289277,986279206,,,1.260708287363402,Harijan Colony,village,False,False,industrial_fire,Industrial facility (Industrial facility),986279206,False,1.38,0.69,1,1,industrial_fire,0.985
10.81956,78.61797,330.54,0.46,0.39,2026-07-29,826,N,VIIRS,n,2.0NRT,295.85,1.7,D,6.583112172781171,industrial,unnamed,tn_central,10.7604637,78.6143473,1410857831,,,0.3736413213035263,Adavathur,village,False,False,agricultural_burn,"Agricultural cropland near Adavathur (village, 0.4 km)",1410857831,False,,,1,1,agricultural_burn,0.986
10.86712,79.06342,330.87,0.49,0.4,2026-07-29,826,N,VIIRS,n,2.0NRT,282.62,1.98,D,13.290388610906152,industrial,Central Warehouse Corporation,tn_central,10.7609707,79.119351,46889259,,,1.0948532176221408,Thiruvalampozil,village,False,False,agricultural_burn,"Agricultural cropland near Thiruvalampozil (village, 1.1 km)",46889259,False,,,1,1,agricultural_burn,0.985
11.02335,79.08336,348.61,0.49,0.4,2026-07-29,826,N,VIIRS,n,2.0NRT,292.04,10.91,D,1.7729966233167127,industrial,Sugar Factory,tn_central,11.0074056,79.0834939,541287337,,,1.8707736908604653,Karuvidacheri,village,False,False,industrial_fire,Industrial facility (Sugar Factory),541287337,False,10.91,5.455,1,1,industrial_fire,0.985
8.75877,78.18235,309.25,0.33,0.56,2026-07-29,2101,N,VIIRS,n,2.0NRT,281.3,0.68,N,5.260387393946569,industrial,Coastal Energen Power Ltd,cpcb_verified,8.7642,78.1348,cpcb_25,Sterlite Industries (India) Ltd - Copper Smelter,Copper,0.6065785406149448,Tuticorin Port,suburb,False,False,urban_commercial_fire,Urban / Commercial area (Tuticorin Port),cpcb_25,False,,,0,1,urban_commercial_fire,0.985
8.76074,78.18166,304.88,0.33,0.56,2026-07-29,2101,N,VIIRS,n,2.0NRT,281.08,0.79,N,5.164129727387866,industrial,Coastal Energen Power Ltd,cpcb_verified,8.7642,78.1348,cpcb_25,Sterlite Industries (India) Ltd - Copper Smelter,Copper,0.7016677008568978,Tuticorin Port,suburb,False,False,urban_commercial_fire,Urban / Commercial area (Tuticorin Port),cpcb_25,False,,,0,1,urban_commercial_fire,0.984
9.67876,78.34206,308.0,0.33,0.55,2026-07-29,2101,N,VIIRS,n,2.0NRT,268.94,0.73,N,9.193077005613972,industrial,unnamed,tn_central,9.7404361,78.3979171,727316888,,,9.777040371587889,Nayanendal,village,False,False,scrub_biomass_burn,Rural scrubland / open biomass near Nayanendal (9.8 km),727316888,False,9.66,4.83,0,1,scrub_biomass_burn,0.981
10.07832,77.46371,302.69,0.57,0.52,2026-07-29,2101,N,VIIRS,n,2.0NRT,268.42,1.38,N,60.81724589596276,industrial,Vadapalanji IT SEZ,tn_central,9.9312285,77.9986372,1034798587,,,5.197309530808306,Rathinam Nagar,suburb,False,False,scrub_biomass_burn,Rural scrubland / open biomass near Rathinam Nagar (5.2 km),1034798587,False,,,0,1,scrub_biomass_burn,0.983
10.07843,77.46563,297.81,0.57,0.52,2026-07-29,2101,N,VIIRS,n,2.0NRT,268.17,0.97,N,60.61806254633169,industrial,Vadapalanji IT SEZ,tn_central,9.9312285,77.9986372,1034798587,,,5.1040211493803165,Rathinam Nagar,suburb,False,False,scrub_biomass_burn,Rural scrubland / open biomass near Rathinam Nagar (5.1 km),1034798587,False,,,0,1,scrub_biomass_burn,0.982
8.76042,78.18317,348.9,0.43,0.38,2026-07-30,807,N,VIIRS,n,2.0NRT,303.97,17.24,D,5.33231651491681,industrial,Coastal Energen Power Ltd,cpcb_verified,8.7642,78.1348,cpcb_25,Sterlite Industries (India) Ltd - Copper Smelter,Copper,0.7899727456259953,Tuticorin Port,suburb,False,False,urban_commercial_fire,Urban / Commercial area (Tuticorin Port),cpcb_25,False,,,1,1,urban_commercial_fire,0.984
8.79642,77.38033,338.12,0.47,0.4,2026-07-30,807,N,VIIRS,n,2.0NRT,301.18,6.88,D,11.99909523234568,industrial,Empee Sugars and Chemicals Ltd,cpcb_verified,8.7089,77.4442,cpcb_38,Empee Sugars and Chemicals Ltd,Sugar,0.6419947051197398,Ravanasamudram,village,True,False,wildfire,Forest / Woodland reserve near Ravanasamudram,cpcb_38,False,,,1,1,wildfire,0.982
9.38353,78.76695,340.52,0.41,0.37,2026-07-30,807,N,VIIRS,l,2.0NRT,301.84,5.79,D,8.2533385243392,industrial,Coromandel Electric Company Ltd,cpcb_verified,9.3639,78.8395,cpcb_24,Pioneer Power Ltd,Powerplant,1.89998121925325,Chittur,village,False,False,agricultural_burn,"Agricultural cropland near Chittur (village, 1.9 km)",cpcb_24,False,,,1,0,agricultural_burn,0.987
9.38694,78.7664,342.31,0.41,0.37,2026-07-30,807,N,VIIRS,l,2.0NRT,300.94,5.79,D,8.419039678516382,industrial,Coromandel Electric Company Ltd,cpcb_verified,9.3639,78.8395,cpcb_24,Pioneer Power Ltd,Powerplant,1.9342876560162896,Chittur,village,False,False,agricultural_burn,"Agricultural cropland near Chittur (village, 1.9 km)",cpcb_24,False,,,1,0,agricultural_burn,0.987
9.4207,77.59469,335.14,0.45,0.39,2026-07-30,807,N,VIIRS,l,2.0NRT,300.14,4.93,D,49.788698515546805,industrial,unnamed,tn_central,9.5822502,78.0181003,751731783,,,0.6352274595699946,Chatrapatti,village,False,False,agricultural_burn,"Agricultural cropland near Chatrapatti (village, 0.6 km)",751731783,False,,,1,0,agricultural_burn,0.987
9.42457,78.00139,340.54,0.43,0.38,2026-07-30,807,N,VIIRS,n,2.0NRT,303.21,11.45,D,16.476521518372838,industrial,unnamed,tn_central,9.5451952,78.0886407,906837193,,,2.252152264229566,Kottaiyur,village,False,False,agricultural_burn,"Agricultural cropland near Kottaiyur (village, 2.3 km)",906837193,False,,,1,1,agricultural_burn,0.987
9.43894,78.78815,336.46,0.41,0.37,2026-07-30,807,N,VIIRS,l,2.0NRT,301.03,2.5,D,10.067571968758678,industrial,Coromandel Electric Company Ltd,cpcb_verified,9.3639,78.8395,cpcb_24,Pioneer Power Ltd,Powerplant,0.8977236768788939,Kolattur,village,False,False,agricultural_burn,"Agricultural cropland near Kolattur (village, 0.9 km)",cpcb_24,False,,,1,0,agricultural_burn,0.986
9.44644,78.11435,339.45,0.43,0.38,2026-07-30,807,N,VIIRS,l,2.0NRT,304.63,10.3,D,6.9881452246757085,industrial,unnamed,tn_central,9.5036327,78.1407603,906837199,,,5.607264370795937,Attipatti,village,False,False,scrub_biomass_burn,Rural scrubland / open biomass near Attipatti (5.6 km),906837199,False,,,1,0,scrub_biomass_burn,0.983
9.75948,80.2087,331.85,0.38,0.36,2026-07-30,807,N,VIIRS,n,2.0NRT,292.84,2.82,D,99.39396778397244,industrial,unnamed,tn_central,10.430444,79.6088047,651535389,,,2.2461516628068687,Yarkkaru,village,False,False,agricultural_burn,"Agricultural cropland near Yarkkaru (village, 2.2 km)",651535389,False,,,1,1,agricultural_burn,0.987
11.80949,77.92529,332.04,0.42,0.37,2026-07-30,807,N,VIIRS,l,2.0NRT,290.43,2.64,D,13.802153685376425,industrial,Madras Aluminium Company Ltd (MALCO),cpcb_verified,11.788,77.8004,cpcb_0,Madras Aluminium Company Ltd (MALCO),Aluminium,0.9417859199308344,Kukkalpatti,village,False,False,agricultural_burn,"Agricultural cropland near Kukkalpatti (village, 0.9 km)",cpcb_0,False,,,1,0,agricultural_burn,0.987
11.18101,79.10186,309.47,0.52,0.42,2026-07-30,2042,N,VIIRS,n,2.0NRT,291.65,1.02,N,0.6486668537325374,plant,unnamed,tn_central,11.1860116,79.1049206,1468887795,,,0.6852286913302341,Thamaraikulam,village,False,False,industrial_fire,Industrial facility (Industrial facility),1468887795,False,1.016,0.6221977177714492,0,1,industrial_fire,0.985
11.38616,79.683,311.95,0.56,0.43,2026-07-30,2042,N,VIIRS,n,2.0NRT,290.97,1.23,N,16.18402250128887,industrial,unnamed,tn_central,11.4481361,79.5486497,165199027,,,1.71560971493655,Chidambaram,town,False,False,urban_commercial_fire,Urban / Commercial area (Chidambaram),165199027,False,6.1,3.05,0,1,urban_commercial_fire,0.978
11.81484,77.91745,306.28,0.45,0.39,2026-07-30,2042,N,VIIRS,n,2.0NRT,274.94,1.22,N,13.085147123775451,industrial,Madras Aluminium Company Ltd (MALCO),cpcb_verified,11.788,77.8004,cpcb_0,Madras Aluminium Company Ltd (MALCO),Aluminium,0.7669834378625393,Kukkalpatti,village,False,False,agricultural_burn,"Agricultural cropland near Kukkalpatti (village, 0.8 km)",cpcb_0,False,,,0,1,agricultural_burn,0.986
12.05815,79.04545,309.65,0.5,0.41,2026-07-30,2042,N,VIIRS,n,2.0NRT,286.37,1.01,N,20.78380951650631,industrial,unnamed,tn_central,12.2403156,79.0882692,1390499800,,,5.152837842885141,Sakkaratamadai,village,False,False,scrub_biomass_burn,Rural scrubland / open biomass near Sakkaratamadai (5.2 km),1390499800,False,,,0,1,scrub_biomass_burn,0.977
8.75744,78.18471,318.65,0.5,0.41,2026-07-30,2044,N,VIIRS,n,2.0NRT,291.46,2.68,N,5.536255064833114,industrial,Coastal Energen Power Ltd,cpcb_verified,8.7642,78.1348,cpcb_25,Sterlite Industries (India) Ltd - Copper Smelter,Copper,0.7871451597395885,Tuticorin Port,suburb,False,False,urban_commercial_fire,Urban / Commercial area (Tuticorin Port),cpcb_25,False,,,0,1,urban_commercial_fire,0.984
8.75825,78.18236,322.93,0.5,0.41,2026-07-30,2044,N,VIIRS,n,2.0NRT,291.61,2.79,N,5.268431231638441,industrial,Coastal Energen Power Ltd,cpcb_verified,8.7642,78.1348,cpcb_25,Sterlite Industries (India) Ltd - Copper Smelter,Copper,0.5775162400557713,Tuticorin Port,suburb,False,False,urban_commercial_fire,Urban / Commercial area (Tuticorin Port),cpcb_25,False,,,0,1,urban_commercial_fire,0.985
10.06893,77.45542,304.87,0.45,0.39,2026-07-30,2044,N,VIIRS,n,2.0NRT,289.51,1.52,N,61.42434070612769,industrial,Vadapalanji IT SEZ,tn_central,9.9312285,77.9986372,1034798587,,,4.940087195543419,Rathinam Nagar,suburb,False,False,scrub_biomass_burn,Rural scrubland / open biomass near Rathinam Nagar (4.9 km),1034798587,False,,,0,1,scrub_biomass_burn,0.981
10.06937,77.45595,315.82,0.45,0.39,2026-07-30,2044,N,VIIRS,n,2.0NRT,289.7,1.57,N,61.380323112208096,industrial,Vadapalanji IT SEZ,tn_central,9.9312285,77.9986372,1034798587,,,4.932788609777323,Rathinam Nagar,suburb,False,False,scrub_biomass_burn,Rural scrubland / open biomass near Rathinam Nagar (4.9 km),1034798587,False,,,0,1,scrub_biomass_burn,0.981
10.07186,77.45966,316.99,0.45,0.39,2026-07-30,2044,N,VIIRS,n,2.0NRT,289.88,2.08,N,61.05717437773767,industrial,Vadapalanji IT SEZ,tn_central,9.9312285,77.9986372,1034798587,,,4.863545575442079,Rathinam Nagar,suburb,False,False,scrub_biomass_burn,Rural scrubland / open biomass near Rathinam Nagar (4.9 km),1034798587,False,,,0,1,scrub_biomass_burn,0.981
10.07229,77.46024,315.86,0.45,0.39,2026-07-30,2044,N,VIIRS,n,2.0NRT,290.16,1.69,N,61.008019722127614,industrial,Vadapalanji IT SEZ,tn_central,9.9312285,77.9986372,1034798587,,,4.860669944838686,Rathinam Nagar,suburb,False,False,scrub_biomass_burn,Rural scrubland / open biomass near Rathinam Nagar (4.9 km),1034798587,False,,,0,1,scrub_biomass_burn,0.981
10.07259,77.45537,314.65,0.45,0.39,2026-07-30,2044,N,VIIRS,n,2.0NRT,289.73,1.52,N,61.53202121067859,industrial,Vadapalanji IT SEZ,tn_central,9.9312285,77.9986372,1034798587,,,5.2342690604137685,Rathinam Nagar,suburb,False,False,scrub_biomass_burn,Rural scrubland / open biomass near Rathinam Nagar (5.2 km),1034798587,False,,,0,1,scrub_biomass_burn,0.983
10.073,77.45592,304.93,0.45,0.39,2026-07-30,2044,N,VIIRS,n,2.0NRT,289.51,1.57,N,61.48543041048118,industrial,Vadapalanji IT SEZ,tn_central,9.9312285,77.9986372,1034798587,,,5.227185500931858,Rathinam Nagar,suburb,False,False,scrub_biomass_burn,Rural scrubland / open biomass near Rathinam Nagar (5.2 km),1034798587,False,,,0,1,scrub_biomass_burn,0.983
10.1495,77.43031,302.15,0.44,0.39,2026-07-30,2044,N,VIIRS,n,2.0NRT,287.93,0.47,N,52.57588586346918,industrial,Amaravathy Co-Op Sugar Mills (Distillery),cpcb_verified,10.5876,77.2495,cpcb_4,Amaravathy Co-Op Sugar Mills (Distillery),Distillery,4.547450753347492,Agamalai,village,False,False,agricultural_burn,"Agricultural cropland near Agamalai (village, 4.5 km)",cpcb_4,False,,,0,1,agricultural_burn,0.985
10.48855,77.36834,312.42,0.44,0.38,2026-07-30,2044,N,VIIRS,n,2.0NRT,285.55,1.32,N,17.031874320332715,industrial,Amaravathy Co-Op Sugar Mills (Distillery),cpcb_verified,10.5876,77.2495,cpcb_4,Amaravathy Co-Op Sugar Mills (Distillery),Distillery,0.845512548350387,Kolumam,village,False,False,agricultural_burn,"Agricultural cropland near Kolumam (village, 0.8 km)",cpcb_4,False,,,0,1,agricultural_burn,0.986
10.62847,77.43987,308.52,0.44,0.38,2026-07-30,2044,N,VIIRS,n,2.0NRT,286.02,0.88,N,21.296930321506228,industrial,Amaravathy Co-Op Sugar Mills (Distillery),cpcb_verified,10.5876,77.2495,cpcb_4,Amaravathy Co-Op Sugar Mills (Distillery),Distillery,6.888343892067334,Alangiyam,village,False,False,scrub_biomass_burn,Rural scrubland / open biomass near Alangiyam (6.9 km),cpcb_4,False,,,0,1,scrub_biomass_burn,0.981
11.18424,77.27874,298.74,0.43,0.38,2026-07-30,2044,N,VIIRS,n,2.0NRT,274.7,0.45,N,66.42012477511862,industrial,Amaravathy Co-Op Sugar Mills (Distillery),cpcb_verified,10.5876,77.2495,cpcb_4,Amaravathy Co-Op Sugar Mills (Distillery),Distillery,0.5127038256416687,Kaikattipudur,suburb,False,False,urban_commercial_fire,Urban / Commercial area (Kaikattipudur),cpcb_4,False,,,0,1,urban_commercial_fire,0.982
9.45786,78.62679,340.37,0.4,0.6,2026-07-21,735,N,VIIRS,n,2.0NRT,276.45,3.77,D,4.852858941462757,industrial,unnamed,tn_central,9.4991424,78.6411443,477564304,,,10.0110318487921,Paramakkudi,town,False,False,scrub_biomass_burn,Rural scrubland / open biomass near Paramakkudi (10.0 km),477564304,False,,,1,1,scrub_biomass_burn,0.983
9.4586,78.62737,338.9,0.4,0.6,2026-07-21,735,N,VIIRS,n,2.0NRT,276.05,3.84,D,4.754505575125981,industrial,unnamed,tn_central,9.4991424,78.6411443,477564304,,,9.95946739534056,Paramakkudi,town,False,False,scrub_biomass_burn,Rural scrubland / open biomass near Paramakkudi (10.0 km),477564304,False,,,1,1,scrub_biomass_burn,0.983
9.54116,78.7685,335.35,0.39,0.59,2026-07-21,735,N,VIIRS,n,2.0NRT,268.8,11.88,D,14.727037826000595,industrial,unnamed,tn_central,9.4991424,78.6411443,477564304,,,8.17014089383196,Nainarkovil,village,False,False,scrub_biomass_burn,Rural scrubland / open biomass near Nainarkovil (8.2 km),477564304,False,,,1,1,scrub_biomass_burn,0.983
9.54182,78.77206,357.19,0.39,0.59,2026-07-21,735,N,VIIRS,l,2.0NRT,275.21,11.88,D,15.120639188964123,industrial,unnamed,tn_central,9.4991424,78.6411443,477564304,,,8.029622175313877,Kollampachcheri,village,False,False,scrub_biomass_burn,Rural scrubland / open biomass near Kollampachcheri (8.0 km),477564304,False,,,1,0,scrub_biomass_burn,0.983
9.54248,78.77563,356.42,0.39,0.59,2026-07-21,735,N,VIIRS,n,2.0NRT,273.77,17.56,D,15.09311855384254,construction,Uppur Power Plant,tn_central,9.5816578,78.9074198,1181414705,,,7.684125181334265,Kollampachcheri,village,False,False,scrub_biomass_burn,Rural scrubland / open biomass near Kollampachcheri (7.7 km),1181414705,False,,,1,1,scrub_biomass_burn,0.983
9.54728,78.77107,358.04,0.39,0.59,2026-07-21,735,N,VIIRS,l,2.0NRT,269.9,11.88,D,15.22024353389623,industrial,unnamed,tn_central,9.4991424,78.6411443,477564304,,,7.743547529761099,Kollampachcheri,village,False,False,scrub_biomass_burn,Rural scrubland / open biomass near Kollampachcheri (7.7 km),477564304,False,,,1,0,scrub_biomass_burn,0.983
9.54794,78.77464,358.05,0.39,0.59,2026-07-21,735,N,VIIRS,l,2.0NRT,270.3,17.56,D,15.034189396895435,construction,Uppur Power Plant,tn_central,9.5816578,78.9074198,1181414705,,,7.384962877123892,Kollampachcheri,village,False,False,scrub_biomass_burn,Rural scrubland / open biomass near Kollampachcheri (7.4 km),1181414705,False,,,1,0,scrub_biomass_burn,0.983
12.13372,77.06586,351.57,0.46,0.63,2026-07-21,737,N,VIIRS,n,2.0NRT,282.15,6.15,D,88.67024678609292,industrial,Madras Aluminium Company Ltd (MALCO),cpcb_verified,11.788,77.8004,cpcb_0,Madras Aluminium Company Ltd (MALCO),Aluminium,1.305603537377575,Teramballi,village,False,False,agricultural_burn,"Agricultural cropland near Teramballi (village, 1.3 km)",cpcb_0,False,,,1,1,agricultural_burn,0.987
12.74624,77.61856,306.17,0.42,0.45,2026-07-21,2010,N,VIIRS,n,2.0NRT,284.47,0.85,N,22.43002703527625,industrial,Sanmar Speciality Chemicals Ltd,cpcb_verified,12.7409,77.8253,cpcb_12,Sanmar Speciality Chemicals Ltd,Pharma,0.967104628521988,Krishnadoddi,village,False,False,agricultural_burn,"Agricultural cropland near Krishnadoddi (village, 1.0 km)",cpcb_12,False,,,0,1,agricultural_burn,0.987
13.29847,78.88514,305.11,0.53,0.42,2026-07-21,2010,N,VIIRS,n,2.0NRT,288.92,0.6,N,16.783291614333205,industrial,unnamed,tn_north,13.3195981,79.0387143,1264681434,,,1.5069378269345262,Krishnapuram,village,False,False,agricultural_burn,"Agricultural cropland near Krishnapuram (village, 1.5 km)",1264681434,False,,,0,1,agricultural_burn,0.983
10.61256,77.49836,303.25,0.4,0.44,2026-07-21,2012,N,VIIRS,n,2.0NRT,273.66,0.4,N,27.34098251844524,industrial,Amaravathy Co-Op Sugar Mills (Distillery),cpcb_verified,10.5876,77.2495,cpcb_4,Amaravathy Co-Op Sugar Mills (Distillery),Distillery,2.029389949714952,Keeranur,village,False,False,agricultural_burn,"Agricultural cropland near Keeranur (village, 2.0 km)",cpcb_4,False,,,0,1,agricultural_burn,0.986
10.61532,77.42051,299.7,0.4,0.44,2026-07-21,2012,N,VIIRS,n,2.0NRT,276.19,0.5,N,18.943312109297064,industrial,Amaravathy Co-Op Sugar Mills (Distillery),cpcb_verified,10.5876,77.2495,cpcb_4,Amaravathy Co-Op Sugar Mills (Distillery),Distillery,4.788285384556072,Kaniyur,village,False,False,agricultural_burn,"Agricultural cropland near Kaniyur (village, 4.8 km)",cpcb_4,False,,,0,1,agricultural_burn,0.985
9.61574,80.34721,329.97,0.63,0.72,2026-07-22,718,N,VIIRS,n,2.0NRT,286.07,1.87,D,119.17171854303534,industrial,Arkay Energy (Rameswaram) Ltd,cpcb_verified,9.2876,79.3129,cpcb_27,Arkay Energy (Rameswaram) Ltd,Powerplant,1.820639997346282,Thampahamam,village,False,False,agricultural_burn,"Agricultural cropland near Thampahamam (village, 1.8 km)",cpcb_27,False,,,1,1,agricultural_burn,0.987
8.62434,77.78712,340.33,0.4,0.6,2026-07-22,858,N,VIIRS,n,2.0NRT,296.9,2.92,D,33.657071013937355,industrial,IND Barath Thermal Power Ltd,cpcb_verified,8.8894,77.935,cpcb_13,IND Barath Thermal Power Ltd,Powerplant,2.0619859307990858,Sivandipatti,village,False,False,agricultural_burn,"Agricultural cropland near Sivandipatti (village, 2.1 km)",cpcb_13,False,,,1,1,agricultural_burn,0.986
8.62484,77.79086,334.04,0.4,0.6,2026-07-22,858,N,VIIRS,n,2.0NRT,296.5,7.21,D,33.41157236275931,industrial,IND Barath Thermal Power Ltd,cpcb_verified,8.8894,77.935,cpcb_13,IND Barath Thermal Power Ltd,Powerplant,2.11522926437781,Sivandipatti,village,False,False,agricultural_burn,"Agricultural cropland near Sivandipatti (village, 2.1 km)",cpcb_13,False,,,1,1,agricultural_burn,0.986
8.62754,77.78538,333.88,0.4,0.6,2026-07-22,858,N,VIIRS,n,2.0NRT,296.66,3.76,D,33.43949960251792,industrial,IND Barath Thermal Power Ltd,cpcb_verified,8.8894,77.935,cpcb_13,IND Barath Thermal Power Ltd,Powerplant,1.6848110366867397,Sivandipatti,village,False,False,agricultural_burn,"Agricultural cropland near Sivandipatti (village, 1.7 km)",cpcb_13,False,,,1,1,agricultural_burn,0.986
8.62802,77.78912,367.0,0.4,0.6,2026-07-22,858,N,VIIRS,h,2.0NRT,297.66,9.48,D,33.192568901606364,industrial,IND Barath Thermal Power Ltd,cpcb_verified,8.8894,77.935,cpcb_13,IND Barath Thermal Power Ltd,Powerplant,1.7176980637837558,Sivandipatti,village,False,False,agricultural_burn,"Agricultural cropland near Sivandipatti (village, 1.7 km)",cpcb_13,False,,,1,2,agricultural_burn,0.986
8.62995,77.78645,344.03,0.4,0.6,2026-07-22,858,N,VIIRS,n,2.0NRT,296.45,2.92,D,33.148320637272484,industrial,IND Barath Thermal Power Ltd,cpcb_verified,8.8894,77.935,cpcb_13,IND Barath Thermal Power Ltd,Powerplant,1.434814506883105,Sivandipatti,village,False,False,agricultural_burn,"Agricultural cropland near Sivandipatti (village, 1.4 km)",cpcb_13,False,,,1,1,agricultural_burn,0.987
8.76218,77.69276,352.45,0.4,0.6,2026-07-22,858,N,VIIRS,n,2.0NRT,297.36,4.78,D,25.56359051079846,industrial,Sun Paper Mills Limited,cpcb_verified,8.6822,77.4747,cpcb_28,Sun Paper Mills Limited,Pulp & Paper,0.8765130630269072,Veppankulam,village,False,False,agricultural_burn,"Agricultural cropland near Veppankulam (village, 0.9 km)",cpcb_28,False,,,1,1,agricultural_burn,0.986
8.75839,78.18192,334.92,0.41,0.45,2026-07-23,837,N,VIIRS,n,2.0NRT,302.86,6.29,D,5.218511653740427,industrial,Coastal Energen Power Ltd,cpcb_verified,8.7642,78.1348,cpcb_25,Sterlite Industries (India) Ltd - Copper Smelter,Copper,0.5439015894066631,Tuticorin Port,suburb,False,False,urban_commercial_fire,Urban / Commercial area (Tuticorin Port),cpcb_25,False,,,1,1,urban_commercial_fire,0.984
8.75995,78.18253,335.62,0.41,0.45,2026-07-23,837,N,VIIRS,n,2.0NRT,303.04,3.79,D,5.26663943773977,industrial,Coastal Energen Power Ltd,cpcb_verified,8.7642,78.1348,cpcb_25,Sterlite Industries (India) Ltd - Copper Smelter,Copper,0.7026524557292249,Tuticorin Port,suburb,False,False,urban_commercial_fire,Urban / Commercial area (Tuticorin Port),cpcb_25,False,,,1,1,urban_commercial_fire,0.985
8.83569,77.65315,335.29,0.38,0.44,2026-07-23,837,N,VIIRS,n,2.0NRT,301.26,2.27,D,25.99801550811339,industrial,Sun Paper Mills Limited,cpcb_verified,8.6822,77.4747,cpcb_28,Sun Paper Mills Limited,Pulp & Paper,1.9790384944922217,Rastha,village,False,False,agricultural_burn,"Agricultural cropland near Rastha (village, 2.0 km)",cpcb_28,False,,,1,1,agricultural_burn,0.986
9.02358,78.04476,333.35,0.41,0.45,2026-07-23,837,N,VIIRS,n,2.0NRT,299.8,3.0,D,19.182181080731898,industrial,IND Barath Thermal Power Ltd,cpcb_verified,8.8894,77.935,cpcb_13,IND Barath Thermal Power Ltd,Powerplant,9.100235782899478,Pasuvanthanai,village,False,False,scrub_biomass_burn,Rural scrubland / open biomass near Pasuvanthanai (9.1 km),cpcb_13,False,,,1,1,scrub_biomass_burn,0.984
9.04247,78.23987,332.42,0.42,0.45,2026-07-23,837,N,VIIRS,n,2.0NRT,300.34,1.39,D,33.024975547794334,industrial,Coastal Energen Power Ltd,cpcb_verified,8.7642,78.1348,cpcb_25,Sterlite Industries (India) Ltd - Copper Smelter,Copper,2.1557811752020872,Vaippar,village,False,False,agricultural_burn,"Agricultural cropland near Vaippar (village, 2.2 km)",cpcb_25,False,,,1,1,agricultural_burn,0.986
9.07191,77.80376,344.78,0.4,0.44,2026-07-23,837,N,VIIRS,n,2.0NRT,307.02,6.25,D,24.892299454236426,industrial,IND Barath Thermal Power Ltd,cpcb_verified,8.8894,77.935,cpcb_13,IND Barath Thermal Power Ltd,Powerplant,6.376684756780935,Chettikurichi,village,False,False,scrub_biomass_burn,Rural scrubland / open biomass near Chettikurichi (6.4 km),cpcb_13,False,,,1,1,scrub_biomass_burn,0.983
9.12108,77.88631,339.71,0.4,0.44,2026-07-23,837,N,VIIRS,n,2.0NRT,305.6,4.6,D,26.310762181189933,industrial,IND Barath Thermal Power Ltd,cpcb_verified,8.8894,77.935,cpcb_13,IND Barath Thermal Power Ltd,Powerplant,1.986716757010838,Duraisamypuram,village,False,False,agricultural_burn,"Agricultural cropland near Duraisamypuram (village, 2.0 km)",cpcb_13,False,,,1,1,agricultural_burn,0.987
9.22084,77.77129,344.85,0.4,0.44,2026-07-23,837,N,VIIRS,n,2.0NRT,307.47,9.03,D,41.005080004326494,industrial,IND Barath Thermal Power Ltd,cpcb_verified,8.8894,77.935,cpcb_13,IND Barath Thermal Power Ltd,Powerplant,2.620900731091051,Sippipparai,village,False,False,agricultural_burn,"Agricultural cropland near Sippipparai (village, 2.6 km)",cpcb_13,False,,,1,1,agricultural_burn,0.987
9.22492,77.77073,347.18,0.4,0.44,2026-07-23,837,N,VIIRS,n,2.0NRT,308.54,10.59,D,41.43999607862767,industrial,IND Barath Thermal Power Ltd,cpcb_verified,8.8894,77.935,cpcb_13,IND Barath Thermal Power Ltd,Powerplant,2.173866896972508,Sippipparai,village,False,False,agricultural_burn,"Agricultural cropland near Sippipparai (village, 2.2 km)",cpcb_13,False,,,1,1,agricultural_burn,0.987
9.2478,78.51723,333.1,0.44,0.46,2026-07-23,837,N,VIIRS,n,2.0NRT,300.93,1.0,D,31.079016606093337,industrial,unnamed,tn_central,9.4991424,78.6411443,477564304,,,3.615482497872537,Kadaladi,village,False,False,agricultural_burn,"Agricultural cropland near Kadaladi (village, 3.6 km)",477564304,False,,,1,1,agricultural_burn,0.986
9.2689,77.47028,342.03,0.57,0.43,2026-07-23,837,N,VIIRS,n,2.0NRT,301.5,6.16,D,62.3350027902192,industrial,Empee Sugars and Chemicals Ltd,cpcb_verified,8.7089,77.4442,cpcb_38,Empee Sugars and Chemicals Ltd,Sugar,4.759142602448631,Rayagiri,village,False,False,agricultural_burn,"Agricultural cropland near Rayagiri (village, 4.8 km)",cpcb_38,False,,,1,1,agricultural_burn,0.986
9.30218,78.09783,351.68,0.42,0.45,2026-07-23,837,N,VIIRS,n,2.0NRT,308.66,10.42,D,22.89022739015444,industrial,unnamed,tn_central,9.5036327,78.1407603,906837199,,,2.3201366399209724,Ramaswamipuram,village,False,False,agricultural_burn,"Agricultural cropland near Ramaswamipuram (village, 2.3 km)",906837199,False,,,1,1,agricultural_burn,0.987
9.30635,78.09724,342.67,0.42,0.45,2026-07-23,837,N,VIIRS,n,2.0NRT,310.26,10.42,D,22.450335954564625,industrial,unnamed,tn_central,9.5036327,78.1407603,906837199,,,1.8569419685799005,Ramaswamipuram,village,False,False,agricultural_burn,"Agricultural cropland near Ramaswamipuram (village, 1.9 km)",906837199,False,,,1,1,agricultural_burn,0.987
9.37534,77.57722,332.64,0.39,0.44,2026-07-23,837,N,VIIRS,n,2.0NRT,301.23,1.99,D,53.54881353361735,industrial,unnamed,tn_central,9.5822502,78.0181003,751731783,,,2.415002876139297,Cholapuram,village,False,False,agricultural_burn,"Agricultural cropland near Cholapuram (village, 2.4 km)",751731783,False,,,1,1,agricultural_burn,0.987
11.43772,77.28219,330.99,0.4,0.44,2026-07-23,839,N,VIIRS,n,2.0NRT,293.75,1.61,D,68.57718350945972,industrial,Madras Aluminium Company Ltd (MALCO),cpcb_verified,11.788,77.8004,cpcb_0,Madras Aluminium Company Ltd (MALCO),Aluminium,1.5933219979004132,Makkinamcombai,village,False,False,agricultural_burn,"Agricultural cropland near Makkinamcombai (village, 1.6 km)",cpcb_0,False,,,1,1,agricultural_burn,0.987
12.16714,77.35521,335.16,0.41,0.45,2026-07-23,839,N,VIIRS,n,2.0NRT,300.02,5.2,D,64.20528209788986,industrial,Madras Aluminium Company Ltd (MALCO),cpcb_verified,11.788,77.8004,cpcb_0,Madras Aluminium Company Ltd (MALCO),Aluminium,0.5710189885175231,Bandahalli,village,False,False,agricultural_burn,"Agricultural cropland near Bandahalli (village, 0.6 km)",cpcb_0,False,,,1,1,agricultural_burn,0.987
12.34391,76.98788,330.82,0.39,0.44,2026-07-23,839,N,VIIRS,n,2.0NRT,294.62,1.68,D,101.04664925268578,industrial,Sanmar Speciality Chemicals Ltd,cpcb_verified,12.7409,77.8253,cpcb_12,Sanmar Speciality Chemicals Ltd,Pharma,0.561190364835895,Sujjaluru,village,False,False,agricultural_burn,"Agricultural cropland near Sujjaluru (village, 0.6 km)",cpcb_12,False,,,1,1,agricultural_burn,0.987
12.67344,79.98261,333.41,0.62,0.54,2026-07-23,839,N,VIIRS,n,2.0NRT,298.78,5.3,D,0.6718194260907181,industrial,ZIP Industries,tn_north,12.6716015,79.976711,1026902287,Mohan Breweries and Distilleries Ltd,Distillery,0.7021738617881184,Melamayyūr,village,False,False,industrial_fire,Industrial facility (ZIP Industries),1026902287,False,5.3,2.65,1,1,industrial_fire,0.985
12.98165,79.26957,337.19,0.56,0.51,2026-07-23,839,N,VIIRS,n,2.0NRT,300.29,6.37,D,0.5260027015200067,industrial,unnamed,tn_north,12.977449,79.2673384,1310874085,,,0.7690036929119264,Thiruvalam,town,False,False,industrial_fire,Industrial facility (Industrial facility),1310874085,False,7.15,1.1030865786510136,1,1,industrial_fire,0.985
12.98173,79.2668,331.16,0.56,0.51,2026-07-23,839,N,VIIRS,n,2.0NRT,299.01,7.93,D,0.4795868546280427,industrial,unnamed,tn_north,12.977449,79.2673384,1310874085,,,0.5474184432954732,Thiruvalam,town,False,False,industrial_fire,Industrial facility (Industrial facility),1310874085,False,7.15,1.1030865786510136,1,1,industrial_fire,0.985
13.19946,80.29171,338.71,0.33,0.55,2026-07-23,839,N,VIIRS,n,2.0NRT,293.48,1.69,D,1.862913079541372,industrial,unnamed,tn_north,13.184626,80.2997079,29200667,,,1.5566290279237476,Saidayankuppam,suburb,False,False,industrial_fire,Industrial facility (Industrial facility),29200667,False,1.69,0.845,1,1,industrial_fire,0.984
13.20152,80.29202,342.76,0.33,0.55,2026-07-23,839,N,VIIRS,n,2.0NRT,293.61,3.96,D,1.9035732284607685,industrial,Ennore Thermal Power Station,tn_north,13.1995006,80.3094811,30738573,,,1.7842877463108224,Saidayankuppam,suburb,False,False,industrial_fire,Industrial facility (Ennore Thermal Power Station),30738573,False,3.96,1.98,1,1,industrial_fire,0.983
13.41916,80.11427,332.24,0.32,0.55,2026-07-23,839,N,VIIRS,n,2.0NRT,297.52,1.87,D,0.1197548059045107,works,unnamed,tn_north,13.4185437,80.113362,1017185179,T.C.P. Limited - Gummidipoondi,Powerplant,1.4125819927938288,Gummidipoondi,town,False,False,industrial_fire,Industrial facility (Industrial facility),1017185179,False,1.87,0.935,1,1,industrial_fire,0.985
8.59833,78.12394,304.12,0.73,0.76,2026-07-23,1934,N,VIIRS,n,2.0NRT,291.5,1.61,N,18.48249327884944,industrial,Coastal Energen Power Ltd,cpcb_verified,8.7642,78.1348,cpcb_25,Sterlite Industries (India) Ltd - Copper Smelter,Copper,2.287590638813697,Kombuthurai,village,False,False,agricultural_burn,"Agricultural cropland near Kombuthurai (village, 2.3 km)",cpcb_25,False,,,0,1,agricultural_burn,0.985
8.75791,78.17783,305.81,0.73,0.76,2026-07-23,1934,N,VIIRS,n,2.0NRT,287.03,0.78,N,4.780333261590712,industrial,Coastal Energen Power Ltd,cpcb_verified,8.7642,78.1348,cpcb_25,Sterlite Industries (India) Ltd - Copper Smelter,Copper,0.2406102390295351,Tuticorin Port,suburb,False,False,urban_commercial_fire,Urban / Commercial area (Tuticorin Port),cpcb_25,False,,,0,1,urban_commercial_fire,0.982
8.11884,80.22372,334.62,0.44,0.38,2026-07-24,820,N,VIIRS,n,2.0NRT,301.51,2.53,D,164.04804395029697,industrial,Arkay Energy (Rameswaram) Ltd,cpcb_verified,9.2876,79.3129,cpcb_27,Arkay Energy (Rameswaram) Ltd,Powerplant,3.48204392782878,Pahala Giribawa,village,False,False,agricultural_burn,"Agricultural cropland near Pahala Giribawa (village, 3.5 km)",cpcb_27,False,,,1,1,agricultural_burn,0.987
8.47279,80.16,337.23,0.44,0.38,2026-07-24,820,N,VIIRS,n,2.0NRT,296.84,2.26,D,129.8831501477143,industrial,Arkay Energy (Rameswaram) Ltd,cpcb_verified,9.2876,79.3129,cpcb_27,Arkay Energy (Rameswaram) Ltd,Powerplant,0.9492030396252488,Kuda Wilachchiya,village,False,False,agricultural_burn,"Agricultural cropland near Kuda Wilachchiya (village, 0.9 km)",cpcb_27,False,,,1,1,agricultural_burn,0.987
8.60631,80.25991,336.7,0.44,0.39,2026-07-24,820,N,VIIRS,n,2.0NRT,300.59,3.61,D,128.6829127182701,industrial,Arkay Energy (Rameswaram) Ltd,cpcb_verified,9.2876,79.3129,cpcb_27,Arkay Energy (Rameswaram) Ltd,Powerplant,3.88827678714126,Thanthirimale,village,False,False,agricultural_burn,"Agricultural cropland near Thanthirimale (village, 3.9 km)",cpcb_27,False,,,1,1,agricultural_burn,0.987
8.61075,78.0201,344.25,0.39,0.36,2026-07-24,820,N,VIIRS,n,2.0NRT,308.99,3.17,D,21.215465869490863,industrial,Coastal Energen Power Ltd,cpcb_verified,8.7642,78.1348,cpcb_25,Sterlite Industries (India) Ltd - Copper Smelter,Copper,1.6550352048813324,Eral,village,False,False,agricultural_burn,"Agricultural cropland near Eral (village, 1.7 km)",cpcb_25,False,,,1,1,agricultural_burn,0.986
8.61782,77.95454,344.93,0.39,0.36,2026-07-24,820,N,VIIRS,n,2.0NRT,308.95,8.05,D,25.642144872870382,industrial,Coastal Energen Power Ltd,cpcb_verified,8.7642,78.1348,cpcb_25,Sterlite Industries (India) Ltd - Copper Smelter,Copper,1.687534267628301,Alwarthirunagari,village,False,False,agricultural_burn,"Agricultural cropland near Alwarthirunagari (village, 1.7 km)",cpcb_25,False,,,1,1,agricultural_burn,0.986
8.66097,80.38425,338.61,0.45,0.39,2026-07-24,820,N,VIIRS,n,2.0NRT,300.88,5.9,D,136.752298096535,industrial,Arkay Energy (Rameswaram) Ltd,cpcb_verified,9.2876,79.3129,cpcb_27,Arkay Energy (Rameswaram) Ltd,Powerplant,5.9793280372915065,Neriyakulam,town,False,False,scrub_biomass_burn,Rural scrubland / open biomass near Neriyakulam (6.0 km),cpcb_27,False,,,1,1,scrub_biomass_burn,0.983
8.66808,80.35825,330.41,0.45,0.39,2026-07-24,820,N,VIIRS,l,2.0NRT,303.48,2.64,D,133.8935856617703,industrial,Arkay Energy (Rameswaram) Ltd,cpcb_verified,9.2876,79.3129,cpcb_27,Arkay Energy (Rameswaram) Ltd,Powerplant,3.62948313120141,Sanmugapuram,village,False,False,agricultural_burn,"Agricultural cropland near Sanmugapuram (village, 3.6 km)",cpcb_27,False,,,1,0,agricultural_burn,0.987
8.67269,78.09673,343.61,0.39,0.36,2026-07-24,820,N,VIIRS,n,2.0NRT,308.49,2.48,D,11.002177334806888,industrial,Coastal Energen Power Ltd,cpcb_verified,8.7642,78.1348,cpcb_25,Sterlite Industries (India) Ltd - Copper Smelter,Copper,0.9294667350295108,Palayakayal,village,False,False,agricultural_burn,"Agricultural cropland near Palayakayal (village, 0.9 km)",cpcb_25,False,,,1,1,agricultural_burn,0.986
8.70154,80.32458,330.6,0.45,0.39,2026-07-24,820,N,VIIRS,l,2.0NRT,302.33,1.59,D,128.810382798425,industrial,Arkay Energy (Rameswaram) Ltd,cpcb_verified,9.2876,79.3129,cpcb_27,Arkay Energy (Rameswaram) Ltd,Powerplant,1.680485661437953,Kanthasamy Nagar,village,False,False,agricultural_burn,"Agricultural cropland near Kanthasamy Nagar (village, 1.7 km)",cpcb_27,False,,,1,0,agricultural_burn,0.987
8.70443,80.36985,336.65,0.45,0.39,2026-07-24,820,N,VIIRS,n,2.0NRT,304.35,3.59,D,132.9653869754921,industrial,Arkay Energy (Rameswaram) Ltd,cpcb_verified,9.2876,79.3129,cpcb_27,Arkay Energy (Rameswaram) Ltd,Powerplant,3.0268657936446925,Thaddankulam,village,False,False,agricultural_burn,"Agricultural cropland near Thaddankulam (village, 3.0 km)",cpcb_27,False,,,1,1,agricultural_burn,0.987
8.72783,77.36877,343.08,0.38,0.36,2026-07-24,820,N,VIIRS,n,2.0NRT,306.38,5.21,D,8.553560686044735,industrial,Empee Sugars and Chemicals Ltd,cpcb_verified,8.7089,77.4442,cpcb_38,Empee Sugars and Chemicals Ltd,Sugar,1.6519471896216855,Papanasam,village,True,False,wildfire,Forest / Woodland reserve near Papanasam,cpcb_38,False,,,1,1,wildfire,0.982
8.76761,80.3772,346.87,0.45,0.39,2026-07-24,820,N,VIIRS,n,2.0NRT,305.29,7.76,D,130.39833685404858,industrial,Arkay Energy (Rameswaram) Ltd,cpcb_verified,9.2876,79.3129,cpcb_27,Arkay Energy (Rameswaram) Ltd,Powerplant,6.275871904286526,Kidachuri,village,False,False,scrub_biomass_burn,Rural scrubland / open biomass near Kidachuri (6.3 km),cpcb_27,False,,,1,1,scrub_biomass_burn,0.983
8.77119,80.37666,346.16,0.45,0.39,2026-07-24,820,N,VIIRS,n,2.0NRT,303.69,6.57,D,130.168575925995,industrial,Arkay Energy (Rameswaram) Ltd,cpcb_verified,9.2876,79.3129,cpcb_27,Arkay Energy (Rameswaram) Ltd,Powerplant,5.936628742791632,Kidachuri,village,False,False,scrub_biomass_burn,Rural scrubland / open biomass near Kidachuri (5.9 km),cpcb_27,False,,,1,1,scrub_biomass_burn,0.983
8.81372,77.97733,350.89,0.39,0.36,2026-07-24,820,N,VIIRS,n,2.0NRT,318.06,16.7,D,9.614899302579095,industrial,IND Barath Thermal Power Ltd,cpcb_verified,8.8894,77.935,cpcb_13,IND Barath Thermal Power Ltd,Powerplant,8.861463783951207,Puthiamputhur,town,False,False,scrub_biomass_burn,Rural scrubland / open biomass near Puthiamputhur (8.9 km),cpcb_13,False,,,1,1,scrub_biomass_burn,0.982
8.81493,80.06245,340.89,0.44,0.38,2026-07-24,820,N,VIIRS,n,2.0NRT,303.99,6.28,D,97.65763579741724,industrial,Arkay Energy (Rameswaram) Ltd,cpcb_verified,9.2876,79.3129,cpcb_27,Arkay Energy (Rameswaram) Ltd,Powerplant,3.84523231518414,Murunkan,village,False,False,agricultural_burn,"Agricultural cropland near Murunkan (village, 3.8 km)",cpcb_27,False,,,1,1,agricultural_burn,0.987
8.86807,78.15605,339.89,0.39,0.36,2026-07-24,820,N,VIIRS,n,2.0NRT,308.0,6.87,D,11.78347916292488,industrial,Coastal Energen Power Ltd,cpcb_verified,8.7642,78.1348,cpcb_25,Sterlite Industries (India) Ltd - Copper Smelter,Copper,3.119812890995478,Mappilaiurani,village,False,False,agricultural_burn,"Agricultural cropland near Mappilaiurani (village, 3.1 km)",cpcb_25,False,,,1,1,agricultural_burn,0.986
8.87846,78.08958,340.23,0.39,0.36,2026-07-24,820,N,VIIRS,n,2.0NRT,307.98,7.14,D,13.642174627453212,industrial,Coastal Energen Power Ltd,cpcb_verified,8.7642,78.1348,cpcb_25,Sterlite Industries (India) Ltd - Copper Smelter,Copper,5.892097654258174,Kurukkuchalai,village,False,False,scrub_biomass_burn,Rural scrubland / open biomass near Kurukkuchalai (5.9 km),cpcb_25,False,,,1,1,scrub_biomass_burn,0.984
8.9351,80.14677,332.91,0.44,0.38,2026-07-24,820,N,VIIRS,n,2.0NRT,303.33,2.64,D,99.5897283327016,industrial,Arkay Energy (Rameswaram) Ltd,cpcb_verified,9.2876,79.3129,cpcb_27,Arkay Energy (Rameswaram) Ltd,Powerplant,5.085666491337926,Periyamadu,village,False,False,scrub_biomass_burn,Rural scrubland / open biomass near Periyamadu (5.1 km),cpcb_27,False,,,1,1,scrub_biomass_burn,0.979
8.94032,80.38223,334.44,0.45,0.39,2026-07-24,820,N,VIIRS,n,2.0NRT,301.75,2.58,D,123.59033887644009,industrial,Arkay Energy (Rameswaram) Ltd,cpcb_verified,9.2876,79.3129,cpcb_27,Arkay Energy (Rameswaram) Ltd,Powerplant,1.219219663712463,Kovilkunchukulam,village,False,False,agricultural_burn,"Agricultural cropland near Kovilkunchukulam (village, 1.2 km)",cpcb_27,False,,,1,1,agricultural_burn,0.987
8.94914,77.84123,339.46,0.39,0.36,2026-07-24,820,N,VIIRS,l,2.0NRT,312.84,4.83,D,12.256846843603444,industrial,IND Barath Thermal Power Ltd,cpcb_verified,8.8894,77.935,cpcb_13,IND Barath Thermal Power Ltd,Powerplant,6.069105244388424,Kadambur,village,False,False,scrub_biomass_burn,Rural scrubland / open biomass near Kadambur (6.1 km),cpcb_13,False,,,1,0,scrub_biomass_burn,0.982
9.13713,77.96883,344.46,0.39,0.36,2026-07-24,820,N,VIIRS,n,2.0NRT,313.96,12.82,D,27.79573609616397,industrial,IND Barath Thermal Power Ltd,cpcb_verified,8.8894,77.935,cpcb_13,IND Barath Thermal Power Ltd,Powerplant,1.6529579726277202,Ilambhuvanam,village,False,False,agricultural_burn,"Agricultural cropland near Ilambhuvanam (village, 1.7 km)",cpcb_13,False,,,1,1,agricultural_burn,0.986
9.247,77.60338,341.22,0.38,0.36,2026-07-24,820,N,VIIRS,l,2.0NRT,313.14,6.22,D,53.91720355314487,industrial,IND Barath Thermal Power Ltd,cpcb_verified,8.8894,77.935,cpcb_13,IND Barath Thermal Power Ltd,Powerplant,7.090063672956282,Kuvalaikkanni,village,False,False,scrub_biomass_burn,Rural scrubland / open biomass near Kuvalaikkanni (7.1 km),cpcb_13,False,,,1,0,scrub_biomass_burn,0.982
9.26605,79.06191,339.53,0.41,0.37,2026-07-24,820,N,VIIRS,n,2.0NRT,306.99,7.21,D,26.720314420516576,industrial,Coromandel Electric Company Ltd,cpcb_verified,9.3639,78.8395,cpcb_24,Pioneer Power Ltd,Powerplant,2.773321034289092,Nochiyurani,village,False,False,agricultural_burn,"Agricultural cropland near Nochiyurani (village, 2.8 km)",cpcb_24,False,,,1,1,agricultural_burn,0.987
9.31198,80.22139,335.45,0.45,0.39,2026-07-24,820,N,VIIRS,n,2.0NRT,303.16,2.47,D,99.72853457895847,industrial,Arkay Energy (Rameswaram) Ltd,cpcb_verified,9.2876,79.3129,cpcb_27,Arkay Energy (Rameswaram) Ltd,Powerplant,0.9331105325514516,Vannerikkulam,village,False,False,agricultural_burn,"Agricultural cropland near Vannerikkulam (village, 0.9 km)",cpcb_27,False,,,1,1,agricultural_burn,0.987
9.36788,78.71719,339.67,0.4,0.37,2026-07-24,820,N,VIIRS,n,2.0NRT,307.57,5.8,D,13.426245188984105,industrial,Coromandel Electric Company Ltd,cpcb_verified,9.3639,78.8395,cpcb_24,Pioneer Power Ltd,Powerplant,1.7336308390657114,Tiyahur,village,False,False,agricultural_burn,"Agricultural cropland near Tiyahur (village, 1.7 km)",cpcb_24,False,,,1,1,agricultural_burn,0.986
9.39855,77.5326,353.41,0.38,0.36,2026-07-24,820,N,VIIRS,n,2.0NRT,313.12,16.75,D,57.02988039293513,industrial,unnamed,tn_central,9.5822502,78.0181003,751731783,,,0.807188062028107,Zamin Kollankondan,village,False,False,agricultural_burn,"Agricultural cropland near Zamin Kollankondan (village, 0.8 km)",751731783,False,,,1,1,agricultural_burn,0.987
9.42289,77.71505,350.22,0.39,0.36,2026-07-24,820,N,VIIRS,n,2.0NRT,313.75,12.71,D,37.66406649318764,industrial,unnamed,tn_central,9.5822502,78.0181003,751731783,,,2.3516125007224247,Kakkivadanpatti,village,False,False,agricultural_burn,"Agricultural cropland near Kakkivadanpatti (village, 2.4 km)",751731783,False,,,1,1,agricultural_burn,0.986
9.42739,78.55258,338.83,0.4,0.37,2026-07-24,820,N,VIIRS,n,2.0NRT,308.51,6.28,D,12.57044209609318,industrial,unnamed,tn_central,9.4991424,78.6411443,477564304,,,10.080479823368908,Mudukulattur,village,False,False,scrub_biomass_burn,Rural scrubland / open biomass near Mudukulattur (10.1 km),477564304,False,,,1,1,scrub_biomass_burn,0.983
9.43342,78.82613,339.34,0.4,0.37,2026-07-24,820,N,VIIRS,n,2.0NRT,306.4,4.3,D,7.868186494773234,industrial,Coromandel Electric Company Ltd,cpcb_verified,9.3639,78.8395,cpcb_24,Pioneer Power Ltd,Powerplant,1.6082898689635434,Toruvalur,village,False,False,agricultural_burn,"Agricultural cropland near Toruvalur (village, 1.6 km)",cpcb_24,False,,,1,1,agricultural_burn,0.985
9.458,78.68839,337.56,0.4,0.37,2026-07-24,820,N,VIIRS,n,2.0NRT,307.22,5.77,D,6.912282266143784,industrial,unnamed,tn_central,9.4991424,78.6411443,477564304,,,5.72846248080756,Bogalur,village,False,False,scrub_biomass_burn,Rural scrubland / open biomass near Bogalur (5.7 km),477564304,False,,,1,1,scrub_biomass_burn,0.983
9.47744,78.03043,344.73,0.39,0.36,2026-07-24,820,N,VIIRS,l,2.0NRT,315.23,12.92,D,9.874916806093314,industrial,unnamed,tn_central,9.5451952,78.0886407,906837193,,,3.410050449179351,Kottiparai,village,False,False,agricultural_burn,"Agricultural cropland near Kottiparai (village, 3.4 km)",906837193,False,,,1,0,agricultural_burn,0.985
9.48597,78.08695,343.27,0.39,0.36,2026-07-24,820,N,VIIRS,l,2.0NRT,314.12,8.43,D,6.2196920130013895,industrial,unnamed,tn_central,9.5036327,78.1407603,906837199,,,2.569102955100196,Aruppukkottai,town,False,False,scrub_biomass_burn,Rural scrubland / open biomass near Aruppukkottai (2.6 km),906837199,False,,,1,0,scrub_biomass_burn,0.976
9.49454,78.58665,341.9,0.4,0.37,2026-07-24,820,N,VIIRS,n,2.0NRT,311.22,8.39,D,5.998313723586146,industrial,unnamed,tn_central,9.4991424,78.6411443,477564304,,,5.217425095796132,Paramakkudi,town,False,False,scrub_biomass_burn,Rural scrubland / open biomass near Paramakkudi (5.2 km),477564304,False,,,1,1,scrub_biomass_burn,0.983
9.49535,78.58585,349.21,0.4,0.37,2026-07-24,820,N,VIIRS,n,2.0NRT,311.34,10.41,D,6.078816593227751,industrial,unnamed,tn_central,9.4991424,78.6411443,477564304,,,5.1389877902957455,Paramakkudi,town,False,False,scrub_biomass_burn,Rural scrubland / open biomass near Paramakkudi (5.1 km),477564304,False,,,1,1,scrub_biomass_burn,0.983
9.4967,78.71597,340.61,0.4,0.37,2026-07-24,820,N,VIIRS,n,2.0NRT,308.76,7.01,D,8.210673725645238,industrial,unnamed,tn_central,9.4991424,78.6411443,477564304,,,5.956412775367052,Nainarkovil,village,False,False,scrub_biomass_burn,Rural scrubland / open biomass near Nainarkovil (6.0 km),477564304,False,,,1,1,scrub_biomass_burn,0.983
9.52567,78.32798,342.89,0.39,0.36,2026-07-24,820,N,VIIRS,l,2.0NRT,312.94,8.54,D,5.213718835058489,industrial,Narikudi,tn_central,9.5700547,78.3126517,590858784,,,4.572721624893698,Veerasolan,village,False,False,agricultural_burn,"Agricultural cropland near Veerasolan (village, 4.6 km)",590858784,False,6.956666666666667,3.0882411391167843,1,0,agricultural_burn,0.982
9.53733,78.52048,344.64,0.4,0.37,2026-07-24,820,N,VIIRS,n,2.0NRT,307.93,7.58,D,7.618825001682773,industrial,unnamed,tn_central,9.5863852,78.4719702,725193694,,,7.868450809239779,Paramakkudi,town,False,False,scrub_biomass_burn,Rural scrubland / open biomass near Paramakkudi (7.9 km),725193694,False,,,1,1,scrub_biomass_burn,0.983
9.72999,77.35467,343.29,0.38,0.36,2026-07-24,820,N,VIIRS,n,2.0NRT,303.8,4.13,D,74.01786817727313,industrial,Vadapalanji IT SEZ,tn_central,9.9312285,77.9986372,1034798587,,,3.876249652940311,Kamayagoundanpatti,village,False,False,agricultural_burn,"Agricultural cropland near Kamayagoundanpatti (village, 3.9 km)",1034798587,False,,,1,1,agricultural_burn,0.987
9.73117,78.23415,342.13,0.39,0.36,2026-07-24,820,N,VIIRS,l,2.0NRT,312.75,11.26,D,7.752480653795488,industrial,unnamed,tn_central,9.6624068,78.2224739,1227457839,,,3.205124683350753,Avarangulam,village,False,False,agricultural_burn,"Agricultural cropland near Avarangulam (village, 3.2 km)",1227457839,False,,,1,0,agricultural_burn,0.985
9.80689,78.36104,338.55,0.39,0.36,2026-07-24,820,N,VIIRS,n,2.0NRT,306.99,2.97,D,8.120187409874267,industrial,unnamed,tn_central,9.8251284,78.289277,986279206,,,2.678096416289582,Vembattur,village,False,False,agricultural_burn,"Agricultural cropland near Vembattur (village, 2.7 km)",986279206,False,1.38,0.69,1,1,agricultural_burn,0.986
9.84783,78.06303,336.5,0.39,0.36,2026-07-24,820,N,VIIRS,n,2.0NRT,304.67,2.58,D,2.2247923041261912,industrial,Madurai Airport Solar Farm,tn_central,9.841743,78.0823745,1105110242,,,3.319442285106084,Harveypatti,suburb,False,False,scrub_biomass_burn,Rural scrubland / open biomass near Harveypatti (3.3 km),1105110242,False,,,1,1,scrub_biomass_burn,0.969
9.85525,78.22561,340.14,0.39,0.36,2026-07-24,820,N,VIIRS,n,2.0NRT,308.35,4.74,D,1.7244539313282683,industrial,unnamed,tn_central,9.8661696,78.2144325,726550280,,,1.3656436741537998,Manalur,village,False,False,industrial_fire,Industrial facility (Industrial facility),726550280,False,4.74,2.37,1,1,industrial_fire,0.985
9.87134,77.70849,339.45,0.39,0.36,2026-07-24,820,N,VIIRS,l,2.0NRT,310.59,3.91,D,32.4725150049516,industrial,Vadapalanji IT SEZ,tn_central,9.9312285,77.9986372,1034798587,,,1.3915520247418498,Elumalai,village,False,False,agricultural_burn,"Agricultural cropland near Elumalai (village, 1.4 km)",1034798587,False,,,1,0,agricultural_burn,0.986
9.89849,78.06915,339.38,0.39,0.36,2026-07-24,820,N,VIIRS,l,2.0NRT,309.55,6.09,D,1.8537560882266395,industrial,unnamed,tn_central,9.886525,78.0573658,1356956670,,,0.8895953686332296,Vilachery,suburb,False,False,industrial_fire,Industrial facility (Industrial facility),1356956670,False,6.09,3.045,1,0,industrial_fire,0.982
9.94998,78.64573,340.05,0.4,0.37,2026-07-24,820,N,VIIRS,n,2.0NRT,306.71,5.05,D,7.822861029787213,industrial,unnamed,tn_central,9.9417033,78.7166601,986260251,,,3.9431790983224815,Panangudi,village,False,False,agricultural_burn,"Agricultural cropland near Panangudi (village, 3.9 km)",986260251,False,3.9066666666666654,0.7563288526384099,1,1,agricultural_burn,0.986
10.00549,78.03773,340.01,0.39,0.36,2026-07-24,820,N,VIIRS,l,2.0NRT,310.07,5.54,D,4.719866546619955,industrial,unnamed,tn_central,9.9634869,78.0439453,990848644,,,1.7087740708386536,Chittalangudi,village,False,False,agricultural_burn,"Agricultural cropland near Chittalangudi (village, 1.7 km)",990848644,False,,,1,0,agricultural_burn,0.986
10.00883,78.03722,341.97,0.39,0.36,2026-07-24,820,N,VIIRS,n,2.0NRT,309.71,5.58,D,5.0954294322168,industrial,unnamed,tn_central,9.9634869,78.0439453,990848644,,,1.4412722760130088,Anaikulam,village,False,False,agricultural_burn,"Agricultural cropland near Anaikulam (village, 1.4 km)",990848644,False,,,1,1,agricultural_burn,0.986
10.01349,78.09101,343.1,0.39,0.36,2026-07-24,820,N,VIIRS,n,2.0NRT,305.63,3.11,D,4.58633825296135,industrial,Madurai Chettikulam Flyover Project Site,tn_central,10.0041463,78.1318045,823715565,,,2.535410724211556,Ambalattadi,village,False,False,agricultural_burn,"Agricultural cropland near Ambalattadi (village, 2.5 km)",823715565,False,,,1,1,agricultural_burn,0.986
10.02995,77.95058,334.38,0.39,0.36,2026-07-24,820,N,VIIRS,l,2.0NRT,307.13,2.05,D,12.173714820929447,industrial,Vadapalanji IT SEZ,tn_central,9.9312285,77.9986372,1034798587,,,1.5357826968891344,Sholavandan,town,False,False,urban_commercial_fire,Urban / Commercial area (Sholavandan),1034798587,False,,,1,0,urban_commercial_fire,0.984
10.03784,78.02551,344.83,0.39,0.36,2026-07-24,820,N,VIIRS,n,2.0NRT,309.11,5.79,D,8.51058563605805,industrial,unnamed,tn_central,9.9634869,78.0439453,990848644,,,0.6911600745448916,Sambakulam,village,False,False,agricultural_burn,"Agricultural cropland near Sambakulam (village, 0.7 km)",990848644,False,,,1,1,agricultural_burn,0.986
10.19416,77.27584,347.72,0.38,0.36,2026-07-24,820,N,VIIRS,n,2.0NRT,307.77,15.68,D,43.84328064866567,industrial,Amaravathy Co-Op Sugar Mills (Distillery),cpcb_verified,10.5876,77.2495,cpcb_4,Amaravathy Co-Op Sugar Mills (Distillery),Distillery,2.304766334384502,Kottakambur,village,False,False,agricultural_burn,"Agricultural cropland near Kottakambur (village, 2.3 km)",cpcb_4,False,,,1,1,agricultural_burn,0.986
10.28285,78.82413,336.81,0.41,0.37,2026-07-24,820,N,VIIRS,n,2.0NRT,303.36,4.26,D,7.393786673134516,industrial,unnamed,tn_central,10.3493308,78.8254726,669581925,,,1.4933359472652667,Poovampatti,village,True,False,wildfire,Forest / Woodland reserve near Poovampatti,669581925,False,,,1,1,wildfire,0.984
10.34789,77.17265,332.6,0.38,0.36,2026-07-24,820,N,VIIRS,l,2.0NRT,305.96,3.36,D,27.94774549504853,industrial,Amaravathy Co-Op Sugar Mills (Distillery),cpcb_verified,10.5876,77.2495,cpcb_4,Amaravathy Co-Op Sugar Mills (Distillery),Distillery,8.106110071783664,Marayoor,town,False,False,scrub_biomass_burn,Rural scrubland / open biomass near Marayoor (8.1 km),cpcb_4,False,,,1,0,scrub_biomass_burn,0.983
10.35121,77.17213,331.82,0.38,0.36,2026-07-24,820,N,VIIRS,l,2.0NRT,304.34,2.96,D,27.61323702038824,industrial,Amaravathy Co-Op Sugar Mills (Distillery),cpcb_verified,10.5876,77.2495,cpcb_4,Amaravathy Co-Op Sugar Mills (Distillery),Distillery,8.464024726672967,Marayoor,town,False,False,scrub_biomass_burn,Rural scrubland / open biomass near Marayoor (8.5 km),cpcb_4,False,,,1,0,scrub_biomass_burn,0.983
10.38708,79.22437,336.59,0.42,0.38,2026-07-24,820,N,VIIRS,n,2.0NRT,300.15,4.1,D,11.049224013439773,industrial,Shriram Non-Conventional Energy Ltd,cpcb_verified,10.4256,79.3175,cpcb_17,Shriram Non-Conventional Energy Ltd,Powerplant,1.7659625264169496,Vadikadu,village,False,False,agricultural_burn,"Agricultural cropland near Vadikadu (village, 1.8 km)",cpcb_17,False,,,1,1,agricultural_burn,0.986
10.39054,79.22385,337.14,0.42,0.38,2026-07-24,820,N,VIIRS,n,2.0NRT,298.25,4.1,D,10.95892824654422,industrial,Shriram Non-Conventional Energy Ltd,cpcb_verified,10.4256,79.3175,cpcb_17,Shriram Non-Conventional Energy Ltd,Powerplant,2.145101234177731,Vadikadu,village,False,False,agricultural_burn,"Agricultural cropland near Vadikadu (village, 2.1 km)",cpcb_17,False,,,1,1,agricultural_burn,0.986
10.41716,77.5604,335.7,0.39,0.36,2026-07-24,820,N,VIIRS,l,2.0NRT,308.54,4.18,D,38.91775769526763,industrial,Amaravathy Co-Op Sugar Mills (Distillery),cpcb_verified,10.5876,77.2495,cpcb_4,Amaravathy Co-Op Sugar Mills (Distillery),Distillery,3.410728007311414,Pudu Ayakudi,village,False,False,agricultural_burn,"Agricultural cropland near Pudu Ayakudi (village, 3.4 km)",cpcb_4,False,,,1,0,agricultural_burn,0.986
10.42837,77.37106,337.28,0.38,0.36,2026-07-24,820,N,VIIRS,n,2.0NRT,305.76,4.13,D,22.138555924461784,industrial,Amaravathy Co-Op Sugar Mills (Distillery),cpcb_verified,10.5876,77.2495,cpcb_4,Amaravathy Co-Op Sugar Mills (Distillery),Distillery,3.242080843377776,Kuppampalayam,village,False,False,agricultural_burn,"Agricultural cropland near Kuppampalayam (village, 3.2 km)",cpcb_4,False,,,1,1,agricultural_burn,0.986
10.65981,77.15834,330.59,0.38,0.36,2026-07-24,820,N,VIIRS,l,2.0NRT,303.61,2.06,D,12.795625087971263,industrial,Amaravathy Co-Op Sugar Mills (Distillery),cpcb_verified,10.5876,77.2495,cpcb_4,Amaravathy Co-Op Sugar Mills (Distillery),Distillery,3.875642986543009,Kongalnagaram,village,False,False,agricultural_burn,"Agricultural cropland near Kongalnagaram (village, 3.9 km)",cpcb_4,False,,,1,0,agricultural_burn,0.985
10.67069,79.61633,337.22,0.43,0.38,2026-07-24,820,N,VIIRS,n,2.0NRT,302.95,3.44,D,9.14341934913495,industrial,unnamed,tn_central,10.7506151,79.59666,840910505,,,0.6189808603597619,Seruvamani,village,False,False,agricultural_burn,"Agricultural cropland near Seruvamani (village, 0.6 km)",840910505,False,,,1,1,agricultural_burn,0.986
10.67364,79.61184,339.44,0.43,0.38,2026-07-24,820,N,VIIRS,n,2.0NRT,304.36,5.43,D,8.718446035026808,industrial,unnamed,tn_central,10.7506151,79.59666,840910505,,,0.6321576803824391,Melasethi,village,False,False,agricultural_burn,"Agricultural cropland near Melasethi (village, 0.6 km)",840910505,False,,,1,1,agricultural_burn,0.986
10.80428,79.6702,332.83,0.44,0.38,2026-07-24,820,N,VIIRS,n,2.0NRT,302.08,3.45,D,3.0099845617713736,industrial,unnamed,tn_central,10.8149331,79.6448654,1056121305,,,1.5438368725344465,Thirupallimukkoodal,village,False,False,agricultural_burn,"Agricultural cropland near Thirupallimukkoodal (village, 1.5 km)",1056121305,False,,,1,1,agricultural_burn,0.984
10.80448,78.6274,342.82,0.4,0.37,2026-07-24,820,N,VIIRS,n,2.0NRT,307.72,5.96,D,5.09782926195846,industrial,unnamed,tn_central,10.7604637,78.6143473,1410857831,,,0.4166899694842111,Adavathur East,suburb,False,False,urban_commercial_fire,Urban / Commercial area (Adavathur East),1410857831,False,,,1,1,urban_commercial_fire,0.984
10.84654,78.79582,331.0,0.41,0.37,2026-07-24,820,N,VIIRS,l,2.0NRT,302.79,2.75,D,4.79861242257456,industrial,unnamed,tn_central,10.8669771,78.8345216,464925382,,,1.0724871666922609,Seventhinathapuram,village,False,False,agricultural_burn,"Agricultural cropland near Seventhinathapuram (village, 1.1 km)",464925382,False,,,1,0,agricultural_burn,0.985
10.84708,78.79957,337.74,0.41,0.37,2026-07-24,820,N,VIIRS,n,2.0NRT,304.45,2.75,D,4.411744939615541,industrial,unnamed,tn_central,10.8669771,78.8345216,464925382,,,1.0434079029041223,Idaiyattumangalam,village,False,False,agricultural_burn,"Agricultural cropland near Idaiyattumangalam (village, 1.0 km)",464925382,False,,,1,1,agricultural_burn,0.985
10.90938,79.82526,338.68,0.45,0.39,2026-07-24,820,N,VIIRS,n,2.0NRT,300.23,3.46,D,8.215487737209457,industrial,unnamed,tn_central,10.9638623,79.7744322,759412286,,,1.5177965644579454,Karaikal,town,False,False,urban_commercial_fire,Urban / Commercial area (Karaikal),759412286,False,,,1,1,urban_commercial_fire,0.984
11.01471,77.62794,340.1,0.39,0.36,2026-07-24,820,N,VIIRS,n,2.0NRT,305.83,6.21,D,40.46156367814945,industrial,TNPL Paper Mill,tn_central,11.052316,77.9966873,61982524,,,4.620665643890841,Ellaikattupudur,village,False,False,agricultural_burn,"Agricultural cropland near Ellaikattupudur (village, 4.6 km)",61982524,False,,,1,1,agricultural_burn,0.987
11.23178,78.38319,336.22,0.4,0.37,2026-07-24,820,N,VIIRS,n,2.0NRT,301.67,2.8,D,9.20445923571704,industrial,Azhagapuri,tn_central,11.193579,78.4580549,999684608,,,1.0489576507539446,Perumaparappupatty,village,False,False,agricultural_burn,"Agricultural cropland near Perumaparappupatty (village, 1.0 km)",999684608,False,,,1,1,agricultural_burn,0.986
11.39055,79.72801,337.34,0.45,0.39,2026-07-24,820,N,VIIRS,n,2.0NRT,301.33,6.47,D,15.299601309603569,industrial,IL&FS Tamil Nadu Thermal Power Station,tn_central,11.5261596,79.7517592,645959123,,,4.161211342963663,Chidambaram,town,False,False,scrub_biomass_burn,Rural scrubland / open biomass near Chidambaram (4.2 km),645959123,False,,,1,1,scrub_biomass_burn,0.982
11.39208,79.72757,336.65,0.45,0.39,2026-07-24,820,N,VIIRS,n,2.0NRT,301.04,5.59,D,15.140226282194256,industrial,IL&FS Tamil Nadu Thermal Power Station,tn_central,11.5261596,79.7517592,645959123,,,4.076917692811206,Chidambaram,town,False,False,scrub_biomass_burn,Rural scrubland / open biomass near Chidambaram (4.1 km),645959123,False,,,1,1,scrub_biomass_burn,0.982
11.47362,79.22565,338.12,0.43,0.38,2026-07-24,820,N,VIIRS,n,2.0NRT,302.87,3.1,D,6.458194250410916,industrial,unnamed,tn_central,11.5220422,79.1929219,1268492682,,,8.064910065923277,Pennadam,town,False,False,scrub_biomass_burn,Rural scrubland / open biomass near Pennadam (8.1 km),1268492682,False,,,1,1,scrub_biomass_burn,0.983
11.58556,78.77619,349.28,0.41,0.37,2026-07-24,820,N,VIIRS,n,2.0NRT,306.47,5.58,D,0.5646419318352713,industrial,unnamed,tn_central,11.5903679,78.7745221,906387735,,,2.247513103846312,Talaivasal,village,True,False,industrial_fire,Industrial facility (Industrial facility),906387735,False,5.58,2.79,1,1,industrial_fire,0.963
11.70297,78.74607,341.63,0.41,0.37,2026-07-24,820,N,VIIRS,n,2.0NRT,296.04,7.09,D,12.729754213554909,industrial,unnamed,tn_central,11.5905991,78.768411,906387736,,,6.282565802707321,Unathur,village,False,False,scrub_biomass_burn,Rural scrubland / open biomass near Unathur (6.3 km),906387736,False,,,1,1,scrub_biomass_burn,0.983
11.72358,78.74298,338.48,0.41,0.37,2026-07-24,820,N,VIIRS,n,2.0NRT,297.36,3.09,D,15.043918173541304,industrial,unnamed,tn_central,11.5905991,78.768411,906387736,,,8.200901028075908,Unathur,village,False,False,scrub_biomass_burn,Rural scrubland / open biomass near Unathur (8.2 km),906387736,False,,,1,1,scrub_biomass_burn,0.982
11.74709,78.71194,335.32,0.41,0.37,2026-07-24,820,N,VIIRS,n,2.0NRT,295.65,3.63,D,11.35391909571842,works,Chilling Plant,tn_central,11.8414036,78.6719676,1337630473,,,11.036059994431891,Gundiyapattu,village,False,False,scrub_biomass_burn,Rural scrubland / open biomass near Gundiyapattu (11.0 km),1337630473,False,,,1,1,scrub_biomass_burn,0.976
12.93804,79.10506,333.83,0.43,0.38,2026-07-24,822,N,VIIRS,n,2.0NRT,277.75,3.64,D,3.393336153468433,industrial,Tamil Nadu Warehousing Corporation,tn_north,12.9294691,79.1351111,1337335236,Tirupattur Co-operative Sugar Mills,Sugar,1.120064955111149,Vanjur,suburb,False,False,urban_commercial_fire,Urban / Commercial area (Vanjur),1337335236,False,,,1,1,urban_commercial_fire,0.984
13.25182,78.5679,348.15,0.42,0.37,2026-07-24,822,N,VIIRS,n,2.0NRT,296.56,10.37,D,50.81031711601547,industrial,Amara Raja Growth Corridor,tn_north,13.2033826,79.0346574,892082844,,,1.2849242859818808,Sunnapakunte,village,False,False,agricultural_burn,"Agricultural cropland near Sunnapakunte (village, 1.3 km)",892082844,False,,,1,1,agricultural_burn,0.986
12.74686,77.61757,301.81,0.42,0.45,2026-07-24,2053,N,VIIRS,n,2.0NRT,285.55,0.49,N,22.539255043140848,industrial,Sanmar Speciality Chemicals Ltd,cpcb_verified,12.7409,77.8253,cpcb_12,Sanmar Speciality Chemicals Ltd,Pharma,0.8444968111254185,Krishnadoddi,village,False,False,agricultural_burn,"Agricultural cropland near Krishnadoddi (village, 0.8 km)",cpcb_12,False,,,0,1,agricultural_burn,0.987
8.57124,78.07296,316.73,0.52,0.5,2026-07-24,2055,N,VIIRS,n,2.0NRT,293.57,1.59,N,22.507262220042808,industrial,Coastal Energen Power Ltd,cpcb_verified,8.7642,78.1348,cpcb_25,Sterlite Industries (India) Ltd - Copper Smelter,Copper,2.40674695070492,Sahupuram,village,False,False,agricultural_burn,"Agricultural cropland near Sahupuram (village, 2.4 km)",cpcb_25,False,,,0,1,agricultural_burn,0.986
8.67019,77.99132,307.45,0.51,0.49,2026-07-24,2055,N,VIIRS,n,2.0NRT,293.35,0.78,N,18.91997937682285,industrial,Coastal Energen Power Ltd,cpcb_verified,8.7642,78.1348,cpcb_25,Sterlite Industries (India) Ltd - Copper Smelter,Copper,3.30618012501058,Perungulam,village,False,False,agricultural_burn,"Agricultural cropland near Perungulam (village, 3.3 km)",cpcb_25,False,,,0,1,agricultural_burn,0.985
9.20877,77.49895,307.72,0.46,0.47,2026-07-24,2055,N,VIIRS,n,2.0NRT,292.91,1.67,N,55.90737470206474,industrial,Empee Sugars and Chemicals Ltd,cpcb_verified,8.7089,77.4442,cpcb_38,Empee Sugars and Chemicals Ltd,Sugar,1.5151392223913864,Anaiyur,village,False,False,agricultural_burn,"Agricultural cropland near Anaiyur (village, 1.5 km)",cpcb_38,False,,,0,1,agricultural_burn,0.987
10.27937,77.44356,299.7,0.44,0.46,2026-07-24,2055,N,VIIRS,n,2.0NRT,288.32,0.7,N,40.311785217031584,industrial,Amaravathy Co-Op Sugar Mills (Distillery),cpcb_verified,10.5876,77.2495,cpcb_4,Amaravathy Co-Op Sugar Mills (Distillery),Distillery,1.4877372827844109,Pallangi,village,False,False,agricultural_burn,"Agricultural cropland near Pallangi (village, 1.5 km)",cpcb_4,False,,,0,1,agricultural_burn,0.987
10.98197,78.15816,313.22,0.48,0.48,2026-07-24,2055,N,VIIRS,n,2.0NRT,282.45,3.1,N,5.071529970473413,industrial,Chettinad Cement Factory,tn_central,10.9368595,78.1513077,129673928,,,0.9494125401033768,Kallupalayam,village,False,False,agricultural_burn,"Agricultural cropland near Kallupalayam (village, 0.9 km)",129673928,False,1.49,0.745,0,1,agricultural_burn,0.984
10.98564,78.15651,304.45,0.48,0.48,2026-07-24,2055,N,VIIRS,n,2.0NRT,283.22,1.26,N,5.453793884284662,industrial,Chettinad Cement Factory,tn_central,10.9368595,78.1513077,129673928,,,0.7812755871911656,N.Pudupalayam,village,False,False,agricultural_burn,"Agricultural cropland near N.Pudupalayam (village, 0.8 km)",129673928,False,1.49,0.745,0,1,agricultural_burn,0.983
10.98638,78.15899,306.52,0.48,0.48,2026-07-24,2055,N,VIIRS,n,2.0NRT,282.49,1.27,N,5.569926595482107,industrial,Chettinad Cement Factory,tn_central,10.9368595,78.1513077,129673928,,,0.5458846921773937,N.Pudupalayam,village,False,False,agricultural_burn,"Agricultural cropland near N.Pudupalayam (village, 0.5 km)",129673928,False,1.49,0.745,0,1,agricultural_burn,0.984
11.69529,78.85291,314.31,0.52,0.5,2026-07-24,2055,N,VIIRS,n,2.0NRT,286.19,3.2,N,7.591181080188098,industrial,unnamed,tn_central,11.6292235,78.8704741,906387737,,,7.319167938915045,Chinnasalem,town,False,False,scrub_biomass_burn,Rural scrubland / open biomass near Chinnasalem (7.3 km),906387737,False,,,0,1,scrub_biomass_burn,0.982
11.81571,77.91763,305.63,0.45,0.47,2026-07-24,2055,N,VIIRS,n,2.0NRT,283.7,1.16,N,13.126574129283611,industrial,Madras Aluminium Company Ltd (MALCO),cpcb_verified,11.788,77.8004,cpcb_0,Madras Aluminium Company Ltd (MALCO),Aluminium,0.7117148848905376,Kukkalpatti,village,False,False,agricultural_burn,"Agricultural cropland near Kukkalpatti (village, 0.7 km)",cpcb_0,False,,,0,1,agricultural_burn,0.987
8.64045,77.52097,334.25,0.56,0.43,2026-07-25,801,N,VIIRS,n,2.0NRT,303.82,4.7,D,6.886389682070744,industrial,Sun Paper Mills Limited,cpcb_verified,8.6822,77.4747,cpcb_28,Sun Paper Mills Limited,Pulp & Paper,4.733642303643217,Pattankadu,village,True,False,wildfire,Forest / Woodland reserve near Pattankadu,cpcb_28,False,,,1,1,wildfire,0.984
8.70248,77.7755,335.54,0.54,0.42,2026-07-25,801,N,VIIRS,n,2.0NRT,304.31,5.31,D,27.188111597375283,industrial,IND Barath Thermal Power Ltd,cpcb_verified,8.8894,77.935,cpcb_13,IND Barath Thermal Power Ltd,Powerplant,1.0002562872383398,Vijayaraghava Muthaliyaar Chatram,suburb,False,False,urban_commercial_fire,Urban / Commercial area (Vijayaraghava Muthaliyaar Chatram),cpcb_13,False,,,1,1,urban_commercial_fire,0.985
8.76868,78.05202,331.39,0.52,0.42,2026-07-25,801,N,VIIRS,n,2.0NRT,300.75,2.13,D,9.1108138563991,industrial,Coastal Energen Power Ltd,cpcb_verified,8.7642,78.1348,cpcb_25,Sterlite Industries (India) Ltd - Copper Smelter,Copper,2.5448123397570286,Pudukottai,village,False,False,agricultural_burn,"Agricultural cropland near Pudukottai (village, 2.5 km)",cpcb_25,False,,,1,1,agricultural_burn,0.986
8.84527,77.95808,346.88,0.53,0.42,2026-07-25,801,N,VIIRS,n,2.0NRT,305.91,25.65,D,5.523474017826492,industrial,IND Barath Thermal Power Ltd,cpcb_verified,8.8894,77.935,cpcb_13,IND Barath Thermal Power Ltd,Powerplant,7.199601080836569,Maniyachchi,village,False,False,industrial_fire,Industrial cluster vicinity (IND Barath Thermal Power Ltd),cpcb_13,False,,,1,1,industrial_fire,0.787
8.95624,77.78273,342.83,0.54,0.42,2026-07-25,801,N,VIIRS,n,2.0NRT,305.38,13.6,D,18.30362435512771,industrial,IND Barath Thermal Power Ltd,cpcb_verified,8.8894,77.935,cpcb_13,IND Barath Thermal Power Ltd,Powerplant,1.45816148814893,Kayathar,town,False,False,urban_commercial_fire,Urban / Commercial area (Kayathar),cpcb_13,False,,,1,1,urban_commercial_fire,0.984
9.11794,77.59937,343.19,0.55,0.42,2026-07-25,801,N,VIIRS,n,2.0NRT,301.79,5.93,D,44.77152304441045,industrial,IND Barath Thermal Power Ltd,cpcb_verified,8.8894,77.935,cpcb_13,IND Barath Thermal Power Ltd,Powerplant,1.109580154777872,Melaneelithanallur,village,False,False,agricultural_burn,"Agricultural cropland near Melaneelithanallur (village, 1.1 km)",cpcb_13,False,,,1,1,agricultural_burn,0.987
9.12185,77.59873,337.44,0.55,0.42,2026-07-25,801,N,VIIRS,n,2.0NRT,302.94,4.15,D,45.077127206711445,industrial,IND Barath Thermal Power Ltd,cpcb_verified,8.8894,77.935,cpcb_13,IND Barath Thermal Power Ltd,Powerplant,1.5408025692983711,Melaneelithanallur,village,False,False,agricultural_burn,"Agricultural cropland near Melaneelithanallur (village, 1.5 km)",cpcb_13,False,,,1,1,agricultural_burn,0.987
9.16651,78.04524,354.62,0.52,0.41,2026-07-25,801,N,VIIRS,n,2.0NRT,308.91,45.04,D,33.1061393094031,industrial,IND Barath Thermal Power Ltd,cpcb_verified,8.8894,77.935,cpcb_13,IND Barath Thermal Power Ltd,Powerplant,3.671514627084594,Sindhalakarai,village,False,False,agricultural_burn,"Agricultural cropland near Sindhalakarai (village, 3.7 km)",cpcb_13,False,,,1,1,agricultural_burn,0.986
9.16966,78.04662,344.33,0.52,0.41,2026-07-25,801,N,VIIRS,n,2.0NRT,303.76,54.42,D,33.48754510894087,industrial,IND Barath Thermal Power Ltd,cpcb_verified,8.8894,77.935,cpcb_13,IND Barath Thermal Power Ltd,Powerplant,3.5864011565763008,Sindhalakarai,village,False,False,agricultural_burn,"Agricultural cropland near Sindhalakarai (village, 3.6 km)",cpcb_13,False,,,1,1,agricultural_burn,0.986
9.28329,77.55848,340.84,0.55,0.43,2026-07-25,801,N,VIIRS,n,2.0NRT,306.86,12.89,D,60.22829091587923,industrial,IND Barath Thermal Power Ltd,cpcb_verified,8.8894,77.935,cpcb_13,IND Barath Thermal Power Ltd,Powerplant,1.334103783913231,Paruvakkudi,village,False,False,agricultural_burn,"Agricultural cropland near Paruvakkudi (village, 1.3 km)",cpcb_13,False,,,1,1,agricultural_burn,0.987
9.30537,77.71668,341.0,0.54,0.42,2026-07-25,801,N,VIIRS,n,2.0NRT,306.93,13.48,D,45.17726073208107,industrial,unnamed,tn_central,9.5822502,78.0181003,751731783,,,1.298529493679802,Sevalpatti,village,False,False,agricultural_burn,"Agricultural cropland near Sevalpatti (village, 1.3 km)",751731783,False,,,1,1,agricultural_burn,0.987
9.39433,77.50125,332.79,0.55,0.43,2026-07-25,801,N,VIIRS,n,2.0NRT,302.69,3.82,D,60.41362413215202,industrial,unnamed,tn_central,9.5822502,78.0181003,751731783,,,0.6994842067761852,Dhalavaipuram,village,False,False,agricultural_burn,"Agricultural cropland near Dhalavaipuram (village, 0.7 km)",751731783,False,,,1,1,agricultural_burn,0.987
9.42737,77.53471,334.75,0.55,0.42,2026-07-25,801,N,VIIRS,n,2.0NRT,304.66,2.31,D,55.73986069570992,industrial,unnamed,tn_central,9.5822502,78.0181003,751731783,,,2.293536240518725,Nakkaneri,village,False,False,agricultural_burn,"Agricultural cropland near Nakkaneri (village, 2.3 km)",751731783,False,,,1,1,agricultural_burn,0.987
9.49523,78.58398,347.48,0.48,0.4,2026-07-25,801,N,VIIRS,n,2.0NRT,301.68,12.5,D,6.284333801447436,industrial,unnamed,tn_central,9.4991424,78.6411443,477564304,,,5.183609723045969,Paramakkudi,town,False,False,scrub_biomass_burn,Rural scrubland / open biomass near Paramakkudi (5.2 km),477564304,False,,,1,1,scrub_biomass_burn,0.983
9.52778,78.80358,335.32,0.47,0.39,2026-07-25,801,N,VIIRS,n,2.0NRT,298.89,2.14,D,12.86618522139472,construction,Uppur Power Plant,tn_central,9.5816578,78.9074198,1181414705,,,7.22510969610052,Kollampachcheri,village,False,False,scrub_biomass_burn,Rural scrubland / open biomass near Kollampachcheri (7.2 km),1181414705,False,,,1,1,scrub_biomass_burn,0.983
9.53532,78.75868,337.37,0.47,0.4,2026-07-25,801,N,VIIRS,n,2.0NRT,299.32,5.58,D,13.502646977766975,industrial,unnamed,tn_central,9.4991424,78.6411443,477564304,,,7.171814553096437,Nainarkovil,village,False,False,scrub_biomass_burn,Rural scrubland / open biomass near Nainarkovil (7.2 km),477564304,False,,,1,1,scrub_biomass_burn,0.983
9.57775,77.87535,342.88,0.52,0.42,2026-07-25,801,N,VIIRS,n,2.0NRT,307.66,20.73,D,15.659742707065549,industrial,unnamed,tn_central,9.5822502,78.0181003,751731783,,,2.511113457528447,Amathur,village,False,False,agricultural_burn,"Agricultural cropland near Amathur (village, 2.5 km)",751731783,False,,,1,1,agricultural_burn,0.986
9.57965,77.87807,350.71,0.52,0.42,2026-07-25,801,N,VIIRS,n,2.0NRT,308.46,20.25,D,15.356192536832458,industrial,unnamed,tn_central,9.5822502,78.0181003,751731783,,,2.488879247368106,Kavalur,village,False,False,agricultural_burn,"Agricultural cropland near Kavalur (village, 2.5 km)",751731783,False,,,1,1,agricultural_burn,0.986
9.59479,78.18553,339.56,0.5,0.41,2026-07-25,801,N,VIIRS,n,2.0NRT,303.0,8.05,D,8.540103261404413,industrial,unnamed,tn_central,9.6624068,78.2224739,1227457839,,,2.360363255281088,Nochchikulam,village,False,False,agricultural_burn,"Agricultural cropland near Nochchikulam (village, 2.4 km)",1227457839,False,,,1,1,agricultural_burn,0.986
9.60717,79.97973,348.33,0.42,0.37,2026-07-25,801,N,VIIRS,n,2.0NRT,302.44,9.54,D,81.31729592793145,industrial,Arkay Energy (Rameswaram) Ltd,cpcb_verified,9.2876,79.3129,cpcb_27,Arkay Energy (Rameswaram) Ltd,Powerplant,6.636686427577811,Gurunagar,village,False,False,scrub_biomass_burn,Rural scrubland / open biomass near Gurunagar (6.6 km),cpcb_27,False,,,1,1,scrub_biomass_burn,0.983
9.80423,77.72384,337.42,0.53,0.42,2026-07-25,801,N,VIIRS,n,2.0NRT,305.39,10.58,D,33.25161858879923,industrial,Vadapalanji IT SEZ,tn_central,9.9312285,77.9986372,1034798587,,,4.1554458557658265,Saptur,village,False,False,agricultural_burn,"Agricultural cropland near Saptur (village, 4.2 km)",1034798587,False,,,1,1,agricultural_burn,0.987
9.90724,78.1565,335.29,0.5,0.41,2026-07-25,801,N,VIIRS,n,2.0NRT,299.66,2.25,D,1.6280445913404262,industrial,unnamed,tn_central,9.9115943,78.1423094,1166080735,,,1.020242949846303,Viraganur,suburb,False,False,industrial_fire,Industrial facility (Industrial facility),1166080735,False,2.25,1.125,1,1,industrial_fire,0.982
9.91396,78.17397,341.92,0.5,0.41,2026-07-25,801,N,VIIRS,n,2.0NRT,304.36,9.66,D,2.721876508136005,industrial,Honeywell Technology Solutions,tn_central,9.9382388,78.1708028,673827537,,,1.433983188149875,Vandiyur,suburb,False,False,urban_commercial_fire,Urban / Commercial area (Vandiyur),673827537,False,8.545,0.3747665940288709,1,1,urban_commercial_fire,0.984
9.96975,77.78606,346.89,0.52,0.42,2026-07-25,801,N,VIIRS,n,2.0NRT,303.11,18.36,D,23.672685745437988,industrial,Vadapalanji IT SEZ,tn_central,9.9312285,77.9986372,1034798587,,,0.6843304658798968,Usilampatti,town,False,False,urban_commercial_fire,Urban / Commercial area (Usilampatti),1034798587,False,,,1,1,urban_commercial_fire,0.984
10.43495,78.55267,335.68,0.47,0.4,2026-07-25,801,N,VIIRS,n,2.0NRT,302.44,7.04,D,6.973691019646729,industrial,unnamed,tn_central,10.3746753,78.5702873,671807505,,,1.2367259523378649,Palathupatti,village,False,False,agricultural_burn,"Agricultural cropland near Palathupatti (village, 1.2 km)",671807505,False,,,1,1,agricultural_burn,0.985
10.53204,79.40388,337.7,0.43,0.38,2026-07-25,801,N,VIIRS,n,2.0NRT,298.19,3.07,D,5.111870754672345,industrial,Thirumakotai Power Station,tn_central,10.5410009,79.4497437,341599763,,,1.7214974234220208,Keelakurichy,village,False,False,agricultural_burn,"Agricultural cropland near Keelakurichy (village, 1.7 km)",341599763,False,,,1,1,agricultural_burn,0.985
10.90932,77.99366,343.26,0.49,0.4,2026-07-25,801,N,VIIRS,n,2.0NRT,298.59,16.6,D,3.0198873461688054,industrial,Karur Textile Park,tn_central,10.8868058,78.0091276,1001532911,,,1.8027119050432905,Pallapalayam,village,False,False,agricultural_burn,"Agricultural cropland near Pallapalayam (village, 1.8 km)",1001532911,False,,,1,1,agricultural_burn,0.983
10.94315,77.17971,338.42,0.55,0.42,2026-07-25,801,N,VIIRS,n,2.0NRT,302.67,4.5,D,40.263695970759095,industrial,Amaravathy Co-Op Sugar Mills (Distillery),cpcb_verified,10.5876,77.2495,cpcb_4,Amaravathy Co-Op Sugar Mills (Distillery),Distillery,1.497566275655299,Sellakkarichal,village,False,False,agricultural_burn,"Agricultural cropland near Sellakkarichal (village, 1.5 km)",cpcb_4,False,,,1,1,agricultural_burn,0.987
11.1397,78.27433,338.4,0.47,0.4,2026-07-25,801,N,VIIRS,n,2.0NRT,304.21,4.8,D,3.477674223198729,plant,unnamed,tn_central,11.1084871,78.2723147,1468887796,,,0.7251178661578367,Konangipatty,village,False,False,agricultural_burn,"Agricultural cropland near Konangipatty (village, 0.7 km)",1468887796,False,,,1,1,agricultural_burn,0.984
11.19282,77.49533,334.85,0.52,0.41,2026-07-25,801,N,VIIRS,n,2.0NRT,303.03,4.01,D,56.88860305169585,industrial,TNPL Paper Mill,tn_central,11.052316,77.9966873,61982524,,,4.645897577299093,Pagalayur,village,False,False,agricultural_burn,"Agricultural cropland near Pagalayur (village, 4.6 km)",61982524,False,,,1,1,agricultural_burn,0.986
11.20836,77.91418,334.62,0.49,0.41,2026-07-25,801,N,VIIRS,n,2.0NRT,302.39,3.24,D,14.28071630818529,industrial,unnamed,tn_central,11.2221002,78.0443584,1268484315,,,2.088047994703277,Nallagoundampalayam.E,village,False,False,agricultural_burn,"Agricultural cropland near Nallagoundampalayam.E (village, 2.1 km)",1268484315,False,,,1,1,agricultural_burn,0.986
11.28183,78.36697,332.18,0.47,0.4,2026-07-25,801,N,VIIRS,n,2.0NRT,290.25,3.98,D,13.963538167761742,industrial,Azhagapuri,tn_central,11.193579,78.4580549,999684608,,,1.1621944364687131,Valavanthinadu,village,False,False,agricultural_burn,"Agricultural cropland near Valavanthinadu (village, 1.2 km)",999684608,False,,,1,1,agricultural_burn,0.987
11.28244,78.37044,332.85,0.47,0.4,2026-07-25,801,N,VIIRS,n,2.0NRT,291.8,5.29,D,13.74555339063818,industrial,Azhagapuri,tn_central,11.193579,78.4580549,999684608,,,1.5352876266280495,Valavanthinadu,village,False,False,agricultural_burn,"Agricultural cropland near Valavanthinadu (village, 1.5 km)",999684608,False,,,1,1,agricultural_burn,0.987
11.45378,78.45736,337.28,0.46,0.39,2026-07-25,801,N,VIIRS,n,2.0NRT,302.05,1.91,D,13.128555030756075,industrial,unnamed,tn_central,11.571792,78.4610684,906387722,,,1.2198865505634682,Jangamasamudram,village,False,False,agricultural_burn,"Agricultural cropland near Jangamasamudram (village, 1.2 km)",906387722,False,,,1,1,agricultural_burn,0.987
11.68872,78.70228,333.34,0.45,0.39,2026-07-25,801,N,VIIRS,l,2.0NRT,296.12,5.05,D,11.25749771076706,industrial,unnamed,tn_central,11.5879282,78.6925524,906387731,,,8.193756667582482,Muttal,village,False,False,scrub_biomass_burn,Rural scrubland / open biomass near Muttal (8.2 km),906387731,False,,,1,0,scrub_biomass_burn,0.982
11.73022,78.68802,334.37,0.45,0.39,2026-07-25,801,N,VIIRS,l,2.0NRT,299.17,12.06,D,12.485918877875852,works,Chilling Plant,tn_central,11.8414036,78.6719676,1337630473,,,11.046547103004595,Muttal,village,True,False,wildfire,Forest / Woodland reserve near Muttal,1337630473,False,,,1,0,wildfire,0.984
12.00109,78.78092,334.49,0.44,0.38,2026-07-25,801,N,VIIRS,n,2.0NRT,299.07,3.0,D,21.34938088222293,works,Chilling Plant,tn_central,11.8414036,78.6719676,1337630473,,,12.145605578783732,Kottappatti,village,False,False,scrub_biomass_burn,Rural scrubland / open biomass near Kottappatti (12.1 km),1337630473,False,,,1,1,scrub_biomass_burn,0.983
12.00164,78.77988,333.77,0.44,0.38,2026-07-25,801,N,VIIRS,n,2.0NRT,298.38,3.48,D,21.33780053391212,works,Chilling Plant,tn_central,11.8414036,78.6719676,1337630473,,,12.044619646456372,Kottappatti,village,False,False,scrub_biomass_burn,Rural scrubland / open biomass near Kottappatti (12.0 km),1337630473,False,,,1,1,scrub_biomass_burn,0.983
9.78116,78.40366,332.87,0.42,0.38,2026-07-25,2036,N,VIIRS,n,2.0NRT,292.68,2.36,N,4.571814244785457,industrial,unnamed,tn_central,9.7404361,78.3979171,727316888,,,1.2482737754879611,V.Pudukkulam,village,False,False,agricultural_burn,"Agricultural cropland near V.Pudukkulam (village, 1.2 km)",727316888,False,9.66,4.83,0,1,agricultural_burn,0.985
10.18617,77.27609,301.65,0.39,0.36,2026-07-25,2036,N,VIIRS,n,2.0NRT,283.3,0.33,N,44.731617943782,industrial,Amaravathy Co-Op Sugar Mills (Distillery),cpcb_verified,10.5876,77.2495,cpcb_4,Amaravathy Co-Op Sugar Mills (Distillery),Distillery,2.0967411969739227,Koviloor,village,False,False,agricultural_burn,"Agricultural cropland near Koviloor (village, 2.1 km)",cpcb_4,False,,,0,1,agricultural_burn,0.986
10.61676,77.42206,307.21,0.39,0.36,2026-07-25,2036,N,VIIRS,n,2.0NRT,292.6,0.69,N,19.13691905117374,industrial,Amaravathy Co-Op Sugar Mills (Distillery),cpcb_verified,10.5876,77.2495,cpcb_4,Amaravathy Co-Op Sugar Mills (Distillery),Distillery,4.990829127034988,Kaniyur,village,False,False,agricultural_burn,"Agricultural cropland near Kaniyur (village, 5.0 km)",cpcb_4,False,,,0,1,agricultural_burn,0.946
10.92849,77.0655,302.39,0.39,0.36,2026-07-25,2036,N,VIIRS,n,2.0NRT,290.88,0.93,N,42.90485458832231,industrial,Amaravathy Co-Op Sugar Mills (Distillery),cpcb_verified,10.5876,77.2495,cpcb_4,Amaravathy Co-Op Sugar Mills (Distillery),Distillery,3.131067382908493,Kallapalayam,village,False,False,agricultural_burn,"Agricultural cropland near Kallapalayam (village, 3.1 km)",cpcb_4,False,,,0,1,agricultural_burn,0.986
11.42285,77.44472,308.95,0.39,0.36,2026-07-25,2036,N,VIIRS,n,2.0NRT,290.49,1.02,N,56.12013154009137,industrial,Madras Aluminium Company Ltd (MALCO),cpcb_verified,11.788,77.8004,cpcb_0,Madras Aluminium Company Ltd (MALCO),Aluminium,3.7459448077264352,Gobichettipalayam,town,False,False,scrub_biomass_burn,Rural scrubland / open biomass near Gobichettipalayam (3.7 km),cpcb_0,False,,,0,1,scrub_biomass_burn,0.977
11.81078,77.92224,306.49,0.4,0.37,2026-07-25,2036,N,VIIRS,n,2.0NRT,291.69,1.16,N,13.501454390233013,industrial,Madras Aluminium Company Ltd (MALCO),cpcb_verified,11.788,77.8004,cpcb_0,Madras Aluminium Company Ltd (MALCO),Aluminium,0.802403789968004,Kukkalpatti,village,False,False,agricultural_burn,"Agricultural cropland near Kukkalpatti (village, 0.8 km)",cpcb_0,False,,,0,1,agricultural_burn,0.987
8.84475,77.52363,330.39,0.4,0.37,2026-07-25,2038,N,VIIRS,n,2.0NRT,295.85,1.67,N,17.44642798913887,industrial,Empee Sugars and Chemicals Ltd,cpcb_verified,8.7089,77.4442,cpcb_38,Empee Sugars and Chemicals Ltd,Sugar,1.5664751671686137,Maruthamputhur,village,False,False,agricultural_burn,"Agricultural cropland near Maruthamputhur (village, 1.6 km)",cpcb_38,False,,,0,1,agricultural_burn,0.985
9.20834,77.50013,312.16,0.4,0.37,2026-07-25,2038,N,VIIRS,n,2.0NRT,295.61,1.06,N,55.87394065397854,industrial,Empee Sugars and Chemicals Ltd,cpcb_verified,8.7089,77.4442,cpcb_38,Empee Sugars and Chemicals Ltd,Sugar,1.4075566988351826,Anaiyur,village,False,False,agricultural_burn,"Agricultural cropland near Anaiyur (village, 1.4 km)",cpcb_38,False,,,0,1,agricultural_burn,0.987
9.61007,78.25507,313.98,0.42,0.38,2026-07-25,2038,N,VIIRS,n,2.0NRT,293.7,0.98,N,4.665035718775665,industrial,unnamed,tn_central,9.5796728,78.284396,1268376347,,,5.167728078529592,Kadukondan,village,False,False,scrub_biomass_burn,Rural scrubland / open biomass near Kadukondan (5.2 km),1268376347,False,,,0,1,scrub_biomass_burn,0.979
9.6107,78.25127,311.69,0.42,0.38,2026-07-25,2038,N,VIIRS,n,2.0NRT,293.51,0.98,N,5.009366009092535,industrial,unnamed,tn_central,9.5796728,78.284396,1268376347,,,5.5659323125991405,Kadukondan,village,False,False,scrub_biomass_burn,Rural scrubland / open biomass near Kadukondan (5.6 km),1268376347,False,,,0,1,scrub_biomass_burn,0.981
