latitude,longitude,bright_ti4,scan,track,acq_date,acq_time,satellite,instrument,confidence,version,bright_ti5,frp,daynight,nearest_industrial_km,nearest_industrial_type,nearest_industrial_name,nearest_industrial_region,preliminary_class,in_forest,in_farmland,final_class,facility_osm_id,facility_distance_km,baseline_frp_mean,baseline_frp_std,baseline_sample_count,is_anomaly,daynight_flag,confidence_num,ml_prediction,ml_confidence,ml_agrees_with_rules
17.93212,95.2068,327.1,0.33,0.55,2026-09-16,629,N,VIIRS,n,2.0NRT,288.69,2.44,D,923.1480669081004,industrial,Dhamra Port,jharkhand_odisha,likely_natural,False,False,unclassified,158493338,923.1480669081004,,,,False,1,1,unclassified,0.9667708333333332,True
18.12336,95.82533,327.92,0.59,0.53,2026-09-16,629,N,VIIRS,n,2.0NRT,288.63,2.22,D,976.9096441784276,industrial,Dhamra Port,jharkhand_odisha,likely_natural,False,False,unclassified,158493338,976.9096441784276,,,,False,1,1,unclassified,0.9517708333333332,True
7.78505,80.01879,333.3,0.39,0.36,2026-09-16,807,N,VIIRS,n,2.0NRT,295.66,1.47,D,38.10649806423566,works,unnamed,tamil_nadu,likely_natural,False,False,unclassified,891580861,38.10649806423566,,,,False,1,1,unclassified,0.8905882352941177,True
8.3511,80.62151,333.25,0.38,0.36,2026-09-16,807,N,VIIRS,n,2.0NRT,296.58,3.88,D,19.14760910696794,plant,unnamed,tamil_nadu,likely_natural,False,False,unclassified,1455459259,19.14760910696794,,,,False,1,1,wildfire,0.5833060476745127,False
8.40335,81.0512,330.54,0.38,0.36,2026-09-16,807,N,VIIRS,n,2.0NRT,287.92,2.55,D,65.84908869214773,plant,unnamed,tamil_nadu,likely_natural,False,False,unclassified,1455459259,65.84908869214773,,,,False,1,1,unclassified,0.9367708333333333,True
10.86468,78.57971,346.45,0.41,0.37,2026-09-16,809,N,VIIRS,n,2.0NRT,303.06,6.54,D,12.190208751725937,industrial,unnamed,tamil_nadu,likely_natural,False,True,agricultural_burn,1410857831,12.190208751725937,,,,False,1,1,unclassified,0.6588226515387733,False
11.06063,77.64198,336.72,0.44,0.38,2026-09-16,809,N,VIIRS,l,2.0NRT,301.93,8.03,D,5.181194119917974,industrial,unnamed,tamil_nadu,likely_natural,False,False,unclassified,1268477325,5.181194119917974,,,,False,1,0,unclassified,0.697114439388335,True
11.88033,79.37421,332.62,0.39,0.36,2026-09-16,809,N,VIIRS,n,2.0NRT,302.2,4.36,D,6.014747502098284,industrial,Chengalvarayan Co-operative Sugar Mills Ltd. Periyasevalai,tamil_nadu,likely_natural,False,False,unclassified,352996973,6.014747502098284,,,,False,1,1,unclassified,0.5422740528166274,True
12.41312,79.09644,334.22,0.39,0.36,2026-09-16,809,N,VIIRS,n,2.0NRT,303.56,2.54,D,17.677460934132945,industrial,unnamed,tamil_nadu,likely_natural,False,False,unclassified,1025064116,17.677460934132945,,,,False,1,1,wildfire,0.5083814223967047,False
12.68162,79.69539,331.85,0.38,0.36,2026-09-16,809,N,VIIRS,l,2.0NRT,302.08,2.56,D,5.45845495835576,industrial,Cheyyar SEZ Developers Pvt. Ltd.,andhra_telangana,likely_natural,False,False,unclassified,597913161,5.45845495835576,,,,False,1,0,unclassified,0.5184527787661436,True
12.80444,79.90247,335.05,0.38,0.36,2026-09-16,809,N,VIIRS,n,2.0NRT,301.49,3.44,D,0.0880705288231227,industrial,unnamed,andhra_telangana,likely_industrial,False,False,industrial_fire,1425509044,0.0880705288231227,,,,False,1,1,industrial_fire,0.9585275689223058,True
12.80921,79.95585,332.37,0.38,0.36,2026-09-16,809,N,VIIRS,l,2.0NRT,302.72,1.92,D,3.21859286288804,works,unnamed,andhra_telangana,likely_natural,False,False,unclassified,1053243953,3.21859286288804,,,,False,1,0,unclassified,0.607651398263099,True
12.83462,79.9446,330.86,0.38,0.36,2026-09-16,809,N,VIIRS,l,2.0NRT,304.3,3.9,D,0.2847445810575489,industrial,Renault Nissan,andhra_telangana,likely_industrial,True,False,industrial_fire,191527886,0.2847445810575489,5.26,2.63,1.0,False,1,0,industrial_fire,0.935,True
12.83739,79.94054,335.33,0.38,0.36,2026-09-16,809,N,VIIRS,l,2.0NRT,307.01,1.79,D,0.2560072397165143,industrial,Renault Nissan,andhra_telangana,likely_industrial,True,False,industrial_fire,191527886,0.2560072397165143,5.26,2.63,1.0,False,1,0,industrial_fire,0.83,True
12.8407,79.94003,330.26,0.38,0.36,2026-09-16,809,N,VIIRS,l,2.0NRT,301.79,1.79,D,0.5924060305191722,industrial,Renault Nissan,andhra_telangana,likely_industrial,True,False,industrial_fire,191527886,0.5924060305191722,5.26,2.63,1.0,False,1,0,industrial_fire,0.835,True
12.85502,79.94497,331.64,0.38,0.36,2026-09-16,809,N,VIIRS,l,2.0NRT,302.95,2.95,D,0.2835774202374453,industrial,unnamed,andhra_telangana,likely_industrial,False,False,industrial_fire,661546337,0.2835774202374453,3.625,1.3505739520663058,2.0,False,1,0,industrial_fire,0.9283333333333335,True
12.85833,79.94445,333.53,0.38,0.36,2026-09-16,809,N,VIIRS,n,2.0NRT,303.38,3.78,D,0.088916413851962,industrial,unnamed,andhra_telangana,likely_industrial,False,False,industrial_fire,661546337,0.088916413851962,3.625,1.3505739520663058,2.0,False,1,1,industrial_fire,0.9544047619047621,True
12.87986,79.90807,336.19,0.38,0.36,2026-09-16,809,N,VIIRS,n,2.0NRT,305.99,6.6,D,0.2994619746734046,industrial,unnamed,andhra_telangana,likely_industrial,True,True,industrial_fire,1055416512,0.2994619746734046,,,,False,1,1,industrial_fire,0.9502562569009939,True
12.90249,79.90087,333.48,0.38,0.36,2026-09-16,809,N,VIIRS,l,2.0NRT,306.91,4.88,D,0.0648385691371898,works,unnamed,andhra_telangana,likely_industrial,False,True,industrial_fire,749986036,0.0648385691371898,,,,False,1,0,industrial_fire,0.9866666666666667,True
12.98208,80.0002,331.36,0.38,0.36,2026-09-16,809,N,VIIRS,l,2.0NRT,304.69,2.3,D,1.5203455029274835,works,unnamed,andhra_telangana,likely_industrial,False,False,industrial_fire,38444699,1.5203455029274835,,,,False,1,0,industrial_fire,0.79,True
13.0316,76.11507,330.22,0.49,0.4,2026-09-16,809,N,VIIRS,l,2.0NRT,302.69,4.8,D,51.792904245146346,industrial,unnamed,andhra_telangana,likely_natural,False,False,unclassified,1003158347,51.792904245146346,,,,False,1,0,unclassified,0.9483333333333335,True
13.43832,79.71164,331.64,0.38,0.36,2026-09-16,809,N,VIIRS,l,2.0NRT,303.57,4.06,D,17.24326069889118,industrial,"APSRTC Bus Depot, Puttur",andhra_telangana,likely_natural,False,False,unclassified,1415875785,17.24326069889118,,,,False,1,0,unclassified,0.4382941203719153,True
13.48112,78.97852,336.22,0.39,0.36,2026-09-16,809,N,VIIRS,n,2.0NRT,297.64,1.94,D,9.838372479838617,industrial,unnamed,andhra_telangana,likely_natural,True,False,wildfire,1264688218,9.838372479838617,,,,False,1,1,wildfire,0.6376390986046032,True
13.57117,79.69406,331.49,0.38,0.36,2026-09-16,809,N,VIIRS,l,2.0NRT,302.88,2.41,D,4.882814597969531,industrial,unnamed,andhra_telangana,likely_natural,False,False,unclassified,1002542311,4.882814597969531,,,,False,1,0,unclassified,0.5760874578933302,True
13.65174,76.52674,338.53,0.46,0.39,2026-09-16,809,N,VIIRS,n,2.0NRT,300.26,3.52,D,10.74870129343141,industrial,unnamed,andhra_telangana,likely_natural,False,False,unclassified,1260740170,10.74870129343141,,,,False,1,1,agricultural_burn,0.5465477066694259,False
13.67833,79.60012,336.71,0.38,0.36,2026-09-16,809,N,VIIRS,n,2.0NRT,305.53,5.57,D,2.5360807889477885,industrial,unnamed,andhra_telangana,likely_natural,False,False,unclassified,1024421932,2.5360807889477885,,,,False,1,1,unclassified,0.7117583285022212,True
13.82196,79.63383,335.88,0.38,0.36,2026-09-16,809,N,VIIRS,n,2.0NRT,305.12,5.69,D,10.04951682488702,industrial,unnamed,andhra_telangana,likely_natural,False,False,unclassified,1024421935,10.04951682488702,,,,False,1,1,wildfire,0.4434392518043414,False
14.1287,79.75809,332.0,0.38,0.36,2026-09-16,809,N,VIIRS,l,2.0NRT,303.1,3.35,D,9.02641235180165,industrial,unnamed,andhra_telangana,likely_natural,False,False,unclassified,1017202530,9.02641235180165,,,,False,1,0,wildfire,0.5712230835246592,False
14.38803,77.74513,334.31,0.41,0.37,2026-09-16,809,N,VIIRS,l,2.0NRT,301.14,4.07,D,4.089172970499096,industrial,"APSRTC Bus Depot , Dharmavaram",andhra_telangana,likely_natural,False,False,unclassified,1416288599,4.089172970499096,,,,False,1,0,unclassified,0.7099631652848053,True
15.05126,79.73014,337.98,0.39,0.36,2026-09-16,809,N,VIIRS,n,2.0NRT,305.06,5.02,D,20.276614939112307,industrial,unnamed,andhra_telangana,likely_natural,False,False,unclassified,1264929592,20.276614939112307,,,,False,1,1,unclassified,0.47433618156205204,True
15.17474,76.65694,336.59,0.44,0.38,2026-09-16,809,N,VIIRS,l,2.0NRT,306.73,6.22,D,1.419506870513211,industrial,Vijayanagar Toranagallu Power Station,andhra_telangana,likely_industrial,False,False,industrial_fire,822601316,1.419506870513211,2.1679166666666667,1.308846322981846,72.0,True,1,0,industrial_fire,0.9791346153846153,True
15.18322,76.64294,340.89,0.44,0.38,2026-09-16,809,N,VIIRS,l,2.0NRT,304.23,6.02,D,2.342964927304097,industrial,Vijayanagar Toranagallu Power Station,andhra_telangana,likely_natural,False,False,unclassified,822601316,2.342964927304097,2.1679166666666667,1.308846322981846,72.0,False,1,0,unclassified,0.45764744614132724,True
15.24818,75.19145,332.29,0.51,0.41,2026-09-16,809,N,VIIRS,n,2.0NRT,297.84,3.02,D,40.08808625111673,works,unnamed,maharashtra,likely_natural,False,False,unclassified,923974516,40.08808625111673,,,,False,1,1,unclassified,0.959442947725649,True
15.24926,75.19452,330.95,0.51,0.41,2026-09-16,809,N,VIIRS,l,2.0NRT,298.74,3.49,D,40.2392238923528,works,unnamed,maharashtra,likely_natural,False,False,unclassified,923974516,40.2392238923528,,,,False,1,0,unclassified,0.895,True
15.63841,78.10263,333.16,0.39,0.36,2026-09-16,809,N,VIIRS,n,2.0NRT,301.14,4.0,D,15.988948615999904,industrial,unnamed,maharashtra,likely_natural,False,False,unclassified,1065889087,15.988948615999904,,,,False,1,1,wildfire,0.6083257305367316,False
15.82627,80.05234,345.32,0.39,0.36,2026-09-16,809,N,VIIRS,n,2.0NRT,304.44,5.21,D,1.6268478946092124,industrial,Sri Veda cold storage,maharashtra,likely_industrial,False,False,industrial_fire,1186643568,1.6268478946092124,,,,False,1,1,industrial_fire,0.8985302197802199,True
15.83647,79.50893,340.87,0.38,0.36,2026-09-16,809,N,VIIRS,n,2.0NRT,306.71,5.83,D,26.9269241570968,industrial,"APSRTC Bus Depot , Markapuram",maharashtra,likely_natural,False,False,unclassified,1416314652,26.9269241570968,,,,False,1,1,unclassified,0.931174133577151,True
15.86686,79.89035,348.83,0.39,0.36,2026-09-16,809,N,VIIRS,n,2.0NRT,305.99,10.09,D,7.045407343326828,industrial,Mud brick factory,maharashtra,likely_natural,False,False,unclassified,1186363213,7.045407343326828,,,,False,1,1,agricultural_burn,0.5180959626897489,False
15.87144,80.60111,337.37,0.4,0.37,2026-09-16,809,N,VIIRS,n,2.0NRT,304.36,3.2,D,12.750200617550489,industrial,"APSRTC Bus Depot , Bapatla",maharashtra,likely_natural,False,False,unclassified,1416319073,12.750200617550489,,,,False,1,1,unclassified,0.4400344686843121,True
16.5696,75.22845,334.66,0.49,0.4,2026-09-16,809,N,VIIRS,l,2.0NRT,305.08,16.85,D,1.630717105781044,industrial,Project Jamkhandi,maharashtra,likely_industrial,False,False,industrial_fire,899907048,1.630717105781044,,,,False,1,0,industrial_fire,0.985,True
16.71376,79.56265,346.19,0.39,0.36,2026-09-16,809,N,VIIRS,n,2.0NRT,303.1,5.28,D,1.327106581409336,industrial,Yadadri Thermal Power Plant,maharashtra,likely_industrial,False,False,industrial_fire,1082084862,1.327106581409336,,,,False,1,1,industrial_fire,0.8951968864468864,True
16.80981,80.20505,330.39,0.4,0.37,2026-09-16,809,N,VIIRS,l,2.0NRT,301.62,4.55,D,6.052434558743072,industrial,unnamed,maharashtra,likely_natural,False,False,unclassified,527502773,6.052434558743072,,,,False,1,0,unclassified,0.7822257638236624,True
16.81149,80.20468,331.81,0.4,0.37,2026-09-16,809,N,VIIRS,n,2.0NRT,300.89,4.09,D,6.011633364356567,industrial,unnamed,maharashtra,likely_natural,False,False,unclassified,527502773,6.011633364356567,,,,False,1,1,unclassified,0.5587907911307728,True
16.85604,79.14082,332.95,0.38,0.36,2026-09-16,809,N,VIIRS,l,2.0NRT,303.83,1.37,D,10.147421483207456,industrial,unnamed,maharashtra,likely_natural,False,False,unclassified,1260639520,10.147421483207456,,,,False,1,0,wildfire,0.5283888852537677,False
17.04335,80.70287,334.67,0.41,0.37,2026-09-16,809,N,VIIRS,n,2.0NRT,300.52,2.58,D,12.7775922580256,industrial,"APSRTC Bus Depot , Tiruvuru",andhra_telangana,likely_natural,False,False,unclassified,1232843777,12.7775922580256,,,,False,1,1,wildfire,0.48702098369670455,False
17.05987,80.1198,332.97,0.4,0.37,2026-09-16,809,N,VIIRS,n,2.0NRT,300.19,2.59,D,13.148224877906136,industrial,unnamed,maharashtra,likely_natural,False,False,unclassified,1284613930,13.148224877906136,,,,False,1,1,wildfire,0.5201556850806319,False
17.14139,80.77789,330.39,0.41,0.37,2026-09-16,809,N,VIIRS,n,2.0NRT,298.65,2.05,D,9.337626527485522,industrial,unnamed,andhra_telangana,likely_natural,False,False,unclassified,776427277,9.337626527485522,,,,False,1,1,unclassified,0.6581731619931779,True
17.58362,75.70586,333.38,0.45,0.39,2026-09-16,809,N,VIIRS,l,2.0NRT,301.8,6.18,D,6.105960215270945,industrial,unnamed,maharashtra,likely_natural,False,False,unclassified,910147451,6.105960215270945,,,,False,1,0,unclassified,0.47863743255997515,True
18.30667,79.47578,330.51,0.39,0.36,2026-09-16,809,N,VIIRS,n,2.0NRT,299.71,2.59,D,15.119744826261812,industrial,"TGSRTC Bus Depot , Huzurabad",maharashtra,likely_natural,False,False,unclassified,1496442632,15.119744826261812,,,,False,1,1,unclassified,0.5665592476153389,True
18.05582,75.26559,344.31,0.47,0.39,2026-09-16,811,N,VIIRS,n,2.0NRT,301.37,4.1,D,1.2821395354716707,works,unnamed,maharashtra,likely_industrial,False,False,industrial_fire,910138007,1.2821395354716707,,,,False,1,1,industrial_fire,0.8985302197802199,True
18.6819,73.03521,333.12,0.4,0.44,2026-09-16,811,N,VIIRS,n,2.0NRT,292.08,4.5,D,0.9630582546388996,industrial,unnamed,maharashtra,likely_industrial,False,False,industrial_fire,1228954771,0.9630582546388996,3.011818181818182,2.049101355139946,11.0,False,1,1,industrial_fire,0.9683516483516484,True
19.91829,74.21223,339.65,0.5,0.41,2026-09-16,811,N,VIIRS,n,2.0NRT,298.09,8.38,D,13.43153059770014,industrial,unnamed,maharashtra,likely_natural,False,False,unclassified,1003080725,13.43153059770014,,,,False,1,1,unclassified,0.6549369692190966,True
20.69658,78.63722,330.03,0.39,0.36,2026-09-16,811,N,VIIRS,l,2.0NRT,304.32,2.59,D,0.3112080724652027,industrial,unnamed,maharashtra,likely_industrial,False,False,industrial_fire,374941186,0.3112080724652027,0.9466666666666668,0.1604161255402129,3.0,True,1,0,industrial_fire,0.88,True
20.79536,85.25188,330.11,0.52,0.5,2026-09-16,811,N,VIIRS,n,2.0NRT,291.5,3.29,D,1.2669464711828444,industrial,Meramandali Power Station,jharkhand_odisha,likely_industrial,False,False,industrial_fire,396925738,1.2669464711828444,3.709230769230769,2.8131075981864537,13.0,False,1,1,industrial_fire,0.9451388888888889,True
20.88488,84.98148,333.65,0.5,0.49,2026-09-16,811,N,VIIRS,n,2.0NRT,295.07,4.26,D,1.2154238576284977,industrial,Angul Steel Plant,jharkhand_odisha,likely_industrial,False,False,industrial_fire,660307106,1.2154238576284977,2.5683333333333334,1.067227382385912,36.0,False,1,1,industrial_fire,0.9585897435897438,True
20.88672,84.98424,341.92,0.5,0.49,2026-09-16,811,N,VIIRS,n,2.0NRT,294.99,7.3,D,1.0361823557142198,industrial,Angul Steel Power Plant,jharkhand_odisha,likely_industrial,False,False,industrial_fire,1012595669,1.0361823557142198,1.45,0.3111269837220808,2.0,True,1,1,industrial_fire,0.8922802197802199,True
20.96785,85.17305,342.26,0.51,0.49,2026-09-16,811,N,VIIRS,n,2.0NRT,297.43,8.52,D,3.742401031450926,industrial,unnamed,jharkhand_odisha,likely_natural,False,False,unclassified,1021846869,3.742401031450926,,,,False,1,1,unclassified,0.5366223262452583,True
21.33731,78.96886,330.67,0.39,0.36,2026-09-16,811,N,VIIRS,n,2.0NRT,298.62,3.54,D,4.48823566602218,industrial,unnamed,maharashtra,likely_natural,False,False,unclassified,133732505,4.48823566602218,,,,False,1,1,unclassified,0.6363496597915429,True
21.67842,84.03878,336.05,0.44,0.46,2026-09-16,811,N,VIIRS,n,2.0NRT,298.46,7.96,D,0.4502321243804915,industrial,Shyam Metallic & Energy,jharkhand_odisha,likely_industrial,False,False,industrial_fire,949319148,0.4502321243804915,3.03625,2.0614900124493865,8.0,True,1,1,industrial_fire,0.9708652312599682,True
21.74078,83.84452,331.02,0.43,0.46,2026-09-16,811,N,VIIRS,n,2.0NRT,298.81,5.96,D,0.5810497107411055,industrial,coal washery,jharkhand_odisha,likely_industrial,False,False,industrial_fire,1442753896,0.5810497107411055,2.454,0.8528410038089034,10.0,True,1,1,industrial_fire,0.9706730769230769,True
21.74503,83.844,339.95,0.43,0.46,2026-09-16,811,N,VIIRS,n,2.0NRT,298.95,7.48,D,0.8546443608032498,industrial,unnamed,jharkhand_odisha,likely_industrial,False,False,industrial_fire,968282857,0.8546443608032498,4.3878,2.768691793049194,50.0,False,1,1,industrial_fire,0.9428302434280696,True
21.74927,83.84347,346.49,0.43,0.46,2026-09-16,811,N,VIIRS,n,2.0NRT,298.88,7.48,D,0.857872956510386,industrial,unnamed,jharkhand_odisha,likely_industrial,False,False,industrial_fire,968282857,0.857872956510386,4.3878,2.768691793049194,50.0,False,1,1,industrial_fire,0.8778571428571428,True
21.75352,83.84294,338.32,0.43,0.46,2026-09-16,811,N,VIIRS,n,2.0NRT,299.21,3.22,D,1.0926261653770846,industrial,unnamed,jharkhand_odisha,likely_industrial,False,False,industrial_fire,968282857,1.0926261653770846,4.3878,2.768691793049194,50.0,False,1,1,industrial_fire,0.9537267080745342,True
21.75776,83.84239,331.62,0.43,0.46,2026-09-16,811,N,VIIRS,n,2.0NRT,297.03,3.22,D,0.9838177750203592,industrial,unnamed,jharkhand_odisha,likely_industrial,False,False,industrial_fire,968282854,0.9838177750203592,3.560666666666666,3.063565771791956,15.0,False,1,1,industrial_fire,0.9595833333333335,True
21.75826,83.84662,336.06,0.43,0.46,2026-09-16,811,N,VIIRS,n,2.0NRT,298.0,8.52,D,0.9749347159503652,industrial,unnamed,jharkhand_odisha,likely_industrial,False,False,industrial_fire,968282854,0.9749347159503652,3.560666666666666,3.063565771791956,15.0,False,1,1,industrial_fire,0.9708652312599682,True
21.763,83.85031,332.17,0.43,0.46,2026-09-16,811,N,VIIRS,n,2.0NRT,297.0,5.64,D,0.803610410387057,industrial,unnamed,jharkhand_odisha,likely_industrial,False,False,industrial_fire,968282854,0.803610410387057,3.560666666666666,3.063565771791956,15.0,False,1,1,industrial_fire,0.9600183150183151,True
21.92159,83.34818,331.54,0.41,0.45,2026-09-16,811,N,VIIRS,n,2.0NRT,298.25,5.63,D,0.5493944627113823,industrial,Raigarh Jindal power station,jharkhand_odisha,likely_industrial,False,False,industrial_fire,1093898245,0.5493944627113823,1.74,0.7285830998131464,7.0,True,1,1,industrial_fire,0.956923076923077,True
21.92207,83.35213,342.48,0.41,0.45,2026-09-16,811,N,VIIRS,n,2.0NRT,298.59,10.48,D,0.7499360088060013,industrial,Jindal Steel Works,jharkhand_odisha,likely_industrial,False,False,industrial_fire,119390670,0.7499360088060013,2.87875,2.153485132125531,8.0,True,1,1,industrial_fire,0.9478571428571427,True
21.92476,83.33973,334.79,0.41,0.45,2026-09-16,811,N,VIIRS,n,2.0NRT,299.64,5.44,D,0.5541961383708117,industrial,Raigarh Jindal power station,jharkhand_odisha,likely_industrial,False,False,industrial_fire,1093898245,0.5541961383708117,1.74,0.7285830998131464,7.0,True,1,1,industrial_fire,0.9561924040871409,True
22.03979,83.72896,339.03,0.43,0.46,2026-09-16,811,N,VIIRS,n,2.0NRT,297.28,4.87,D,16.3189075278413,industrial,Hemgir Coal Washery,jharkhand_odisha,likely_natural,True,False,wildfire,338164120,16.3189075278413,,,,False,1,1,wildfire,0.5522539965428555,True
22.35761,82.30546,338.35,0.54,0.42,2026-09-16,811,N,VIIRS,n,2.0NRT,299.06,8.15,D,13.31229232111414,industrial,Bhandhakhar Power Station,jharkhand_odisha,likely_natural,False,False,unclassified,437012404,13.31229232111414,,,,False,1,1,unclassified,0.6422226835048108,True
22.78692,86.20747,333.4,0.63,0.54,2026-09-16,811,N,VIIRS,n,2.0NRT,295.86,11.78,D,0.846632583785177,industrial,Tata Steel,jharkhand_odisha,likely_industrial,False,False,industrial_fire,60260584,0.846632583785177,1.8723809523809525,1.2979249006082931,21.0,True,1,1,industrial_fire,0.9772916666666666,True
23.67685,86.39706,329.99,0.33,0.55,2026-09-16,811,N,VIIRS,n,2.0NRT,294.2,2.51,D,2.749382858432545,industrial,unnamed,jharkhand_odisha,likely_natural,False,False,unclassified,825940073,2.749382858432545,2.834705882352941,1.8267221930518704,17.0,False,1,1,unclassified,0.8936820355478424,True
23.67715,86.40037,328.92,0.33,0.55,2026-09-16,811,N,VIIRS,n,2.0NRT,293.93,2.51,D,2.730619467565211,industrial,unnamed,jharkhand_odisha,likely_natural,False,False,unclassified,825940073,2.730619467565211,2.834705882352941,1.8267221930518704,17.0,False,1,1,unclassified,0.8986820355478424,True
23.68198,86.39639,329.38,0.33,0.55,2026-09-16,811,N,VIIRS,n,2.0NRT,294.03,2.51,D,2.18172658339447,industrial,unnamed,jharkhand_odisha,likely_natural,False,False,unclassified,825940073,2.18172658339447,2.834705882352941,1.8267221930518704,17.0,False,1,1,unclassified,0.7547237022145091,True
23.68524,86.39467,336.55,0.33,0.55,2026-09-16,811,N,VIIRS,n,2.0NRT,294.41,7.07,D,1.839634299122474,industrial,unnamed,jharkhand_odisha,likely_industrial,False,False,industrial_fire,825940073,1.839634299122474,2.834705882352941,1.8267221930518704,17.0,True,1,1,industrial_fire,0.9552562569009939,True
23.68681,86.39255,333.33,0.33,0.55,2026-09-16,811,N,VIIRS,n,2.0NRT,294.67,4.73,D,1.7187761539778457,industrial,unnamed,jharkhand_odisha,likely_industrial,False,False,industrial_fire,825940073,1.7187761539778457,2.834705882352941,1.8267221930518704,17.0,False,1,1,industrial_fire,0.9679349816849817,True
23.73745,86.43335,335.1,0.33,0.55,2026-09-16,811,N,VIIRS,n,2.0NRT,292.38,3.56,D,4.988344989809171,industrial,unnamed,jharkhand_odisha,likely_natural,False,False,unclassified,528391297,4.988344989809171,1.9647619047619047,1.193254453365329,21.0,False,1,1,unclassified,0.540416548675337,True
23.77765,86.21114,349.15,0.32,0.55,2026-09-16,811,N,VIIRS,n,2.0NRT,295.46,6.63,D,2.2435918713456875,industrial,unnamed,jharkhand_odisha,likely_natural,False,False,unclassified,825940046,2.2435918713456875,1.7594999999999998,1.7945838837428227,20.0,False,1,1,agricultural_burn,0.7002249873244029,False
23.78103,86.21056,356.47,0.32,0.55,2026-09-16,811,N,VIIRS,n,2.0NRT,296.22,8.94,D,2.0094275844249103,industrial,unnamed,jharkhand_odisha,likely_natural,False,False,unclassified,825940046,2.0094275844249103,1.7594999999999998,1.7945838837428227,20.0,False,1,1,industrial_fire,0.545,False
27.72097,68.09737,333.52,0.54,0.51,2026-09-16,813,N,VIIRS,n,2.0NRT,300.12,7.08,D,94.60866857571068,industrial,unnamed,rajasthan,likely_natural,False,False,unclassified,398570782,94.60866857571068,,,,False,1,1,unclassified,0.9768894230769232,True
27.7227,68.09802,331.18,0.54,0.51,2026-09-16,813,N,VIIRS,n,2.0NRT,299.9,3.77,D,94.5846623422788,industrial,unnamed,rajasthan,likely_natural,False,False,unclassified,398570782,94.5846623422788,,,,False,1,1,unclassified,0.9306534780578899,True
27.97973,69.00108,341.47,0.47,0.48,2026-09-16,813,N,VIIRS,n,2.0NRT,300.42,4.93,D,9.452974030518355,industrial,unnamed,rajasthan,likely_natural,False,False,unclassified,398203739,9.452974030518355,,,,False,1,1,agricultural_burn,0.5154888609205394,False
28.05136,69.37017,336.2,0.45,0.47,2026-09-16,813,N,VIIRS,n,2.0NRT,298.91,4.45,D,0.6294484187249919,industrial,Qadirpur Gas Plant,rajasthan,likely_industrial,False,False,industrial_fire,1049716917,0.6294484187249919,,,,False,1,1,industrial_fire,0.964141122035859,True
30.98641,74.78347,331.93,0.39,0.36,2026-09-16,813,N,VIIRS,n,2.0NRT,297.46,5.37,D,112.11126956935296,industrial,unnamed,rajasthan,likely_natural,False,False,unclassified,1510971660,112.11126956935296,,,,False,1,1,unclassified,0.9756711691086691,True
30.99784,74.74787,335.12,0.39,0.36,2026-09-16,813,N,VIIRS,n,2.0NRT,300.3,12.64,D,113.7845087527352,industrial,unnamed,rajasthan,likely_natural,False,False,unclassified,1510971660,113.7845087527352,,,,False,1,1,unclassified,0.9881820175438597,True
31.01441,74.44933,330.32,0.39,0.36,2026-09-16,813,N,VIIRS,n,2.0NRT,298.74,1.95,D,120.41802203633176,plant,Killanwali,rajasthan,likely_natural,False,False,unclassified,871716957,120.41802203633176,,,,False,1,1,unclassified,0.9567708333333332,True
31.06881,74.55436,336.07,0.39,0.36,2026-09-16,813,N,VIIRS,n,2.0NRT,300.36,2.36,D,125.03989860668928,plant,Killanwali,rajasthan,likely_natural,False,False,unclassified,871716957,125.03989860668928,,,,False,1,1,unclassified,0.9117559984520125,True
31.0802,74.51857,337.64,0.39,0.36,2026-09-16,813,N,VIIRS,n,2.0NRT,297.79,3.24,D,126.66207500296876,plant,Killanwali,rajasthan,likely_natural,False,False,unclassified,871716957,126.66207500296876,,,,False,1,1,unclassified,0.9641089396284831,True
31.14556,75.06457,339.46,0.38,0.36,2026-09-16,813,N,VIIRS,n,2.0NRT,297.5,4.48,D,130.03849098911195,industrial,unnamed,rajasthan,likely_natural,False,False,unclassified,1510971660,130.03849098911195,,,,False,1,1,unclassified,0.9725238095238095,True
31.34922,74.54587,334.97,0.39,0.36,2026-09-16,813,N,VIIRS,n,2.0NRT,298.14,2.6,D,155.71722956999363,industrial,unnamed,rajasthan,likely_natural,False,False,unclassified,1510971660,155.71722956999363,,,,False,1,1,unclassified,0.9567559984520124,True
31.35252,74.54516,335.9,0.39,0.36,2026-09-16,813,N,VIIRS,n,2.0NRT,301.32,3.56,D,156.08995194981853,industrial,unnamed,rajasthan,likely_natural,False,False,unclassified,1510971660,156.08995194981853,,,,False,1,1,unclassified,0.9522180082559341,True
31.49055,74.60322,331.54,0.39,0.36,2026-09-16,813,N,VIIRS,n,2.0NRT,295.54,3.5,D,170.04532122635706,industrial,unnamed,rajasthan,likely_natural,False,False,unclassified,1510971660,170.04532122635706,,,,False,1,1,unclassified,0.8968157587596443,True
31.57678,75.11276,337.43,0.38,0.36,2026-09-16,813,N,VIIRS,n,2.0NRT,302.35,4.91,D,178.19779077815355,industrial,unnamed,rajasthan,likely_natural,False,False,unclassified,1510971660,178.19779077815355,,,,False,1,1,unclassified,0.974217273954116,True
31.62166,75.02859,334.12,0.38,0.36,2026-09-16,813,N,VIIRS,n,2.0NRT,300.32,1.86,D,182.4751756466984,industrial,unnamed,rajasthan,likely_natural,False,False,unclassified,1510971660,182.4751756466984,,,,False,1,1,unclassified,0.9417559984520125,True
31.89338,73.83569,347.49,0.39,0.36,2026-09-16,813,N,VIIRS,n,2.0NRT,301.27,5.58,D,217.5320182697494,plant,unnamed,rajasthan,likely_natural,False,False,unclassified,1431799848,217.5320182697494,,,,False,1,1,unclassified,0.9883333333333334,True
34.00336,75.5161,332.88,0.39,0.36,2026-09-16,816,N,VIIRS,n,2.0NRT,299.09,10.19,D,401.6816127146743,industrial,unnamed,up_ncr,likely_natural,False,False,unclassified,635905675,401.6816127146743,,,,False,1,1,unclassified,0.9903749999999999,True
34.45443,74.24952,338.52,0.38,0.36,2026-09-16,816,N,VIIRS,n,2.0NRT,300.74,6.18,D,490.06883569437207,industrial,unnamed,up_ncr,likely_natural,False,False,unclassified,635905675,490.06883569437207,,,,False,1,1,unclassified,0.9753809523809523,True
35.43597,73.60113,336.77,0.38,0.36,2026-09-16,816,N,VIIRS,n,2.0NRT,298.77,4.43,D,607.406338759829,plant,unnamed,rajasthan,likely_natural,False,False,unclassified,1431754161,607.406338759829,,,,False,1,1,unclassified,0.9474785861713105,True
30.0696,96.98023,301.04,0.54,0.51,2026-09-16,1858,N,VIIRS,n,2.0NRT,284.06,1.79,N,1075.3259569762995,industrial,unnamed,jharkhand_odisha,likely_natural,False,False,unclassified,1095250856,1075.3259569762995,,,,False,0,1,unclassified,0.93,True
21.8812,88.16744,310.53,0.77,0.77,2026-09-16,1900,N,VIIRS,n,2.0NRT,283.74,2.55,N,90.17191629622886,plant,BEL,jharkhand_odisha,likely_natural,False,False,unclassified,421635559,90.17191629622886,1.7175,0.889056482216641,8.0,False,0,1,unclassified,0.8255434782608695,True
21.88284,88.16669,306.22,0.77,0.77,2026-09-16,1900,N,VIIRS,n,2.0NRT,284.03,1.98,N,90.02004333851316,plant,BEL,jharkhand_odisha,likely_natural,False,False,unclassified,421635559,90.02004333851316,1.7175,0.889056482216641,8.0,False,0,1,unclassified,0.945,True
22.0548,88.12333,302.18,0.77,0.78,2026-09-16,1900,N,VIIRS,n,2.0NRT,275.85,1.99,N,78.79445147390342,plant,BEL,jharkhand_odisha,likely_natural,False,False,unclassified,421635559,78.79445147390342,1.7175,0.889056482216641,8.0,False,0,1,unclassified,0.965,True
22.35476,96.70123,303.88,0.45,0.47,2026-09-16,1900,N,VIIRS,n,2.0NRT,281.19,1.32,N,950.923205612457,industrial,unnamed,jharkhand_odisha,likely_natural,False,False,unclassified,1212807081,950.923205612457,,,,False,0,1,unclassified,0.9158823529411765,True
22.35637,96.70381,300.73,0.45,0.47,2026-09-16,1900,N,VIIRS,n,2.0NRT,281.53,1.94,N,951.1568758406426,industrial,unnamed,jharkhand_odisha,likely_natural,False,False,unclassified,1212807081,951.1568758406426,,,,False,0,1,unclassified,0.95,True
36.99968,80.19336,299.59,0.4,0.37,2026-09-16,2036,N,VIIRS,n,2.0NRT,289.26,0.98,N,736.0852028572914,industrial,unnamed,up_ncr,likely_natural,False,False,unclassified,233107864,736.0852028572914,,,,False,0,1,unclassified,0.8562823529411765,True
28.74295,76.9282,303.08,0.42,0.38,2026-09-16,2038,N,VIIRS,n,2.0NRT,284.69,0.7,N,3.851723082984357,industrial,unnamed,up_ncr,likely_natural,False,False,unclassified,919824626,3.851723082984357,,,,False,0,1,unclassified,0.8153136719866932,True
28.83548,77.14072,297.75,0.42,0.37,2026-09-16,2038,N,VIIRS,n,2.0NRT,269.19,0.28,N,1.2884090918945152,industrial,unnamed,up_ncr,likely_industrial,False,False,industrial_fire,770265124,1.2884090918945152,,,,False,0,1,industrial_fire,0.985,True
35.96809,68.6856,303.07,0.45,0.63,2026-09-16,2038,N,VIIRS,n,2.0NRT,287.44,0.72,N,681.6628081777889,industrial,unnamed,rajasthan,likely_natural,False,False,unclassified,810507431,681.6628081777889,,,,False,0,1,unclassified,0.9419855072463769,True
20.26019,86.60262,308.09,0.35,0.57,2026-09-16,2040,N,VIIRS,n,2.0NRT,286.89,0.99,N,0.2687677289949491,industrial,IOCL Oil Refinery / Petrochemical Plant,jharkhand_odisha,likely_industrial,False,False,industrial_fire,476615816,0.2687677289949491,1.25,0.625,1.0,False,0,1,industrial_fire,0.99,True
20.70125,78.62218,306.59,0.4,0.37,2026-09-16,2040,N,VIIRS,n,2.0NRT,293.59,1.2,N,0.4727975922353915,industrial,unnamed,maharashtra,likely_industrial,False,False,industrial_fire,374941184,0.4727975922353915,0.76,0.38,1.0,False,0,1,industrial_fire,0.9553125,True
20.7046,78.6228,306.08,0.4,0.37,2026-09-16,2040,N,VIIRS,n,2.0NRT,293.67,1.07,N,0.1955881023140467,industrial,unnamed,maharashtra,likely_industrial,False,False,industrial_fire,374941184,0.1955881023140467,0.76,0.38,1.0,False,0,1,industrial_fire,0.970625,True
20.79671,85.25403,303.73,0.56,0.51,2026-09-16,2040,N,VIIRS,n,2.0NRT,287.43,1.73,N,1.1049164538020455,industrial,Meramandali Power Station,jharkhand_odisha,likely_industrial,False,False,industrial_fire,396925738,1.1049164538020455,3.709230769230769,2.8131075981864537,13.0,False,0,1,industrial_fire,0.98,True
20.86486,84.99007,316.5,0.54,0.51,2026-09-16,2040,N,VIIRS,n,2.0NRT,287.06,2.39,N,1.204606437611028,industrial,Angul Steel Plant,jharkhand_odisha,likely_industrial,False,False,industrial_fire,660307106,1.204606437611028,2.5683333333333334,1.067227382385912,36.0,False,0,1,industrial_fire,0.995,True
20.86736,84.99375,304.84,0.54,0.5,2026-09-16,2040,N,VIIRS,n,2.0NRT,287.31,1.68,N,1.118066997439527,industrial,Angul Steel Plant,jharkhand_odisha,likely_industrial,False,False,industrial_fire,660307106,1.118066997439527,2.5683333333333334,1.067227382385912,36.0,False,0,1,industrial_fire,0.985,True
20.86847,84.98844,307.03,0.54,0.5,2026-09-16,2040,N,VIIRS,n,2.0NRT,287.16,1.68,N,0.7768106588231973,industrial,Angul Steel Plant,jharkhand_odisha,likely_industrial,False,False,industrial_fire,660307106,0.7768106588231973,2.5683333333333334,1.067227382385912,36.0,False,0,1,industrial_fire,0.975,True
20.86948,84.99106,306.13,0.54,0.51,2026-09-16,2040,N,VIIRS,n,2.0NRT,287.45,2.39,N,0.7654455686921972,industrial,Angul Steel Plant,jharkhand_odisha,likely_industrial,False,False,industrial_fire,660307106,0.7654455686921972,2.5683333333333334,1.067227382385912,36.0,False,0,1,industrial_fire,0.985,True
20.88434,84.98166,308.54,0.53,0.5,2026-09-16,2040,N,VIIRS,n,2.0NRT,286.48,2.03,N,1.1540281222335291,industrial,Angul Steel Plant,jharkhand_odisha,likely_industrial,False,False,industrial_fire,660307106,1.1540281222335291,2.5683333333333334,1.067227382385912,36.0,False,0,1,industrial_fire,0.975,True
20.88528,84.98427,321.6,0.54,0.5,2026-09-16,2040,N,VIIRS,n,2.0NRT,286.74,2.64,N,1.1349094480318551,industrial,Angul Steel Power Plant,jharkhand_odisha,likely_industrial,False,False,industrial_fire,1012595669,1.1349094480318551,1.45,0.3111269837220808,2.0,True,0,1,industrial_fire,0.995,True
20.88892,84.98279,313.09,0.53,0.5,2026-09-16,2040,N,VIIRS,n,2.0NRT,286.23,2.28,N,0.9246821040721704,industrial,unnamed,jharkhand_odisha,likely_industrial,False,False,industrial_fire,660307102,0.9246821040721704,1.565,0.0699999999999999,4.0,True,0,1,industrial_fire,0.99,True
20.95571,85.00945,304.3,0.54,0.5,2026-09-16,2040,N,VIIRS,n,2.0NRT,285.62,1.71,N,3.979981004195879,industrial,Angul Monnet Power Company Limited,jharkhand_odisha,likely_natural,False,False,unclassified,230335221,3.979981004195879,,,,False,0,1,unclassified,0.875,True
20.9613,85.17358,307.5,0.55,0.51,2026-09-16,2040,N,VIIRS,n,2.0NRT,286.37,1.77,N,3.217848532872237,industrial,unnamed,jharkhand_odisha,likely_natural,False,False,unclassified,1021846869,3.217848532872237,,,,False,0,1,unclassified,0.5479057297715834,True
20.96234,85.16837,309.52,0.55,0.51,2026-09-16,2040,N,VIIRS,n,2.0NRT,286.59,2.93,N,2.9614886752891185,industrial,unnamed,jharkhand_odisha,likely_natural,False,False,unclassified,1021846869,2.9614886752891185,,,,False,0,1,unclassified,0.7569460649389873,True
20.96353,85.16985,311.16,0.55,0.51,2026-09-16,2040,N,VIIRS,n,2.0NRT,286.29,3.68,N,3.158440581183785,industrial,unnamed,jharkhand_odisha,likely_natural,False,False,unclassified,1021846869,3.158440581183785,,,,False,0,1,unclassified,0.8071372157415782,True
20.96461,85.16467,311.94,0.55,0.51,2026-09-16,2040,N,VIIRS,n,2.0NRT,286.5,2.84,N,2.983303358185285,industrial,unnamed,jharkhand_odisha,likely_natural,False,False,unclassified,1021846869,2.983303358185285,,,,False,0,1,unclassified,0.7919460649389872,True
20.96491,85.18665,325.75,0.55,0.51,2026-09-16,2040,N,VIIRS,n,2.0NRT,285.6,2.51,N,2.573860125445107,industrial,unnamed,jharkhand_odisha,likely_natural,False,False,unclassified,928075487,2.573860125445107,,,,False,0,1,unclassified,0.9214662843839205,True
20.966,85.1814,304.35,0.55,0.51,2026-09-16,2040,N,VIIRS,n,2.0NRT,285.45,2.51,N,3.132176230654751,industrial,unnamed,jharkhand_odisha,likely_natural,False,False,unclassified,928075487,3.132176230654751,,,,False,0,1,unclassified,0.96,True
20.96678,85.1543,305.5,0.55,0.51,2026-09-16,2040,N,VIIRS,n,2.0NRT,286.45,1.9,N,2.928722701597366,industrial,unnamed,jharkhand_odisha,likely_natural,False,False,unclassified,1021846869,2.928722701597366,,,,False,0,1,unclassified,0.9115000000000001,True
20.96709,85.17618,310.01,0.55,0.51,2026-09-16,2040,N,VIIRS,n,2.0NRT,286.15,2.17,N,3.687495844469749,industrial,unnamed,jharkhand_odisha,likely_natural,False,False,unclassified,928075487,3.687495844469749,,,,False,0,1,unclassified,0.9342346430275653,True
20.96817,85.17097,319.67,0.55,0.51,2026-09-16,2040,N,VIIRS,n,2.0NRT,286.2,2.17,N,3.650424145687876,industrial,unnamed,jharkhand_odisha,likely_natural,False,False,unclassified,1021846869,3.650424145687876,,,,False,0,1,unclassified,0.9523753752930115,True
20.97173,85.1773,311.04,0.55,0.51,2026-09-16,2040,N,VIIRS,n,2.0NRT,285.71,2.17,N,3.732160892623914,industrial,unnamed,jharkhand_odisha,likely_natural,False,False,unclassified,928075487,3.732160892623914,,,,False,0,1,unclassified,0.9292346430275653,True
20.9728,85.17211,311.7,0.55,0.51,2026-09-16,2040,N,VIIRS,n,2.0NRT,286.13,2.17,N,4.151572435615499,industrial,unnamed,jharkhand_odisha,likely_natural,False,False,unclassified,1021846869,4.151572435615499,,,,False,0,1,unclassified,0.8692346430275653,True
20.97744,85.17324,310.57,0.55,0.51,2026-09-16,2040,N,VIIRS,n,2.0NRT,285.88,1.56,N,4.379542900772164,industrial,unnamed,jharkhand_odisha,likely_natural,False,False,unclassified,928075487,4.379542900772164,,,,False,0,1,unclassified,0.87827948261416,True
20.97851,85.16806,306.29,0.55,0.51,2026-09-16,2040,N,VIIRS,n,2.0NRT,285.98,1.79,N,4.540493458859461,industrial,unnamed,jharkhand_odisha,likely_natural,False,False,unclassified,1021846869,4.540493458859461,,,,False,0,1,unclassified,0.9365000000000001,True
20.98036,85.13575,310.1,0.54,0.51,2026-09-16,2040,N,VIIRS,n,2.0NRT,287.09,3.48,N,4.739700762478624,industrial,unnamed,jharkhand_odisha,likely_natural,False,False,unclassified,1021846869,4.739700762478624,,,,False,0,1,unclassified,0.8024705490749114,True
21.07667,85.03596,306.02,0.53,0.5,2026-09-16,2040,N,VIIRS,n,2.0NRT,286.77,3.39,N,3.57198465277068,industrial,unnamed,jharkhand_odisha,likely_natural,False,False,unclassified,1007115341,3.57198465277068,,,,False,0,1,unclassified,0.9113,True
21.07738,85.03967,306.98,0.53,0.5,2026-09-16,2040,N,VIIRS,n,2.0NRT,286.59,1.76,N,3.193562606822403,industrial,unnamed,jharkhand_odisha,likely_natural,False,False,unclassified,1007115341,3.193562606822403,,,,False,0,1,unclassified,0.6923333333333334,True
21.07841,85.03456,307.67,0.53,0.5,2026-09-16,2040,N,VIIRS,n,2.0NRT,286.76,1.76,N,3.624106224325936,industrial,unnamed,jharkhand_odisha,likely_natural,False,False,unclassified,1007115341,3.624106224325936,,,,False,0,1,unclassified,0.6300476190476191,True
21.18694,81.39231,308.48,0.49,0.4,2026-09-16,2040,N,VIIRS,n,2.0NRT,292.72,2.36,N,66.28366643973766,industrial,unnamed,jharkhand_odisha,likely_natural,False,False,unclassified,458695478,66.28366643973766,,,,False,0,1,unclassified,0.81,True
21.19374,81.41823,311.61,0.49,0.41,2026-09-16,2040,N,VIIRS,n,2.0NRT,291.47,0.65,N,63.6578560280595,industrial,unnamed,jharkhand_odisha,likely_natural,False,False,unclassified,458695478,63.6578560280595,,,,False,0,1,unclassified,0.856875,True
21.23205,79.62885,308.2,0.42,0.37,2026-09-16,2040,N,VIIRS,n,2.0NRT,293.21,1.81,N,0.2125773698787661,industrial,Sunflag Steel,maharashtra,likely_industrial,False,False,industrial_fire,155467013,0.2125773698787661,0.8033333333333333,0.1050396750439248,3.0,True,0,1,industrial_fire,0.955,True
21.23264,79.63024,316.03,0.42,0.37,2026-09-16,2040,N,VIIRS,n,2.0NRT,293.69,2.78,N,0.1335205641380646,industrial,Sunflag Steel,maharashtra,likely_industrial,False,False,industrial_fire,155467013,0.1335205641380646,0.8033333333333333,0.1050396750439248,3.0,True,0,1,industrial_fire,0.99,True
21.23548,79.62951,313.84,0.42,0.37,2026-09-16,2040,N,VIIRS,n,2.0NRT,293.35,1.81,N,0.4553798015600481,industrial,Sunflag Steel,maharashtra,likely_industrial,False,False,industrial_fire,155467013,0.4553798015600481,0.8033333333333333,0.1050396750439248,3.0,True,0,1,industrial_fire,0.995,True
21.24077,79.22945,309.68,0.41,0.37,2026-09-16,2040,N,VIIRS,n,2.0NRT,293.2,1.57,N,1.7695274991957717,industrial,unnamed,maharashtra,likely_industrial,False,False,industrial_fire,133733244,1.7695274991957717,,,,False,0,1,industrial_fire,0.98,True
21.24547,79.22234,314.15,0.41,0.37,2026-09-16,2040,N,VIIRS,n,2.0NRT,293.56,1.59,N,2.619939946141268,industrial,unnamed,maharashtra,likely_natural,False,False,unclassified,133733244,2.619939946141268,,,,False,0,1,unclassified,0.94140448261416,True
21.24744,79.21069,307.87,0.41,0.37,2026-09-16,2040,N,VIIRS,n,2.0NRT,292.25,0.76,N,3.6350865039329032,industrial,unnamed,maharashtra,likely_natural,False,False,unclassified,133733244,3.6350865039329032,,,,False,0,1,unclassified,0.7276164159759163,True
21.30923,81.59255,310.77,0.5,0.41,2026-09-16,2040,N,VIIRS,n,2.0NRT,291.96,1.18,N,48.80411723233398,industrial,unnamed,jharkhand_odisha,likely_natural,False,False,unclassified,458695478,48.80411723233398,,,,False,0,1,unclassified,0.836875,True
21.33662,78.96928,326.27,0.4,0.37,2026-09-16,2040,N,VIIRS,n,2.0NRT,293.87,2.8,N,4.457523943725114,industrial,unnamed,maharashtra,likely_natural,False,False,unclassified,133732505,4.457523943725114,,,,False,0,1,unclassified,0.9464662843839206,True
21.34651,81.66743,313.63,0.51,0.41,2026-09-16,2040,N,VIIRS,n,2.0NRT,291.47,1.98,N,43.63878839621605,industrial,unnamed,jharkhand_odisha,likely_natural,False,False,unclassified,458695478,43.63878839621605,,,,False,0,1,unclassified,0.93,True
21.37555,81.67852,310.47,0.51,0.41,2026-09-16,2040,N,VIIRS,n,2.0NRT,291.81,2.28,N,41.50330205527432,plant,unnamed,jharkhand_odisha,likely_natural,False,False,unclassified,1212775828,41.50330205527432,,,,False,0,1,unclassified,0.7955434782608696,True
21.37929,81.67932,307.42,0.51,0.41,2026-09-16,2040,N,VIIRS,n,2.0NRT,291.54,2.28,N,41.22331112050805,plant,unnamed,jharkhand_odisha,likely_natural,False,False,unclassified,1212775828,41.22331112050805,,,,False,0,1,unclassified,0.72,True
21.38918,81.64635,307.95,0.5,0.41,2026-09-16,2040,N,VIIRS,n,2.0NRT,291.66,2.4,N,43.71767149730249,plant,unnamed,jharkhand_odisha,likely_natural,False,False,unclassified,1212775828,43.71767149730249,,,,False,0,1,unclassified,0.775,True
21.48705,81.76936,310.56,0.51,0.41,2026-09-16,2040,N,VIIRS,n,2.0NRT,291.65,3.28,N,27.783102750623687,plant,unnamed,jharkhand_odisha,likely_natural,False,False,unclassified,1212775828,27.783102750623687,,,,False,0,1,unclassified,0.6855434782608696,True
21.67333,82.08327,307.19,0.52,0.42,2026-09-16,2040,N,VIIRS,n,2.0NRT,291.37,0.99,N,0.1436977921362328,industrial,unnamed,jharkhand_odisha,likely_industrial,False,False,industrial_fire,77362555,0.1436977921362328,1.255,0.0919238815542511,2.0,False,0,1,industrial_fire,0.96,True
21.67427,82.07825,310.26,0.52,0.42,2026-09-16,2040,N,VIIRS,n,2.0NRT,291.59,0.99,N,0.6602497537106755,industrial,unnamed,jharkhand_odisha,likely_industrial,False,False,industrial_fire,77362555,0.6602497537106755,1.255,0.0919238815542511,2.0,False,0,1,industrial_fire,0.995,True
21.68009,84.04137,313.26,0.45,0.47,2026-09-16,2040,N,VIIRS,n,2.0NRT,290.69,4.15,N,0.472257998189244,industrial,Shyam Metallic & Energy,jharkhand_odisha,likely_industrial,False,False,industrial_fire,949319148,0.472257998189244,3.03625,2.0614900124493865,8.0,False,0,1,industrial_fire,1.0,True
21.68094,84.03707,308.2,0.45,0.47,2026-09-16,2040,N,VIIRS,n,2.0NRT,290.44,4.18,N,0.7704445695417234,industrial,Shyam Metallic & Energy,jharkhand_odisha,likely_industrial,False,False,industrial_fire,949319148,0.7704445695417234,3.03625,2.0614900124493865,8.0,False,0,1,industrial_fire,1.0,True
21.74161,83.84083,315.04,0.44,0.46,2026-09-16,2040,N,VIIRS,n,2.0NRT,291.44,3.5,N,0.7296231092462523,industrial,unnamed,jharkhand_odisha,likely_industrial,False,False,industrial_fire,968282857,0.7296231092462523,4.3878,2.768691793049194,50.0,False,0,1,industrial_fire,0.99,True
21.74582,83.84184,330.08,0.44,0.46,2026-09-16,2040,N,VIIRS,n,2.0NRT,291.64,5.32,N,0.6226082181555989,industrial,unnamed,jharkhand_odisha,likely_industrial,False,False,industrial_fire,968282857,0.6226082181555989,4.3878,2.768691793049194,50.0,False,0,1,industrial_fire,0.9901388888888889,True
21.75002,83.84284,337.87,0.44,0.46,2026-09-16,2040,N,VIIRS,n,2.0NRT,291.88,5.32,N,0.8369878104750451,industrial,unnamed,jharkhand_odisha,likely_industrial,False,False,industrial_fire,968282857,0.8369878104750451,4.3878,2.768691793049194,50.0,False,0,1,industrial_fire,0.9816666666666666,True
21.75422,83.84384,328.7,0.44,0.46,2026-09-16,2040,N,VIIRS,n,2.0NRT,291.59,3.61,N,1.212845408645163,industrial,unnamed,jharkhand_odisha,likely_industrial,False,False,industrial_fire,968282857,1.212845408645163,4.3878,2.768691793049194,50.0,False,0,1,industrial_fire,0.995,True
21.75729,83.84709,307.64,0.44,0.46,2026-09-16,2040,N,VIIRS,n,2.0NRT,290.58,2.31,N,1.092792424451998,industrial,unnamed,jharkhand_odisha,likely_industrial,False,False,industrial_fire,968282854,1.092792424451998,3.560666666666666,3.063565771791956,15.0,False,0,1,industrial_fire,0.97,True
21.75814,83.84288,325.56,0.44,0.46,2026-09-16,2040,N,VIIRS,n,2.0NRT,291.51,2.31,N,0.9369106457992692,industrial,unnamed,jharkhand_odisha,likely_industrial,False,False,industrial_fire,968282854,0.9369106457992692,3.560666666666666,3.063565771791956,15.0,False,0,1,industrial_fire,0.995,True
21.75843,83.84481,321.94,0.44,0.46,2026-09-16,2040,N,VIIRS,n,2.0NRT,291.38,3.61,N,0.9119258676034228,industrial,unnamed,jharkhand_odisha,likely_industrial,False,False,industrial_fire,968282854,0.9119258676034228,3.560666666666666,3.063565771791956,15.0,False,0,1,industrial_fire,0.995,True
21.7615,83.84806,331.42,0.44,0.46,2026-09-16,2040,N,VIIRS,n,2.0NRT,291.33,2.31,N,0.730491505906834,industrial,unnamed,jharkhand_odisha,likely_industrial,False,False,industrial_fire,968282854,0.730491505906834,3.560666666666666,3.063565771791956,15.0,False,0,1,industrial_fire,0.96,True
21.76182,83.85001,319.45,0.44,0.46,2026-09-16,2040,N,VIIRS,n,2.0NRT,290.85,3.19,N,0.8508805476974147,industrial,unnamed,jharkhand_odisha,likely_industrial,False,False,industrial_fire,968282854,0.8508805476974147,3.560666666666666,3.063565771791956,15.0,False,0,1,industrial_fire,0.99,True
21.76213,84.02171,309.96,0.45,0.47,2026-09-16,2040,N,VIIRS,n,2.0NRT,291.16,3.71,N,0.0294604741931772,industrial,Bhushan Power & Steel,jharkhand_odisha,likely_industrial,False,False,industrial_fire,91005925,0.0294604741931772,1.345,0.6046532523319093,10.0,True,0,1,industrial_fire,0.97,True
21.76235,83.84384,305.24,0.44,0.46,2026-09-16,2040,N,VIIRS,n,2.0NRT,290.48,2.31,N,0.4674943590047462,industrial,unnamed,jharkhand_odisha,likely_industrial,False,False,industrial_fire,968282854,0.4674943590047462,3.560666666666666,3.063565771791956,15.0,False,0,1,industrial_fire,0.995,True
21.76264,83.84577,321.76,0.44,0.46,2026-09-16,2040,N,VIIRS,n,2.0NRT,290.69,3.19,N,0.4920029244191866,industrial,unnamed,jharkhand_odisha,likely_industrial,False,False,industrial_fire,968282854,0.4920029244191866,3.560666666666666,3.063565771791956,15.0,False,0,1,industrial_fire,0.99,True
21.76571,83.84904,313.57,0.44,0.46,2026-09-16,2040,N,VIIRS,n,2.0NRT,290.83,1.94,N,0.5766891157240122,industrial,unnamed,jharkhand_odisha,likely_industrial,False,False,industrial_fire,968282854,0.5766891157240122,3.560666666666666,3.063565771791956,15.0,False,0,1,industrial_fire,0.99,True
21.76724,84.01838,320.2,0.45,0.47,2026-09-16,2040,N,VIIRS,n,2.0NRT,291.45,4.18,N,0.3643980954774939,industrial,Rengali Bhushan Power Plant,jharkhand_odisha,likely_industrial,False,False,industrial_fire,1158770481,0.3643980954774939,2.21,1.0748023074035524,2.0,False,0,1,industrial_fire,1.0,True
21.8022,82.03944,311.42,0.52,0.42,2026-09-16,2040,N,VIIRS,n,2.0NRT,291.42,1.64,N,9.50110841798958,industrial,Nova Iron & Steel,jharkhand_odisha,likely_natural,False,False,unclassified,1096163705,9.50110841798958,,,,False,0,1,unclassified,0.6588078421752637,True
21.85993,83.96577,304.28,0.44,0.46,2026-09-16,2040,N,VIIRS,n,2.0NRT,289.85,0.5,N,0.3047480997733807,industrial,MSP Steel,jharkhand_odisha,likely_industrial,False,False,industrial_fire,553146724,0.3047480997733807,1.45,0.8485281374238569,2.0,False,0,1,industrial_fire,0.95,True
21.9196,83.35368,309.51,0.41,0.45,2026-09-16,2040,N,VIIRS,n,2.0NRT,291.17,1.22,N,1.066634095208146,industrial,Jindal Steel Works,jharkhand_odisha,likely_industrial,False,False,industrial_fire,119390670,1.066634095208146,2.87875,2.153485132125531,8.0,False,0,1,industrial_fire,0.975,True
21.92036,83.34976,319.31,0.41,0.45,2026-09-16,2040,N,VIIRS,n,2.0NRT,292.27,2.79,N,0.7577576745935073,industrial,Raigarh Jindal power station,jharkhand_odisha,likely_industrial,False,False,industrial_fire,1093898245,0.7577576745935073,1.74,0.7285830998131464,7.0,False,0,1,industrial_fire,0.995,True
21.92472,85.22459,300.56,0.53,0.5,2026-09-16,2040,N,VIIRS,n,2.0NRT,271.17,1.39,N,0.4836912911001758,industrial,Rungta Kamanda power station,jharkhand_odisha,likely_industrial,False,False,industrial_fire,664709787,0.4836912911001758,2.1333333333333333,0.6267375846396959,9.0,False,0,1,industrial_fire,1.0,True
21.92587,85.22319,299.91,0.53,0.5,2026-09-16,2040,N,VIIRS,n,2.0NRT,270.79,0.96,N,0.344446487823056,industrial,Rungta Kamanda power station,jharkhand_odisha,likely_industrial,False,False,industrial_fire,664709787,0.344446487823056,2.1333333333333333,0.6267375846396959,9.0,False,0,1,industrial_fire,0.975,True
21.93038,85.2205,298.26,0.53,0.5,2026-09-16,2040,N,VIIRS,n,2.0NRT,271.79,1.34,N,0.3487895821519369,industrial,Rungta Kamanda power station,jharkhand_odisha,likely_industrial,False,False,industrial_fire,664709787,0.3487895821519369,2.1333333333333333,0.6267375846396959,9.0,False,0,1,industrial_fire,1.0,True
21.93044,85.22426,297.67,0.53,0.5,2026-09-16,2040,N,VIIRS,n,2.0NRT,271.84,0.96,N,0.1824584620260784,industrial,Rungta Kamanda power station,jharkhand_odisha,likely_industrial,False,False,industrial_fire,664709787,0.1824584620260784,2.1333333333333333,0.6267375846396959,9.0,False,0,1,industrial_fire,0.975,True
21.96386,83.77377,311.7,0.43,0.46,2026-09-16,2040,N,VIIRS,n,2.0NRT,290.57,1.99,N,9.43476992990368,industrial,Hemgir Coal Washery,jharkhand_odisha,likely_natural,True,False,wildfire,338164120,9.43476992990368,,,,False,0,1,unclassified,0.6741597417191038,False
21.98478,83.2346,316.29,0.4,0.44,2026-09-16,2040,N,VIIRS,n,2.0NRT,291.41,2.69,N,0.0316706914932348,industrial,unnamed,jharkhand_odisha,likely_industrial,False,False,industrial_fire,194637145,0.0316706914932348,1.3625,0.5761582537231705,4.0,True,0,1,industrial_fire,0.995,True
22.00566,82.67021,315.19,0.56,0.43,2026-09-16,2040,N,VIIRS,n,2.0NRT,291.4,3.53,N,0.1471919837241174,industrial,Prakash Industries Steel Plant,jharkhand_odisha,likely_industrial,False,False,industrial_fire,261521052,0.1471919837241174,1.468181818181818,0.4002203938286549,11.0,True,0,1,industrial_fire,0.99,True
22.01616,83.75363,316.37,0.43,0.46,2026-09-16,2040,N,VIIRS,n,2.0NRT,290.78,2.52,N,14.034866695283975,industrial,Hemgir Coal Washery,jharkhand_odisha,likely_natural,True,False,wildfire,338164120,14.034866695283975,,,,False,0,1,unclassified,0.5968125749312558,False
22.03679,83.35375,307.86,0.41,0.45,2026-09-16,2040,N,VIIRS,n,2.0NRT,291.24,1.86,N,2.923338864382404,industrial,unnamed,jharkhand_odisha,likely_natural,False,False,unclassified,435581945,2.923338864382404,,,,False,0,1,unclassified,0.8694487405242716,True
22.03754,83.34983,312.97,0.41,0.45,2026-09-16,2040,N,VIIRS,n,2.0NRT,290.76,1.38,N,2.674735299331896,industrial,unnamed,jharkhand_odisha,likely_natural,False,False,unclassified,435581945,2.674735299331896,,,,False,0,1,unclassified,0.93640448261416,True
22.03772,83.73272,305.26,0.43,0.46,2026-09-16,2040,N,VIIRS,n,2.0NRT,290.46,1.08,N,16.107730310123568,industrial,Hemgir Coal Washery,jharkhand_odisha,likely_natural,True,False,wildfire,338164120,16.107730310123568,,,,False,0,1,wildfire,0.7318927436405184,True
22.03853,83.72861,308.86,0.43,0.46,2026-09-16,2040,N,VIIRS,n,2.0NRT,290.61,1.08,N,16.177621275082636,industrial,Hemgir Coal Washery,jharkhand_odisha,likely_natural,True,False,wildfire,338164120,16.177621275082636,,,,False,0,1,wildfire,0.6605709222150398,True
22.04268,83.72959,310.07,0.43,0.46,2026-09-16,2040,N,VIIRS,n,2.0NRT,290.42,1.88,N,16.642479915977137,industrial,Hemgir Coal Washery,jharkhand_odisha,likely_natural,True,False,wildfire,338164120,16.642479915977137,,,,False,0,1,agricultural_burn,0.6328064952073119,False
22.05186,88.12296,302.79,0.4,0.6,2026-09-16,2040,N,VIIRS,n,2.0NRT,275.18,0.9,N,78.84871421356524,plant,BEL,jharkhand_odisha,likely_natural,False,False,unclassified,421635559,78.84871421356524,1.7175,0.889056482216641,8.0,False,0,1,unclassified,0.9241543767507003,True
22.05262,88.12322,303.93,0.4,0.6,2026-09-16,2040,N,VIIRS,n,2.0NRT,274.83,1.82,N,78.8508250427621,plant,BEL,jharkhand_odisha,likely_natural,False,False,unclassified,421635559,78.8508250427621,1.7175,0.889056482216641,8.0,False,0,1,unclassified,0.93,True
22.05596,85.46424,299.35,0.54,0.51,2026-09-16,2040,N,VIIRS,n,2.0NRT,283.15,0.44,N,3.859130977708354,industrial,unnamed,jharkhand_odisha,likely_natural,True,False,wildfire,664709725,3.8591309777083542,,,,False,0,1,unclassified,0.8875,False
22.0573,88.12438,304.38,0.4,0.6,2026-09-16,2040,N,VIIRS,n,2.0NRT,276.94,1.3,N,78.82227696735616,plant,BEL,jharkhand_odisha,likely_natural,False,False,unclassified,421635559,78.82227696735616,1.7175,0.889056482216641,8.0,False,0,1,unclassified,0.8958823529411766,True
22.06494,83.70469,306.09,0.43,0.46,2026-09-16,2040,N,VIIRS,n,2.0NRT,289.65,0.82,N,18.4272574884228,plant,unnamed,jharkhand_odisha,likely_natural,False,False,unclassified,1480347971,18.4272574884228,,,,False,0,1,unclassified,0.5578685155122655,True
22.09053,83.11774,305.04,0.39,0.44,2026-09-16,2040,N,VIIRS,n,2.0NRT,290.52,0.78,N,12.357436077923994,industrial,Binjkote Power Station,jharkhand_odisha,likely_natural,False,False,unclassified,311954711,12.357436077923994,,,,False,0,1,wildfire,0.7328707156424653,False
22.10584,83.12509,310.18,0.39,0.44,2026-09-16,2040,N,VIIRS,n,2.0NRT,290.88,1.39,N,13.102126854823489,industrial,Binjkote Power Station,jharkhand_odisha,likely_natural,False,False,unclassified,311954711,13.102126854823489,,,,False,0,1,unclassified,0.4601115710527373,True
22.13421,85.38097,302.63,0.54,0.51,2026-09-16,2040,N,VIIRS,n,2.0NRT,285.89,1.7,N,0.2730002963148634,industrial,unnamed,jharkhand_odisha,likely_industrial,True,False,industrial_fire,983237669,0.2730002963148634,,,,False,0,1,industrial_fire,0.985,True
22.2051,84.84811,316.44,0.5,0.49,2026-09-16,2040,N,VIIRS,n,2.0NRT,289.28,2.76,N,0.8756442467180898,industrial,unnamed,jharkhand_odisha,likely_industrial,False,False,industrial_fire,150890730,0.8756442467180898,1.24,0.62,1.0,True,0,1,industrial_fire,0.985,True
22.20692,84.85046,314.1,0.5,0.49,2026-09-16,2040,N,VIIRS,n,2.0NRT,289.27,2.69,N,1.185396518354128,industrial,unnamed,jharkhand_odisha,likely_industrial,False,False,industrial_fire,150890730,1.185396518354128,1.24,0.62,1.0,True,0,1,industrial_fire,0.995,True
22.20939,84.861,306.68,0.5,0.49,2026-09-16,2040,N,VIIRS,n,2.0NRT,289.88,2.34,N,1.5645001358509114,industrial,unnamed,jharkhand_odisha,likely_industrial,False,False,industrial_fire,899963455,1.5645001358509114,2.056666666666666,0.8294777473406585,3.0,False,0,1,industrial_fire,0.99,True
22.20976,84.55068,305.99,0.47,0.48,2026-09-16,2040,N,VIIRS,n,2.0NRT,289.76,1.23,N,0.0189845207046954,industrial,unnamed,jharkhand_odisha,likely_industrial,True,False,industrial_fire,1148776912,0.0189845207046954,,,,False,0,1,industrial_fire,0.940625,True
22.21112,84.86451,304.6,0.5,0.49,2026-09-16,2040,N,VIIRS,n,2.0NRT,289.53,3.51,N,1.785941762675843,industrial,unnamed,jharkhand_odisha,likely_industrial,False,False,industrial_fire,899963455,1.785941762675843,2.056666666666666,0.8294777473406585,3.0,False,0,1,industrial_fire,0.9725,True
22.21873,84.75699,305.61,0.49,0.48,2026-09-16,2040,N,VIIRS,n,2.0NRT,289.15,2.07,N,0.4140786547459306,industrial,unnamed,jharkhand_odisha,likely_industrial,False,False,industrial_fire,661053476,0.4140786547459306,1.0575,0.5218796157480511,4.0,False,0,1,industrial_fire,0.99,True
22.22408,84.75336,304.72,0.49,0.48,2026-09-16,2040,N,VIIRS,n,2.0NRT,289.34,2.19,N,0.4077734050674145,industrial,Shri Mahavir Ferro Alloys Pvt. Ltd.,jharkhand_odisha,likely_industrial,False,False,industrial_fire,673060215,0.4077734050674145,0.9025,0.2308498790700715,4.0,True,0,1,industrial_fire,0.995,True
22.26511,75.13223,309.6,0.43,0.38,2026-09-16,2040,N,VIIRS,n,2.0NRT,292.41,1.57,N,37.60988588164504,industrial,unnamed,maharashtra,likely_natural,False,False,unclassified,770939717,37.60988588164504,,,,False,0,1,unclassified,0.756875,True
22.26526,75.13476,306.64,0.43,0.38,2026-09-16,2040,N,VIIRS,n,2.0NRT,292.5,1.52,N,37.528147204810494,industrial,unnamed,maharashtra,likely_natural,False,False,unclassified,770939717,37.528147204810494,,,,False,0,1,unclassified,0.8965000000000001,True
22.31482,82.53086,309.31,0.54,0.42,2026-09-16,2040,N,VIIRS,n,2.0NRT,290.83,2.42,N,2.194569722554718,industrial,S V Power Private Limited Renki,jharkhand_odisha,likely_natural,False,False,unclassified,437012410,2.194569722554718,0.62,0.0,2.0,False,0,1,unclassified,0.7377820738576049,True
22.32054,82.56478,306.76,0.54,0.42,2026-09-16,2040,N,VIIRS,n,2.0NRT,291.24,3.34,N,3.3573728503391584,industrial,South Eastern Coalfields Ltd. (SECL) - Junadih Rapid Coal Loading System (JRGR),jharkhand_odisha,likely_natural,False,False,unclassified,975466906,3.3573728503391584,,,,False,0,1,unclassified,0.8963,True
22.32377,82.58978,310.57,0.55,0.42,2026-09-16,2040,N,VIIRS,n,2.0NRT,290.78,1.25,N,3.580486962525072,industrial,South Eastern Coalfields Ltd. (SECL) - Junadih Rapid Coal Loading System (JRGR),jharkhand_odisha,likely_natural,False,False,unclassified,975466906,3.580486962525072,,,,False,0,1,unclassified,0.803409090909091,True
22.32435,82.58759,308.05,0.55,0.42,2026-09-16,2040,N,VIIRS,n,2.0NRT,290.27,2.26,N,3.403222207206668,industrial,South Eastern Coalfields Ltd. (SECL) - Junadih Rapid Coal Loading System (JRGR),jharkhand_odisha,likely_natural,False,False,unclassified,975466906,3.403222207206668,,,,False,0,1,unclassified,0.9294487405242715,True
22.35703,82.30431,331.4,0.53,0.42,2026-09-16,2040,N,VIIRS,n,2.0NRT,291.9,2.55,N,13.421342798626352,industrial,Bhandhakhar Power Station,jharkhand_odisha,likely_natural,False,False,unclassified,437012404,13.421342798626352,,,,False,0,1,unclassified,0.536529460111764,True
22.35798,82.29924,313.12,0.53,0.42,2026-09-16,2040,N,VIIRS,n,2.0NRT,290.35,2.55,N,13.951887824248288,industrial,Bhandhakhar Power Station,jharkhand_odisha,likely_natural,False,False,unclassified,437012404,13.951887824248288,,,,False,0,1,unclassified,0.5921459082645891,True
22.36085,82.30511,305.9,0.53,0.42,2026-09-16,2040,N,VIIRS,n,2.0NRT,291.17,2.55,N,13.399712024035214,industrial,Bhandhakhar Power Station,jharkhand_odisha,likely_natural,False,False,unclassified,437012404,13.399712024035214,,,,False,0,1,unclassified,0.7619156746031748,True
22.36179,82.30003,317.39,0.53,0.42,2026-09-16,2040,N,VIIRS,n,2.0NRT,291.28,2.55,N,13.932048446393534,industrial,Bhandhakhar Power Station,jharkhand_odisha,likely_natural,False,False,unclassified,437012404,13.932048446393534,,,,False,0,1,unclassified,0.5871459082645891,True
22.3639,87.30236,295.49,0.35,0.57,2026-09-16,2040,N,VIIRS,n,2.0NRT,269.4,0.48,N,1.833952255637573,industrial,unnamed,jharkhand_odisha,likely_industrial,False,False,industrial_fire,660770247,1.833952255637573,2.053333333333333,1.1274020108717415,18.0,False,0,1,industrial_fire,0.93,True
22.36465,87.299,295.43,0.35,0.57,2026-09-16,2040,N,VIIRS,n,2.0NRT,269.52,0.78,N,1.5454364657255903,industrial,unnamed,jharkhand_odisha,likely_industrial,False,False,industrial_fire,660770247,1.5454364657255903,2.053333333333333,1.1274020108717415,18.0,False,0,1,industrial_fire,0.955,True
22.37943,87.28146,302.16,0.35,0.57,2026-09-16,2040,N,VIIRS,n,2.0NRT,268.14,0.69,N,0.2164635628009661,industrial,unnamed,jharkhand_odisha,likely_industrial,False,False,industrial_fire,747427621,0.2164635628009661,3.023846153846154,1.9395002277914888,39.0,False,0,1,industrial_fire,0.985,True
22.38017,87.27811,305.21,0.35,0.57,2026-09-16,2040,N,VIIRS,n,2.0NRT,268.56,0.69,N,0.5480018143401434,industrial,unnamed,jharkhand_odisha,likely_industrial,False,True,industrial_fire,747427621,0.5480018143401434,3.023846153846154,1.9395002277914888,39.0,False,0,1,industrial_fire,0.985,True
22.57617,85.89533,299.87,0.57,0.52,2026-09-16,2040,N,VIIRS,n,2.0NRT,281.33,1.39,N,0.6574217531148475,industrial,unnamed,jharkhand_odisha,likely_industrial,False,False,industrial_fire,1125687469,0.6574217531148475,1.9446666666666668,0.8763061000314794,15.0,False,0,1,industrial_fire,0.995,True
22.79641,86.21063,309.44,0.59,0.52,2026-09-16,2040,N,VIIRS,n,2.0NRT,265.13,3.97,N,0.2180052235513078,industrial,Jojobera Tata Unit 6 Power Station,jharkhand_odisha,likely_industrial,False,False,industrial_fire,1199596865,0.2180052235513078,1.8416666666666663,2.1541840273127573,18.0,False,0,1,industrial_fire,0.975,True
22.7976,86.09148,303.82,0.58,0.52,2026-09-16,2040,N,VIIRS,n,2.0NRT,277.76,1.33,N,0.638188559531583,industrial,Adityapur Works Power Station,jharkhand_odisha,likely_industrial,False,False,industrial_fire,1092684075,0.638188559531583,1.77375,0.4571007235047558,8.0,False,0,1,industrial_fire,1.0,True
22.79765,86.20492,325.5,0.58,0.52,2026-09-16,2040,N,VIIRS,n,2.0NRT,266.13,3.97,N,0.6018844196963165,industrial,Jojobera Tata Unit 6 Power Station,jharkhand_odisha,likely_industrial,False,False,industrial_fire,1199596865,0.6018844196963165,1.8416666666666663,2.1541840273127573,18.0,False,0,1,industrial_fire,1.0,True
22.79778,86.20975,330.84,0.59,0.53,2026-09-16,2040,N,VIIRS,n,2.0NRT,265.4,4.17,N,0.3521900880766013,industrial,Jojobera Tata Unit 6 Power Station,jharkhand_odisha,likely_industrial,False,False,industrial_fire,1199596865,0.3521900880766013,1.8416666666666663,2.1541840273127573,18.0,False,0,1,industrial_fire,0.9951388888888889,True
22.79898,86.20404,298.97,0.59,0.52,2026-09-16,2040,N,VIIRS,n,2.0NRT,266.56,3.49,N,0.7629190926120284,industrial,Jojobera Tata Unit 6 Power Station,jharkhand_odisha,likely_industrial,False,False,industrial_fire,1199596865,0.7629190926120284,1.8416666666666663,2.1541840273127573,18.0,False,0,1,industrial_fire,0.9625,True
23.16358,82.33712,317.17,0.51,0.41,2026-09-16,2040,N,VIIRS,n,2.0NRT,290.2,2.33,N,18.300745081059222,industrial,JKD Mines,jharkhand_odisha,likely_natural,True,False,wildfire,289699788,18.300745081059222,,,,False,0,1,unclassified,0.4469552510810873,False
23.1664,82.34291,329.66,0.51,0.41,2026-09-16,2040,N,VIIRS,n,2.0NRT,291.01,3.78,N,18.82184221395942,industrial,JKD Mines,jharkhand_odisha,likely_natural,True,False,wildfire,289699788,18.82184221395942,,,,False,0,1,unclassified,0.4367929589378337,False
23.16735,82.33791,312.04,0.51,0.41,2026-09-16,2040,N,VIIRS,n,2.0NRT,290.74,1.76,N,18.300037996665736,industrial,JKD Mines,jharkhand_odisha,likely_natural,True,False,wildfire,289699788,18.300037996665736,,,,False,0,1,agricultural_burn,0.6473732785933873,False
23.64605,85.43977,302.95,0.51,0.49,2026-09-16,2040,N,VIIRS,n,2.0NRT,287.74,0.68,N,0.8780483264987258,industrial,unnamed,jharkhand_odisha,likely_industrial,False,False,industrial_fire,999274775,0.8780483264987258,1.9040740740740745,1.3904406032711614,27.0,False,0,1,industrial_fire,0.98,True
23.65157,85.43586,302.05,0.5,0.49,2026-09-16,2040,N,VIIRS,n,2.0NRT,287.59,0.71,N,0.1697934792226824,industrial,unnamed,jharkhand_odisha,likely_industrial,False,False,industrial_fire,999274775,0.1697934792226824,1.9040740740740745,1.3904406032711614,27.0,False,0,1,industrial_fire,0.985,True
23.65508,85.5093,303.78,0.51,0.49,2026-09-16,2040,N,VIIRS,n,2.0NRT,287.88,1.66,N,0.3173387337510017,industrial,unnamed,jharkhand_odisha,likely_industrial,False,False,industrial_fire,706811985,0.3173387337510017,1.052857142857143,0.1851768781205585,7.0,True,0,1,industrial_fire,0.99,True
23.67485,86.40094,297.12,0.58,0.52,2026-09-16,2040,N,VIIRS,n,2.0NRT,270.28,1.57,N,2.9912047024496724,industrial,unnamed,jharkhand_odisha,likely_natural,False,False,unclassified,825940073,2.9912047024496724,2.834705882352941,1.8267221930518704,17.0,False,0,1,unclassified,0.915,True
23.67607,86.39529,300.9,0.58,0.52,2026-09-16,2040,N,VIIRS,n,2.0NRT,270.63,1.54,N,2.845031351107276,industrial,unnamed,jharkhand_odisha,likely_natural,False,False,unclassified,825940073,2.845031351107276,2.834705882352941,1.8267221930518704,17.0,False,0,1,unclassified,0.915,True
23.67663,86.08681,302.97,0.55,0.51,2026-09-16,2040,N,VIIRS,n,2.0NRT,280.09,1.13,N,1.298061229073005,industrial,Bokaro Works Power Plant,jharkhand_odisha,likely_industrial,False,False,industrial_fire,936986288,1.298061229073005,1.9644,1.375908100870409,50.0,False,0,1,industrial_fire,0.9853125,True
23.68015,86.09339,300.76,0.55,0.51,2026-09-16,2040,N,VIIRS,n,2.0NRT,279.5,1.68,N,0.7875990531390809,industrial,Bokaro Works Power Plant,jharkhand_odisha,likely_industrial,False,False,industrial_fire,936986288,0.7875990531390809,1.9644,1.375908100870409,50.0,False,0,1,industrial_fire,0.99,True
23.68083,86.39639,301.16,0.58,0.52,2026-09-16,2040,N,VIIRS,n,2.0NRT,271.09,1.54,N,2.309421378782326,industrial,unnamed,jharkhand_odisha,likely_natural,False,False,unclassified,825940073,2.309421378782326,2.834705882352941,1.8267221930518704,17.0,False,0,1,unclassified,0.815,True
23.68678,86.39201,302.77,0.58,0.52,2026-09-16,2040,N,VIIRS,n,2.0NRT,271.09,2.09,N,1.739035318277542,industrial,unnamed,jharkhand_odisha,likely_industrial,False,False,industrial_fire,825940073,1.739035318277542,2.834705882352941,1.8267221930518704,17.0,False,0,1,industrial_fire,0.995,True
23.6936,85.36913,307.76,0.5,0.49,2026-09-16,2040,N,VIIRS,n,2.0NRT,287.79,1.29,N,2.7445706674909576,industrial,unnamed,jharkhand_odisha,likely_natural,False,False,unclassified,1042515990,2.7445706674909576,1.0,0.5,1.0,False,0,1,unclassified,0.7454111721611721,True
23.69628,85.28864,305.97,0.49,0.49,2026-09-16,2040,N,VIIRS,n,2.0NRT,288.36,1.29,N,1.8303900441193084,industrial,unnamed,jharkhand_odisha,likely_industrial,False,False,industrial_fire,1024341804,1.8303900441193084,1.184,0.6301825132451709,5.0,False,0,1,industrial_fire,0.93,True
23.69806,85.37019,308.27,0.5,0.49,2026-09-16,2040,N,VIIRS,n,2.0NRT,287.85,1.29,N,3.188311377262714,industrial,unnamed,jharkhand_odisha,likely_natural,False,False,unclassified,1042515990,3.188311377262714,1.0,0.5,1.0,False,0,1,unclassified,0.7326076007326008,True
23.69858,86.07553,309.53,0.55,0.51,2026-09-16,2040,N,VIIRS,n,2.0NRT,279.7,1.8,N,1.421011457677253,industrial,unnamed,jharkhand_odisha,likely_industrial,False,False,industrial_fire,134530464,1.421011457677253,3.5254545454545454,2.669514426394297,11.0,False,0,1,industrial_fire,0.95,True
23.7002,86.07713,307.51,0.55,0.51,2026-09-16,2040,N,VIIRS,n,2.0NRT,279.94,1.68,N,1.600624495442128,industrial,unnamed,jharkhand_odisha,likely_industrial,False,False,industrial_fire,134530464,1.600624495442128,3.5254545454545454,2.669514426394297,11.0,False,0,1,industrial_fire,0.995,True
23.71041,86.44525,297.31,0.58,0.52,2026-09-16,2040,N,VIIRS,n,2.0NRT,266.26,1.08,N,4.954165028270422,industrial,unnamed,jharkhand_odisha,likely_natural,False,False,unclassified,825940073,4.954165028270422,2.834705882352941,1.8267221930518704,17.0,False,0,1,unclassified,0.8529128787878787,True
23.71398,86.45204,296.36,0.58,0.52,2026-09-16,2040,N,VIIRS,n,2.0NRT,265.53,1.18,N,5.5088457558857815,industrial,SAIL Chasnalla ADM Building,jharkhand_odisha,likely_natural,False,False,unclassified,433223158,5.5088457558857815,,,,False,0,1,unclassified,0.8879128787878787,True
23.72227,85.00774,303.23,0.47,0.48,2026-09-16,2040,N,VIIRS,n,2.0NRT,288.33,0.73,N,5.083346708769875,industrial,unnamed,jharkhand_odisha,likely_natural,False,False,unclassified,662748251,5.083346708769875,2.86,1.43,1.0,False,0,1,unclassified,0.8303136719866931,True
23.73638,86.43475,307.43,0.58,0.52,2026-09-16,2040,N,VIIRS,n,2.0NRT,267.66,1.54,N,5.160429103076762,industrial,unnamed,jharkhand_odisha,likely_natural,False,False,unclassified,528391297,5.160429103076762,1.9647619047619047,1.193254453365329,21.0,False,0,1,unclassified,0.7926190476190476,True
23.73776,86.4343,306.78,0.58,0.52,2026-09-16,2040,N,VIIRS,n,2.0NRT,267.39,2.17,N,5.070656339184407,industrial,unnamed,jharkhand_odisha,likely_natural,False,False,unclassified,528391297,5.070656339184407,1.9647619047619047,1.193254453365329,21.0,False,0,1,unclassified,0.9615,True
23.74064,85.00724,303.67,0.47,0.48,2026-09-16,2040,N,VIIRS,n,2.0NRT,289.12,1.19,N,6.86274848694801,industrial,unnamed,jharkhand_odisha,likely_natural,True,False,wildfire,1034934701,6.86274848694801,,,,False,0,1,unclassified,0.7917155947123052,False
23.75813,85.85296,306.16,0.53,0.5,2026-09-16,2040,N,VIIRS,n,2.0NRT,284.97,2.07,N,1.98958782175912,industrial,unnamed,jharkhand_odisha,likely_industrial,False,False,industrial_fire,134530451,1.98958782175912,2.168125,1.8511769904576925,16.0,False,0,1,industrial_fire,0.86,True
23.77504,86.21003,302.33,0.56,0.51,2026-09-16,2040,N,VIIRS,n,2.0NRT,277.48,2.95,N,2.3269984222261346,industrial,unnamed,jharkhand_odisha,likely_natural,False,False,unclassified,825940046,2.3269984222261346,1.7594999999999998,1.7945838837428227,20.0,False,0,1,unclassified,0.7888,True
23.7752,86.21107,299.79,0.56,0.51,2026-09-16,2040,N,VIIRS,n,2.0NRT,277.57,1.71,N,2.397285726108662,industrial,unnamed,jharkhand_odisha,likely_natural,False,False,unclassified,825940046,2.397285726108662,1.7594999999999998,1.7945838837428227,20.0,False,0,1,unclassified,0.765,True
23.77628,85.9952,300.43,0.54,0.51,2026-09-16,2040,N,VIIRS,n,2.0NRT,282.58,0.92,N,1.8832234575721456,industrial,unnamed,jharkhand_odisha,likely_industrial,True,False,industrial_fire,134530469,1.8832234575721456,1.3,0.5232590180780451,2.0,False,0,1,industrial_fire,0.93,True
23.77914,85.57248,307.55,0.51,0.49,2026-09-16,2040,N,VIIRS,n,2.0NRT,288.08,2.22,N,1.0373682444580177,industrial,unnamed,jharkhand_odisha,likely_industrial,False,False,industrial_fire,1018654090,1.0373682444580177,2.245714285714286,0.6546973128313354,7.0,False,0,1,industrial_fire,0.975,True
23.77974,86.2111,323.79,0.56,0.51,2026-09-16,2040,N,VIIRS,n,2.0NRT,278.6,2.95,N,2.1223651598881204,industrial,unnamed,jharkhand_odisha,likely_natural,False,False,unclassified,825940046,2.1223651598881204,1.7594999999999998,1.7945838837428227,20.0,False,0,1,unclassified,0.7300867972044336,True
23.77989,86.21216,319.15,0.56,0.51,2026-09-16,2040,N,VIIRS,n,2.0NRT,277.91,1.71,N,2.210962255114085,industrial,unnamed,jharkhand_odisha,likely_natural,False,False,unclassified,825940046,2.210962255114085,1.7594999999999998,1.7945838837428227,20.0,False,0,1,unclassified,0.83390448261416,True
23.78107,86.20674,304.45,0.56,0.51,2026-09-16,2040,N,VIIRS,n,2.0NRT,278.35,3.74,N,1.662676742427206,industrial,unnamed,jharkhand_odisha,likely_industrial,False,False,industrial_fire,825940046,1.662676742427206,1.7594999999999998,1.7945838837428227,20.0,False,0,1,industrial_fire,0.9775,True
23.78779,85.5535,320.64,0.51,0.49,2026-09-16,2040,N,VIIRS,n,2.0NRT,288.23,2.54,N,0.757959372097661,industrial,West Bokaro Coal Mine,jharkhand_odisha,likely_industrial,False,False,industrial_fire,1024690523,0.757959372097661,1.7757142857142856,1.48071559771574,14.0,False,0,1,industrial_fire,1.0,True
23.80972,84.84702,302.33,0.46,0.47,2026-09-16,2040,N,VIIRS,n,2.0NRT,287.18,0.74,N,13.496460723164482,industrial,Tori Power Project,jharkhand_odisha,likely_natural,True,False,wildfire,433052782,13.496460723164482,,,,False,0,1,wildfire,0.591654153827843,True
23.82449,85.49656,303.5,0.51,0.49,2026-09-16,2040,N,VIIRS,n,2.0NRT,289.1,2.0,N,0.6464068953221108,industrial,unnamed,jharkhand_odisha,likely_industrial,True,False,industrial_fire,526115347,0.6464068953221108,2.2416666666666667,1.418711536656562,12.0,False,0,1,industrial_fire,0.995,True
24.16422,82.62969,308.2,0.51,0.41,2026-09-16,2040,N,VIIRS,n,2.0NRT,290.13,1.19,N,3.5747654238774,works,unnamed,jharkhand_odisha,likely_natural,True,False,wildfire,804249926,3.5747654238774,1.2584615384615383,0.5568639294275002,13.0,False,0,1,unclassified,0.8417742673992674,False
24.19693,80.79787,304.74,0.43,0.38,2026-09-16,2040,N,VIIRS,n,2.0NRT,291.36,0.55,N,142.62409786930175,industrial,unnamed,jharkhand_odisha,likely_natural,False,False,unclassified,795595029,142.62409786930175,,,,False,0,1,unclassified,0.945,True
24.76189,74.60881,305.88,0.48,0.4,2026-09-16,2040,N,VIIRS,n,2.0NRT,290.44,0.65,N,0.3228993419084207,industrial,TPP Aditya Cement Works UltraTech Cement Works,rajasthan,likely_industrial,False,False,industrial_fire,529395226,0.3228993419084207,1.18,0.485633606744838,6.0,False,0,1,industrial_fire,0.9816666666666666,True
24.76556,74.60939,305.57,0.48,0.4,2026-09-16,2040,N,VIIRS,n,2.0NRT,291.42,0.65,N,0.1384389245696846,industrial,ADITYA CEMENT WORKS,rajasthan,likely_industrial,False,False,industrial_fire,945657343,0.1384389245696846,,,,False,0,1,industrial_fire,0.9766666666666666,True
26.62989,79.53049,308.59,0.39,0.36,2026-09-16,2040,N,VIIRS,n,2.0NRT,295.3,0.59,N,0.2991351951065015,industrial,Auraiya Thermal Power Station,up_ncr,likely_industrial,False,False,industrial_fire,174037453,0.2991351951065015,,,,False,0,1,industrial_fire,0.97,True
26.64202,79.4771,312.81,0.39,0.36,2026-09-16,2040,N,VIIRS,n,2.0NRT,295.09,0.88,N,1.3739265976109178,industrial,unnamed,up_ncr,likely_industrial,False,False,industrial_fire,174037452,1.3739265976109178,1.6378947368421053,0.8576102387666712,19.0,False,0,1,industrial_fire,0.98,True
26.70116,77.84975,309.29,0.39,0.36,2026-09-16,2040,N,VIIRS,n,2.0NRT,295.92,1.61,N,0.0835939195162831,industrial,Dholpur Combined Power Station,up_ncr,likely_industrial,False,False,industrial_fire,821695693,0.0835939195162831,,,,False,0,1,industrial_fire,0.945,True
26.70449,77.85036,307.49,0.39,0.36,2026-09-16,2040,N,VIIRS,n,2.0NRT,296.04,1.41,N,0.2992200258881625,industrial,Dholpur Combined Power Station,up_ncr,likely_industrial,False,False,industrial_fire,821695693,0.2992200258881625,,,,False,0,1,industrial_fire,0.995,True
26.76108,83.19954,306.33,0.5,0.41,2026-09-16,2040,N,VIIRS,n,2.0NRT,293.73,2.28,N,2.2949894105841664,industrial,Jute Mills,up_ncr,likely_natural,False,False,unclassified,660479053,2.2949894105841664,,,,False,0,1,unclassified,0.855,True
28.34849,77.25659,311.47,0.41,0.37,2026-09-16,2040,N,VIIRS,n,2.0NRT,284.68,2.22,N,1.2970929314318431,industrial,unnamed,up_ncr,likely_industrial,False,False,industrial_fire,143605499,1.2970929314318431,3.29,1.645,1.0,False,0,1,industrial_fire,0.98,True
28.3737,77.227,306.19,0.41,0.37,2026-09-16,2040,N,VIIRS,n,2.0NRT,287.42,1.87,N,0.6718937519379219,industrial,unnamed,up_ncr,likely_industrial,False,False,industrial_fire,915216117,0.6718937519379219,1.244,0.3526754882324543,5.0,False,0,1,industrial_fire,0.975,True
28.42511,69.69936,297.41,0.33,0.56,2026-09-16,2040,N,VIIRS,n,2.0NRT,273.8,0.99,N,0.4293190408638154,industrial,Guddu Thermal Power Station,rajasthan,likely_industrial,False,False,industrial_fire,245153797,0.4293190408638154,2.0416129032258064,1.503465101632877,31.0,False,0,1,industrial_fire,0.98,True
15.11215,76.80591,303.17,0.39,0.36,2026-09-16,2042,N,VIIRS,n,2.0NRT,288.82,0.99,N,0.5726376062342351,industrial,Hindustan Steels,andhra_telangana,likely_industrial,False,False,industrial_fire,350613128,0.5726376062342351,6.87,3.435,1.0,False,0,1,industrial_fire,0.9753125,True
15.11606,76.80288,304.8,0.39,0.36,2026-09-16,2042,N,VIIRS,n,2.0NRT,289.66,1.31,N,0.1509410726708741,industrial,Hindustan Steels,andhra_telangana,likely_industrial,False,False,industrial_fire,350613128,0.1509410726708741,6.87,3.435,1.0,False,0,1,industrial_fire,0.99,True
15.17315,76.66125,308.75,0.39,0.36,2026-09-16,2042,N,VIIRS,n,2.0NRT,288.76,1.26,N,1.299307554811416,industrial,Jindal Steel Works,andhra_telangana,likely_industrial,True,False,industrial_fire,285680302,1.299307554811416,1.964776119402985,1.0696322763893225,67.0,False,0,1,industrial_fire,0.99,True
15.17373,76.65767,305.27,0.39,0.36,2026-09-16,2042,N,VIIRS,n,2.0NRT,289.9,1.26,N,1.4703485254543411,industrial,Vijayanagar Toranagallu Power Station,andhra_telangana,likely_industrial,False,False,industrial_fire,822601316,1.4703485254543411,2.1679166666666667,1.308846322981846,72.0,False,0,1,industrial_fire,0.97,True
15.17431,76.65408,307.26,0.39,0.36,2026-09-16,2042,N,VIIRS,n,2.0NRT,289.78,1.85,N,1.652831677646703,industrial,Vijayanagar Toranagallu Power Station,andhra_telangana,likely_industrial,False,False,industrial_fire,822601316,1.652831677646703,2.1679166666666667,1.308846322981846,72.0,False,0,1,industrial_fire,0.955,True
15.17516,76.69111,321.17,0.39,0.36,2026-09-16,2042,N,VIIRS,n,2.0NRT,292.21,2.71,N,2.443062362870657,industrial,Jindal Steel Works,andhra_telangana,likely_natural,True,False,wildfire,285680302,2.443062362870657,1.964776119402985,1.0696322763893225,67.0,False,0,1,unclassified,0.9164662843839205,False
15.17705,76.65824,318.61,0.39,0.36,2026-09-16,2042,N,VIIRS,n,2.0NRT,291.16,1.26,N,1.130218179916154,industrial,Vijayanagar Toranagallu Power Station,andhra_telangana,likely_industrial,False,False,industrial_fire,822601316,1.130218179916154,2.1679166666666667,1.308846322981846,72.0,False,0,1,industrial_fire,1.0,True
15.17762,76.65465,320.2,0.39,0.36,2026-09-16,2042,N,VIIRS,n,2.0NRT,291.49,1.85,N,1.3600149088585078,industrial,Vijayanagar Toranagallu Power Station,andhra_telangana,likely_industrial,False,False,industrial_fire,822601316,1.3600149088585078,2.1679166666666667,1.308846322981846,72.0,False,0,1,industrial_fire,1.0,True
15.18253,76.66656,322.73,0.39,0.36,2026-09-16,2042,N,VIIRS,n,2.0NRT,292.39,3.79,N,0.316297985296156,industrial,Jindal Steel Works,andhra_telangana,likely_industrial,False,False,industrial_fire,285680302,0.316297985296156,1.964776119402985,1.0696322763893225,67.0,False,0,1,industrial_fire,0.995,True
15.18758,76.65636,312.35,0.39,0.36,2026-09-16,2042,N,VIIRS,n,2.0NRT,293.58,3.39,N,0.9355969262051218,industrial,Vijayanagar Toranagallu Power Station,andhra_telangana,likely_industrial,False,False,industrial_fire,822601316,0.9355969262051218,2.1679166666666667,1.308846322981846,72.0,False,0,1,industrial_fire,0.985,True
15.30143,76.2204,308.24,0.38,0.36,2026-09-16,2042,N,VIIRS,n,2.0NRT,292.23,0.82,N,26.366192888042608,industrial,unnamed,maharashtra,likely_natural,False,False,unclassified,1002713429,26.366192888042608,,,,False,0,1,unclassified,0.81,True
15.30955,76.2547,306.86,0.38,0.36,2026-09-16,2042,N,VIIRS,n,2.0NRT,291.79,0.54,N,26.29712089228334,industrial,unnamed,maharashtra,likely_natural,False,False,unclassified,1002713429,26.29712089228334,,,,False,0,1,unclassified,0.8488888888888888,True
15.33536,76.2847,304.94,0.38,0.36,2026-09-16,2042,N,VIIRS,n,2.0NRT,292.11,1.17,N,24.79436292678257,industrial,unnamed,maharashtra,likely_natural,False,False,unclassified,1002713429,24.79436292678257,,,,False,0,1,unclassified,0.7363269957983195,True
15.33773,76.2485,305.93,0.38,0.36,2026-09-16,2042,N,VIIRS,n,2.0NRT,292.26,0.99,N,23.107143800312578,industrial,unnamed,maharashtra,likely_natural,False,False,unclassified,1002713429,23.107143800312578,,,,False,0,1,unclassified,0.6197394957983193,True
15.35812,76.71073,311.76,0.39,0.36,2026-09-16,2042,N,VIIRS,n,2.0NRT,291.95,0.97,N,9.626438683070962,industrial,unnamed,andhra_telangana,likely_natural,False,False,unclassified,1003118941,9.626438683070962,,,,False,0,1,wildfire,0.474809939148073,False
15.68402,78.45842,307.56,0.42,0.38,2026-09-16,2042,N,VIIRS,n,2.0NRT,294.04,2.46,N,0.0721205474195854,industrial,unnamed,maharashtra,likely_industrial,False,False,industrial_fire,983096834,0.0721205474195854,0.94,0.47,1.0,True,0,1,industrial_fire,0.975,True
16.87278,80.02107,310.49,0.48,0.4,2026-09-16,2042,N,VIIRS,n,2.0NRT,293.75,3.75,N,0.26733734440263,industrial,UltraTech Cement Ltd Factory,maharashtra,likely_industrial,False,False,industrial_fire,155023223,0.26733734440263,1.5,0.75,1.0,True,0,1,industrial_fire,0.965,True
17.06348,76.97945,315.91,0.39,0.36,2026-09-16,2042,N,VIIRS,n,2.0NRT,294.84,2.68,N,0.3589453746593983,industrial,ACC Cement,maharashtra,likely_industrial,False,False,industrial_fire,101818709,0.3589453746593983,0.8825,0.240883789408918,4.0,True,0,1,industrial_fire,0.995,True
17.14627,78.22549,305.86,0.41,0.37,2026-09-16,2042,N,VIIRS,n,2.0NRT,292.31,0.77,N,6.268205019949379,industrial,unnamed,maharashtra,likely_natural,False,False,unclassified,1352292735,6.268205019949379,,,,False,0,1,unclassified,0.569907721048123,True
17.37035,77.44593,305.98,0.39,0.36,2026-09-16,2042,N,VIIRS,n,2.0NRT,292.58,0.95,N,0.2040501835172496,industrial,unnamed,maharashtra,likely_industrial,False,False,industrial_fire,983806495,0.2040501835172496,0.79,0.395,1.0,False,0,1,industrial_fire,0.975625,True
17.9577,80.79324,313.05,0.51,0.41,2026-09-16,2042,N,VIIRS,n,2.0NRT,285.55,3.22,N,3.555835510728374,plant,unnamed,andhra_telangana,likely_natural,False,False,unclassified,982784431,3.555835510728374,,,,False,0,1,unclassified,0.8602169130667323,True
18.72141,79.53712,307.09,0.44,0.38,2026-09-16,2042,N,VIIRS,n,2.0NRT,286.55,1.38,N,5.564155072863552,industrial,"TGSRTC Bus Depot , Godavarikhani",maharashtra,likely_natural,False,False,unclassified,279050788,5.564155072863552,,,,False,0,1,unclassified,0.8408333333333333,True
19.09188,82.17005,304.74,0.39,0.44,2026-09-16,2042,N,VIIRS,n,2.0NRT,289.25,1.22,N,0.4426856718375548,industrial,Nagarnar Steel Plant,andhra_telangana,likely_industrial,False,False,industrial_fire,1214008227,0.4426856718375548,2.1100000000000003,1.4030720263447316,19.0,False,0,1,industrial_fire,0.9603125,True
19.09656,82.16724,311.1,0.39,0.44,2026-09-16,2042,N,VIIRS,n,2.0NRT,289.17,1.78,N,0.5664353337197099,industrial,Nagarnar Steel Plant,andhra_telangana,likely_industrial,False,False,industrial_fire,1214008227,0.5664353337197099,2.1100000000000003,1.4030720263447316,19.0,False,0,1,industrial_fire,0.965,True
19.10054,82.16809,304.96,0.39,0.44,2026-09-16,2042,N,VIIRS,n,2.0NRT,288.71,0.9,N,1.0174201900358226,industrial,Nagarnar Steel Plant,andhra_telangana,likely_industrial,False,False,industrial_fire,1214008227,1.0174201900358226,2.1100000000000003,1.4030720263447316,19.0,False,0,1,industrial_fire,0.9903125,True
19.10453,82.16895,305.96,0.39,0.44,2026-09-16,2042,N,VIIRS,n,2.0NRT,289.19,0.9,N,1.4700248718833124,industrial,Nagarnar Steel Plant,andhra_telangana,likely_industrial,False,False,industrial_fire,1214008227,1.4700248718833124,2.1100000000000003,1.4030720263447316,19.0,False,0,1,industrial_fire,0.985625,True
19.28004,71.42666,306.99,0.4,0.45,2026-09-16,2042,N,VIIRS,n,2.0NRT,291.27,2.74,N,142.94590593238462,industrial,unnamed,maharashtra,likely_natural,False,False,unclassified,1222533298,142.94590593238462,,,,False,0,1,unclassified,0.925,True
19.4171,71.38929,314.03,0.41,0.45,2026-09-16,2042,N,VIIRS,n,2.0NRT,291.09,2.25,N,141.43240012536256,works,unnamed,maharashtra,likely_natural,False,False,unclassified,724343949,141.43240012536256,,,,False,0,1,unclassified,0.95,True
19.78615,79.14957,307.17,0.41,0.37,2026-09-16,2042,N,VIIRS,n,2.0NRT,293.95,0.85,N,0.338153482306657,industrial,unnamed,maharashtra,likely_industrial,False,False,industrial_fire,195858888,0.338153482306657,1.81,0.905,1.0,False,0,1,industrial_fire,0.98,True
19.96132,79.33545,309.1,0.42,0.38,2026-09-16,2042,N,VIIRS,n,2.0NRT,292.49,1.64,N,0.576862094864688,industrial,unnamed,maharashtra,likely_industrial,True,False,industrial_fire,169143581,0.576862094864688,1.0425,0.3243840316661718,4.0,False,0,1,industrial_fire,0.975,True
20.35746,72.95112,310.17,0.51,0.41,2026-09-16,2042,N,VIIRS,n,2.0NRT,290.57,0.73,N,1.2492685433776596,works,unnamed,gujarat,likely_industrial,False,False,industrial_fire,661885060,1.2492685433776596,1.35,0.7173097889568588,4.0,False,0,1,industrial_fire,0.995,True
21.10248,72.64323,304.86,0.54,0.42,2026-09-16,2042,N,VIIRS,n,2.0NRT,290.56,5.92,N,0.8225447422111929,industrial,ArcelorMittal Nippon Steel India,gujarat,likely_industrial,False,False,industrial_fire,104647203,0.8225447422111929,4.711573033707865,5.145412100042576,89.0,False,0,1,industrial_fire,0.9825,True
21.10314,72.63384,333.46,0.55,0.42,2026-09-16,2042,N,VIIRS,n,2.0NRT,292.01,19.9,N,1.2696572672898867,industrial,ArcelorMittal Nippon Steel India,gujarat,likely_industrial,False,False,industrial_fire,104647203,1.2696572672898867,4.711573033707865,5.145412100042576,89.0,True,0,1,industrial_fire,0.9491666666666666,True
21.10318,72.63799,326.28,0.54,0.42,2026-09-16,2042,N,VIIRS,n,2.0NRT,291.71,5.92,N,0.9524129313976846,industrial,ArcelorMittal Nippon Steel India,gujarat,likely_industrial,False,False,industrial_fire,104647203,0.9524129313976846,4.711573033707865,5.145412100042576,89.0,False,0,1,industrial_fire,0.975,True
21.10388,72.63271,330.15,0.55,0.42,2026-09-16,2042,N,VIIRS,n,2.0NRT,290.73,12.4,N,1.3229231858158703,industrial,ArcelorMittal Nippon Steel India,gujarat,likely_industrial,False,False,industrial_fire,104647203,1.3229231858158703,4.711573033707865,5.145412100042576,89.0,False,0,1,industrial_fire,0.965,True
21.10505,72.65024,305.8,0.54,0.42,2026-09-16,2042,N,VIIRS,n,2.0NRT,290.79,11.63,N,0.8071987067868878,industrial,Hazira Power Plant,gujarat,likely_industrial,False,False,industrial_fire,823272713,0.8071987067868878,3.77,1.885,1.0,True,0,1,industrial_fire,0.98,True
21.10572,72.64497,340.61,0.54,0.42,2026-09-16,2042,N,VIIRS,n,2.0NRT,292.51,11.63,N,0.478142573689616,industrial,ArcelorMittal Nippon Steel India,gujarat,likely_industrial,False,False,industrial_fire,104647203,0.478142573689616,4.711573033707865,5.145412100042576,89.0,False,0,1,industrial_fire,0.9641666666666666,True
21.10963,72.64555,306.28,0.54,0.42,2026-09-16,2042,N,VIIRS,n,2.0NRT,291.24,4.81,N,0.1902048020476766,industrial,ArcelorMittal Nippon Steel India,gujarat,likely_industrial,False,False,industrial_fire,104647203,0.1902048020476766,4.711573033707865,5.145412100042576,89.0,False,0,1,industrial_fire,0.985,True
21.11097,72.63501,309.85,0.55,0.42,2026-09-16,2042,N,VIIRS,n,2.0NRT,291.62,5.53,N,0.9132421292464896,industrial,ArcelorMittal Nippon Steel India,gujarat,likely_industrial,False,False,industrial_fire,104647203,0.9132421292464896,4.711573033707865,5.145412100042576,89.0,False,0,1,industrial_fire,0.965,True
13.39193,80.0769,309.79,0.54,0.42,2026-09-16,2044,N,VIIRS,n,2.0NRT,293.19,0.85,N,0.1680928827050122,industrial,unnamed,andhra_telangana,likely_industrial,False,False,industrial_fire,840721279,0.1680928827050122,2.0,2.022325394193526,2.0,False,0,1,industrial_fire,0.98,True
13.3958,80.07763,309.59,0.54,0.42,2026-09-16,2044,N,VIIRS,n,2.0NRT,293.28,0.99,N,0.2700715870575648,industrial,unnamed,andhra_telangana,likely_industrial,False,False,industrial_fire,840721279,0.2700715870575648,2.0,2.022325394193526,2.0,False,0,1,industrial_fire,0.96,True
13.89798,76.56422,306.05,0.39,0.36,2026-09-16,2044,N,VIIRS,n,2.0NRT,292.13,0.54,N,0.2736070735485931,industrial,unnamed,andhra_telangana,likely_industrial,False,False,industrial_fire,254129691,0.2736070735485931,0.72,0.3114482300479487,5.0,False,0,1,industrial_fire,0.9616666666666666,True
33.24478,71.52325,300.68,0.7,0.75,2026-09-16,2218,N,VIIRS,n,2.0NRT,286.06,0.65,N,361.0627783913024,plant,unnamed,rajasthan,likely_natural,False,False,unclassified,1539761409,361.0627783913024,3.98,1.99,1.0,False,0,1,unclassified,0.8469855072463769,True
33.24488,71.52091,306.82,0.7,0.75,2026-09-16,2218,N,VIIRS,n,2.0NRT,286.82,1.26,N,361.07251351663,plant,unnamed,rajasthan,likely_natural,False,False,unclassified,1539761409,361.07251351663,3.98,1.99,1.0,False,0,1,unclassified,0.9133823529411765,True
33.29369,71.18768,297.5,0.67,0.73,2026-09-16,2218,N,VIIRS,n,2.0NRT,286.06,0.61,N,367.6700778572037,plant,unnamed,rajasthan,likely_natural,False,False,unclassified,1539761409,367.6700778572037,3.98,1.99,1.0,False,0,1,unclassified,0.89,True
35.96728,68.68533,297.6,0.42,0.61,2026-09-16,2218,N,VIIRS,n,2.0NRT,286.74,0.61,N,681.5794327798106,industrial,unnamed,rajasthan,likely_natural,False,False,unclassified,810507431,681.5794327798106,,,,False,0,1,unclassified,0.895,True
7.9664,79.94561,337.08,0.44,0.46,2026-09-17,750,N,VIIRS,n,2.0NRT,294.15,3.26,D,24.615790554369145,industrial,unnamed,tamil_nadu,likely_natural,False,False,unclassified,754317941,24.615790554369145,,,,False,1,1,unclassified,0.8318411220195651,True
8.56332,77.68252,335.26,0.6,0.53,2026-09-17,750,N,VIIRS,n,2.0NRT,296.11,5.63,D,1.1850513656330988,industrial,unnamed,tamil_nadu,likely_industrial,False,False,industrial_fire,906496375,1.1850513656330988,,,,False,1,1,industrial_fire,0.9561924040871409,True
8.5661,77.67891,346.14,0.6,0.53,2026-09-17,750,N,VIIRS,n,2.0NRT,296.67,10.23,D,0.861487837627797,industrial,unnamed,tamil_nadu,likely_industrial,False,False,industrial_fire,906496375,0.861487837627797,,,,False,1,1,industrial_fire,0.9428571428571427,True
9.78933,80.15058,337.65,0.4,0.44,2026-09-17,750,N,VIIRS,n,2.0NRT,293.66,4.45,D,10.131723653716548,industrial,unnamed,tamil_nadu,likely_natural,False,True,agricultural_burn,807258750,10.131723653716548,,,,False,1,1,wildfire,0.45457624115082274,False
10.94808,77.369,332.82,0.58,0.52,2026-09-17,750,N,VIIRS,n,2.0NRT,292.75,2.59,D,1.7287276076230964,industrial,unnamed,tamil_nadu,likely_industrial,False,False,industrial_fire,985084117,1.7287276076230964,,,,False,1,1,industrial_fire,0.9102380952380952,True
11.70747,79.19976,330.48,0.43,0.46,2026-09-17,750,N,VIIRS,n,2.0NRT,298.27,1.48,D,10.580060952541388,industrial,IOCL Asanur,tamil_nadu,likely_natural,False,False,unclassified,1069783572,10.580060952541388,,,,False,1,1,unclassified,0.7161536082112814,True
11.84093,79.02319,332.41,0.43,0.46,2026-09-17,750,N,VIIRS,n,2.0NRT,297.32,2.79,D,14.043455315730832,industrial,Poompuhar THDC Ltd,tamil_nadu,likely_natural,True,False,wildfire,836478966,14.043455315730832,,,,False,1,1,unclassified,0.48236204537886423,False
11.84172,79.02304,330.67,0.44,0.46,2026-09-17,750,N,VIIRS,n,2.0NRT,297.19,2.11,D,14.106147886423935,industrial,Poompuhar THDC Ltd,tamil_nadu,likely_natural,True,False,wildfire,836478966,14.106147886423935,,,,False,1,1,wildfire,0.43753706179245255,True
14.0709,77.2552,337.19,0.52,0.5,2026-09-17,752,N,VIIRS,n,2.0NRT,300.64,5.6,D,9.251003020371412,industrial,unnamed,andhra_telangana,likely_natural,False,False,unclassified,1264559165,9.251003020371412,,,,False,1,1,wildfire,0.3535573761107087,False
14.11936,77.71715,331.89,0.48,0.48,2026-09-17,752,N,VIIRS,n,2.0NRT,300.8,6.82,D,10.832168778740751,industrial,"APSRTC Bus Depot , Puttaparthi",andhra_telangana,likely_natural,False,False,unclassified,1416288597,10.832168778740751,,,,False,1,1,wildfire,0.5448124229275563,False
14.34582,76.77034,338.34,0.55,0.51,2026-09-17,752,N,VIIRS,n,2.0NRT,299.74,5.57,D,2.2613396054348827,industrial,unnamed,andhra_telangana,likely_natural,False,False,unclassified,1002693072,2.2613396054348827,,,,False,1,1,unclassified,0.46004808447709655,True
14.34916,76.77248,335.54,0.55,0.51,2026-09-17,752,N,VIIRS,n,2.0NRT,299.7,7.92,D,2.025132269219299,industrial,unnamed,andhra_telangana,likely_natural,False,False,unclassified,1002693072,2.025132269219299,,,,False,1,1,industrial_fire,0.5989144736842106,False
14.4197,77.97533,337.35,0.46,0.47,2026-09-17,752,N,VIIRS,n,2.0NRT,301.6,3.45,D,21.6551837976024,industrial,unnamed,andhra_telangana,likely_natural,False,False,unclassified,984822031,21.6551837976024,,,,False,1,1,agricultural_burn,0.4197907358556457,False
14.47426,78.25214,345.76,0.44,0.46,2026-09-17,752,N,VIIRS,n,2.0NRT,302.58,7.33,D,1.1333831263950782,industrial,unnamed,andhra_telangana,likely_industrial,False,False,industrial_fire,1152237332,1.1333831263950782,4.9925,0.7030587931792524,4.0,True,1,1,industrial_fire,0.8972802197802199,True
14.63784,77.24184,342.1,0.51,0.49,2026-09-17,752,N,VIIRS,n,2.0NRT,301.0,6.26,D,9.104087029185276,industrial,Boram Palli,andhra_telangana,likely_natural,False,False,unclassified,984822032,9.104087029185276,,,,False,1,1,agricultural_burn,0.7469046158368811,False
15.22019,77.55892,348.38,0.47,0.48,2026-09-17,752,N,VIIRS,n,2.0NRT,302.14,9.7,D,11.970714129965591,industrial,unnamed,andhra_telangana,likely_natural,False,False,unclassified,990887246,11.970714129965591,,,,False,1,1,unclassified,0.7575927981619459,True
15.28948,75.23705,333.78,0.33,0.56,2026-09-17,752,N,VIIRS,n,2.0NRT,298.47,2.24,D,40.89293764420446,works,unnamed,maharashtra,likely_natural,False,False,unclassified,923974516,40.89293764420446,,,,False,1,1,unclassified,0.8740636907597047,True
15.57457,76.90315,331.92,0.51,0.5,2026-09-17,752,N,VIIRS,n,2.0NRT,299.62,3.25,D,6.488720354138963,industrial,unnamed,maharashtra,likely_natural,False,False,unclassified,283153018,6.488720354138963,,,,False,1,1,unclassified,0.5062816611610047,True
15.71992,78.20345,337.01,0.42,0.45,2026-09-17,752,N,VIIRS,n,2.0NRT,301.75,5.11,D,7.972310377011473,industrial,Kurnool Ultra Mega Solar Park,maharashtra,likely_natural,False,False,unclassified,490751287,7.972310377011473,,,,False,1,1,unclassified,0.5354138047711909,True
15.72621,78.39029,342.11,0.41,0.45,2026-09-17,752,N,VIIRS,n,2.0NRT,300.53,5.89,D,8.743263415844863,industrial,unnamed,maharashtra,likely_natural,False,False,unclassified,983096834,8.743263415844863,0.94,0.47,1.0,False,1,1,agricultural_burn,0.7843036333601975,False
15.90257,79.4185,333.26,0.54,0.42,2026-09-17,752,N,VIIRS,n,2.0NRT,301.62,2.37,D,23.153351364743337,industrial,"APSRTC Bus Depot , Markapuram",maharashtra,likely_natural,False,False,unclassified,1416314652,23.153351364743337,,,,False,1,1,unclassified,0.5869241052266567,True
16.13089,78.2978,343.56,0.41,0.45,2026-09-17,752,N,VIIRS,n,2.0NRT,297.81,5.16,D,4.56907670453938,industrial,"TGSRTC Bus Depot , Kollapur",maharashtra,likely_natural,False,False,unclassified,1496339994,4.56907670453938,,,,False,1,1,unclassified,0.5994349902559047,True
16.46995,79.60595,334.17,0.51,0.41,2026-09-17,752,N,VIIRS,l,2.0NRT,300.73,8.74,D,11.95721467979873,industrial,unnamed,maharashtra,likely_natural,False,False,unclassified,776406650,11.95721467979873,,,,False,1,0,unclassified,0.6673679402865946,True
16.7369,79.29222,336.26,0.53,0.42,2026-09-17,752,N,VIIRS,n,2.0NRT,302.01,3.89,D,8.74290562638372,industrial,Nagarjunasagar Left Canal power plant,maharashtra,likely_natural,False,False,unclassified,429779733,8.74290562638372,,,,False,1,1,wildfire,0.4588773789134041,False
17.69873,95.69556,328.23,0.55,0.68,2026-09-17,752,N,VIIRS,n,2.0NRT,286.82,2.47,D,980.8429203024236,industrial,Dhamra Port,jharkhand_odisha,likely_natural,False,False,unclassified,158493338,980.8429203024236,,,,False,1,1,unclassified,0.9667708333333332,True
17.93264,82.01937,333.7,0.4,0.37,2026-09-17,752,N,VIIRS,n,2.0NRT,297.53,2.37,D,11.62045218381132,plant,Upper Sileru Power House,andhra_telangana,likely_natural,False,False,unclassified,241951918,11.62045218381132,,,,False,1,1,wildfire,0.6561881526130995,False
18.00865,83.52342,330.28,0.38,0.36,2026-09-17,752,N,VIIRS,n,2.0NRT,297.03,1.31,D,4.213141355513216,industrial,unnamed,andhra_telangana,likely_natural,False,False,unclassified,1478929037,4.213141355513216,,,,False,1,1,unclassified,0.7896590909090909,True
19.09782,82.16909,334.45,0.39,0.36,2026-09-17,752,N,VIIRS,n,2.0NRT,300.53,4.5,D,0.7671877597252289,industrial,Nagarnar Steel Plant,andhra_telangana,likely_industrial,False,False,industrial_fire,1214008227,0.7671877597252289,2.1100000000000003,1.4030720263447316,19.0,False,1,1,industrial_fire,0.964141122035859,True
20.7945,85.25539,337.85,0.43,0.38,2026-09-17,752,N,VIIRS,n,2.0NRT,291.23,7.84,D,1.2216081506876375,industrial,Tata Steel Meramandali,jharkhand_odisha,likely_industrial,False,False,industrial_fire,177572836,1.2216081506876375,2.998695652173913,2.212767301465471,23.0,True,1,1,industrial_fire,0.9716985645933015,True
20.86482,84.98676,334.65,0.42,0.38,2026-09-17,752,N,VIIRS,n,2.0NRT,298.42,2.25,D,1.1736253393547569,industrial,Angul Steel Plant,jharkhand_odisha,likely_industrial,False,False,industrial_fire,660307106,1.1736253393547569,2.5683333333333334,1.067227382385912,36.0,False,1,1,industrial_fire,0.8410275689223059,True
20.86884,84.99023,333.3,0.42,0.38,2026-09-17,752,N,VIIRS,n,2.0NRT,300.8,10.16,D,0.7893459749606223,industrial,Angul Steel Plant,jharkhand_odisha,likely_industrial,False,False,industrial_fire,660307106,0.7893459749606223,2.5683333333333334,1.067227382385912,36.0,True,1,1,industrial_fire,0.9772916666666666,True
20.88555,84.98354,340.2,0.42,0.38,2026-09-17,752,N,VIIRS,n,2.0NRT,301.13,5.88,D,1.172923732917127,industrial,Angul Steel Power Plant,jharkhand_odisha,likely_industrial,False,False,industrial_fire,1012595669,1.172923732917127,1.45,0.3111269837220808,2.0,True,1,1,industrial_fire,0.9677728008706271,True
20.889,84.98299,338.03,0.42,0.38,2026-09-17,752,N,VIIRS,n,2.0NRT,300.29,5.88,D,0.9252261114694074,industrial,unnamed,jharkhand_odisha,likely_industrial,False,False,industrial_fire,660307102,0.9252261114694074,1.565,0.0699999999999999,4.0,True,1,1,industrial_fire,0.9652522331469702,True
20.97951,85.13586,334.0,0.43,0.38,2026-09-17,752,N,VIIRS,n,2.0NRT,299.68,4.58,D,4.6473716032890895,industrial,unnamed,jharkhand_odisha,likely_natural,False,False,unclassified,1021846869,4.6473716032890895,,,,False,1,1,unclassified,0.7975043701656851,True
21.91952,83.35139,344.18,0.39,0.36,2026-09-17,752,N,VIIRS,n,2.0NRT,301.07,6.34,D,0.9399846148505824,industrial,Raigarh Jindal power station,jharkhand_odisha,likely_industrial,False,False,industrial_fire,1093898245,0.9399846148505824,1.74,0.7285830998131464,7.0,True,1,1,industrial_fire,0.8972802197802199,True
21.92284,83.35082,349.35,0.39,0.36,2026-09-17,752,N,VIIRS,n,2.0NRT,298.66,6.34,D,0.6042446279453588,industrial,Jindal Steel Works,jharkhand_odisha,likely_industrial,False,False,industrial_fire,119390670,0.6042446279453588,2.87875,2.153485132125531,8.0,False,1,1,industrial_fire,0.884423076923077,True
21.9295,83.34969,329.08,0.39,0.36,2026-09-17,752,N,VIIRS,n,2.0NRT,298.31,4.95,D,0.2885359363941034,industrial,Jindal Steel Works,jharkhand_odisha,likely_industrial,False,False,industrial_fire,119390670,0.2885359363941034,2.87875,2.153485132125531,8.0,False,1,1,industrial_fire,0.9456730769230769,True
21.98642,83.23223,329.86,0.39,0.36,2026-09-17,752,N,VIIRS,l,2.0NRT,300.43,3.12,D,0.2119644315416414,industrial,Monnet Raigarh Power Plant,jharkhand_odisha,likely_industrial,False,False,industrial_fire,1128051115,0.2119644315416414,1.58,0.79,1.0,False,1,0,industrial_fire,0.9,True
22.05378,88.12634,339.82,0.41,0.45,2026-09-17,752,N,VIIRS,n,2.0NRT,294.62,3.6,D,79.12391730549496,plant,BEL,jharkhand_odisha,likely_natural,False,False,unclassified,421635559,79.12391730549496,1.7175,0.889056482216641,8.0,False,1,1,unclassified,0.9357792207792208,True
22.37826,87.27721,333.28,0.55,0.43,2026-09-17,752,N,VIIRS,n,2.0NRT,296.35,8.13,D,0.5858002406606065,industrial,unnamed,jharkhand_odisha,likely_industrial,False,False,industrial_fire,747427621,0.5858002406606065,3.023846153846154,1.9395002277914888,39.0,True,1,1,industrial_fire,0.9772916666666666,True
22.37893,87.28261,333.14,0.55,0.43,2026-09-17,752,N,VIIRS,n,2.0NRT,297.42,8.99,D,0.1065076312432438,industrial,unnamed,jharkhand_odisha,likely_industrial,False,False,industrial_fire,747427621,0.1065076312432438,3.023846153846154,1.9395002277914888,39.0,True,1,1,industrial_fire,0.9772916666666666,True
21.10249,72.63689,367.0,0.38,0.59,2026-09-17,754,N,VIIRS,h,2.0NRT,292.62,9.37,D,1.084430927660562,industrial,ArcelorMittal Nippon Steel India,gujarat,likely_industrial,False,False,industrial_fire,104647203,1.084430927660562,4.711573033707865,5.145412100042576,89.0,False,1,2,industrial_fire,0.845,True
21.10482,72.64775,343.6,0.38,0.59,2026-09-17,754,N,VIIRS,n,2.0NRT,293.04,6.57,D,0.6985544165627333,industrial,ArcelorMittal Nippon Steel India,gujarat,likely_industrial,False,False,industrial_fire,104647203,0.6985544165627333,4.711573033707865,5.145412100042576,89.0,False,1,1,industrial_fire,0.8972802197802199,True
23.16455,82.33646,330.69,0.38,0.36,2026-09-17,754,N,VIIRS,n,2.0NRT,296.94,2.68,D,18.21308664221413,industrial,JKD Mines,jharkhand_odisha,likely_natural,True,False,wildfire,289699788,18.21308664221413,,,,False,1,1,unclassified,0.4226037490941738,False
23.16512,82.34019,339.91,0.38,0.36,2026-09-17,754,N,VIIRS,n,2.0NRT,298.49,5.58,D,18.57491285012297,industrial,JKD Mines,jharkhand_odisha,likely_natural,True,False,wildfire,289699788,18.57491285012297,,,,False,1,1,wildfire,0.752005592584678,True
23.6779,86.08772,333.27,0.5,0.41,2026-09-17,754,N,VIIRS,n,2.0NRT,296.92,4.68,D,1.1309182981173598,industrial,Bokaro Works Power Plant,jharkhand_odisha,likely_industrial,False,False,industrial_fire,936986288,1.1309182981173598,1.9644,1.375908100870409,50.0,False,1,1,industrial_fire,0.9679349816849817,True
23.67882,86.39905,336.25,0.51,0.41,2026-09-17,754,N,VIIRS,n,2.0NRT,298.08,13.52,D,2.5344242578228404,industrial,unnamed,jharkhand_odisha,likely_natural,False,False,unclassified,825940073,2.5344242578228404,2.834705882352941,1.8267221930518704,17.0,False,1,1,unclassified,0.6964304598356442,True
23.78114,86.20964,346.86,0.5,0.41,2026-09-17,754,N,VIIRS,n,2.0NRT,297.59,6.73,D,1.9195768868174696,industrial,unnamed,jharkhand_odisha,likely_industrial,False,False,industrial_fire,825940046,1.9195768868174696,1.7594999999999998,1.7945838837428227,20.0,True,1,1,industrial_fire,0.8922802197802199,True
23.78183,86.21259,333.45,0.5,0.41,2026-09-17,754,N,VIIRS,n,2.0NRT,295.55,4.44,D,2.1658206247595526,industrial,unnamed,jharkhand_odisha,likely_natural,False,False,unclassified,825940046,2.1658206247595526,1.7594999999999998,1.7945838837428227,20.0,False,1,1,unclassified,0.4964984596030796,True
28.03819,69.67198,332.77,0.41,0.6,2026-09-17,756,N,VIIRS,n,2.0NRT,293.75,6.1,D,0.0598491567230404,industrial,unnamed,rajasthan,likely_industrial,False,False,industrial_fire,1039179604,0.0598491567230404,,,,False,1,1,industrial_fire,0.9683516483516484,True
28.05055,69.3679,330.14,0.42,0.61,2026-09-17,756,N,VIIRS,n,2.0NRT,294.88,2.9,D,0.3894942501495883,industrial,Qadirpur Gas Plant,rajasthan,likely_industrial,False,False,industrial_fire,1049716917,0.3894942501495883,,,,False,1,1,industrial_fire,0.905,True
28.49409,69.28618,335.64,0.42,0.61,2026-09-17,756,N,VIIRS,n,2.0NRT,298.26,2.69,D,17.831835653907305,industrial,Sui Gas Fields,rajasthan,likely_natural,False,False,unclassified,1175009774,17.831835653907305,,,,False,1,1,wildfire,0.49524111172698215,False
29.64009,91.29373,326.03,0.4,0.6,2026-09-17,756,N,VIIRS,l,2.0NRT,298.84,3.49,D,614.3254520700883,industrial,unnamed,jharkhand_odisha,likely_natural,False,False,unclassified,1095250856,614.3254520700883,,,,False,1,0,unclassified,0.935,True
31.68462,72.19856,339.84,0.48,0.48,2026-09-17,756,N,VIIRS,n,2.0NRT,293.03,3.53,D,195.85545496031693,plant,unnamed,rajasthan,likely_natural,False,False,unclassified,1542865738,195.85545496031693,,,,False,1,1,unclassified,0.9607792207792208,True
27.55297,68.30039,331.59,0.52,0.67,2026-09-17,937,N,VIIRS,n,2.0NRT,300.33,4.34,D,72.01985864868139,plant,unnamed,rajasthan,likely_natural,False,False,unclassified,1529644859,72.01985864868139,,,,False,1,1,unclassified,0.8890664682539682,True
27.97435,69.00301,333.07,0.58,0.7,2026-09-17,937,N,VIIRS,n,2.0NRT,297.78,3.5,D,9.021327992618284,industrial,unnamed,rajasthan,likely_natural,False,False,unclassified,398203739,9.021327992618284,,,,False,1,1,wildfire,0.6331818907146795,False
27.9747,69.00535,330.06,0.58,0.7,2026-09-17,937,N,VIIRS,n,2.0NRT,297.7,5.26,D,8.82921994887662,industrial,unnamed,rajasthan,likely_natural,False,False,unclassified,398203739,8.82921994887662,,,,False,1,1,unclassified,0.5254709054162247,True
20.86695,96.39072,300.01,0.45,0.63,2026-09-17,1841,N,VIIRS,n,2.0NRT,275.08,0.64,N,943.5178352562784,plant,BEL,jharkhand_odisha,likely_natural,False,False,unclassified,421635559,943.5178352562784,1.7175,0.889056482216641,8.0,False,0,1,unclassified,0.8763333333333334,True
33.81437,72.71983,301.95,0.48,0.64,2026-09-17,2017,N,VIIRS,n,2.0NRT,287.28,0.53,N,429.8186057877559,plant,unnamed,rajasthan,likely_natural,False,False,unclassified,1431754161,429.8186057877559,,,,False,0,1,unclassified,0.945,True
33.81553,72.71992,301.48,0.48,0.65,2026-09-17,2017,N,VIIRS,n,2.0NRT,287.61,0.9,N,429.9454564586479,plant,unnamed,rajasthan,likely_natural,False,False,unclassified,1431754161,429.9454564586479,,,,False,0,1,unclassified,0.8667585434173669,True
24.66724,91.59554,310.44,0.59,0.53,2026-09-17,2019,N,VIIRS,n,2.0NRT,283.76,0.97,N,417.7944743577858,industrial,unnamed,jharkhand_odisha,likely_natural,False,False,unclassified,1095250856,417.7944743577858,,,,False,0,1,unclassified,0.891875,True
24.92962,84.148,307.83,0.39,0.36,2026-09-17,2019,N,VIIRS,n,2.0NRT,290.32,0.88,N,0.2044265757004071,industrial,unnamed,jharkhand_odisha,likely_industrial,False,False,industrial_fire,668476970,0.2044265757004071,2.895,0.0212132034355966,2.0,False,0,1,industrial_fire,0.98,True
25.54002,91.23613,301.7,0.54,0.51,2026-09-17,2019,N,VIIRS,n,2.0NRT,284.95,0.76,N,376.3670092844965,industrial,unnamed,jharkhand_odisha,likely_natural,False,False,unclassified,1095250856,376.3670092844965,,,,False,0,1,unclassified,0.8869855072463768,True
26.75973,83.19985,314.71,0.39,0.36,2026-09-17,2019,N,VIIRS,n,2.0NRT,295.09,3.36,N,2.305460384479486,industrial,Jute Mills,up_ncr,likely_natural,False,False,unclassified,660479053,2.305460384479486,,,,False,0,1,unclassified,0.7969270708140419,True
28.03721,69.66631,311.09,0.65,0.73,2026-09-17,2019,N,VIIRS,n,2.0NRT,281.44,2.22,N,0.6127151533639392,industrial,unnamed,rajasthan,likely_industrial,False,False,industrial_fire,1039179604,0.6127151533639392,,,,False,0,1,industrial_fire,0.985,True
29.22585,88.34896,295.18,0.48,0.4,2026-09-17,2019,N,VIIRS,n,2.0NRT,280.17,0.83,N,393.0086330564045,plant,Upper Dordi A,up_ncr,likely_natural,False,False,unclassified,1369683726,393.0086330564045,,,,False,0,1,unclassified,0.885,True
29.37393,91.15168,296.69,0.45,0.47,2026-09-17,2019,N,VIIRS,n,2.0NRT,279.91,1.53,N,582.6378759425006,industrial,unnamed,jharkhand_odisha,likely_natural,False,False,unclassified,1095250856,582.6378759425006,,,,False,0,1,unclassified,0.95,True
29.91951,74.9534,303.76,0.32,0.55,2026-09-17,2019,N,VIIRS,n,2.0NRT,291.13,0.92,N,0.1863896469414201,industrial,Guru Gobind Singh Refinery,rajasthan,likely_industrial,False,False,industrial_fire,546111308,0.1863896469414201,9.6316,7.262272761792045,25.0,False,0,1,industrial_fire,0.9653125,True
32.57627,72.56003,306.98,0.48,0.64,2026-09-17,2019,N,VIIRS,n,2.0NRT,290.86,1.56,N,296.9011967247901,plant,unnamed,rajasthan,likely_natural,False,False,unclassified,1534839125,296.9011967247901,,,,False,0,1,unclassified,0.91,True
32.57735,72.56294,302.33,0.48,0.64,2026-09-17,2019,N,VIIRS,n,2.0NRT,290.71,1.27,N,296.95497707704294,plant,unnamed,rajasthan,likely_natural,False,False,unclassified,1534839125,296.95497707704294,,,,False,0,1,unclassified,0.9258823529411765,True
32.71838,72.77374,301.19,0.46,0.64,2026-09-17,2019,N,VIIRS,n,2.0NRT,288.24,0.54,N,308.4965205121763,plant,unnamed,rajasthan,likely_natural,False,False,unclassified,1431754161,308.4965205121763,,,,False,0,1,unclassified,0.915,True
32.88997,71.61622,301.89,0.54,0.68,2026-09-17,2019,N,VIIRS,n,2.0NRT,288.38,0.93,N,321.79654303750675,plant,unnamed,rajasthan,likely_natural,False,False,unclassified,1539761409,321.79654303750675,3.98,1.99,1.0,False,0,1,unclassified,0.913321043417367,True
17.46283,80.65397,311.25,0.39,0.36,2026-09-17,2021,N,VIIRS,n,2.0NRT,286.5,1.18,N,7.608608132180796,plant,unnamed,andhra_telangana,likely_natural,False,False,unclassified,1268738359,7.608608132180796,,,,False,0,1,unclassified,0.7539973262032086,True
17.60493,83.2,308.81,0.41,0.37,2026-09-17,2021,N,VIIRS,n,2.0NRT,293.27,1.38,N,0.446392280195036,industrial,unnamed,andhra_telangana,likely_industrial,False,False,industrial_fire,241951867,0.446392280195036,2.125,0.7284435461997039,6.0,False,0,1,industrial_fire,0.985,True
17.60769,83.20445,308.38,0.41,0.37,2026-09-17,2021,N,VIIRS,n,2.0NRT,293.49,1.72,N,0.1364564661994296,works,unnamed,andhra_telangana,likely_industrial,False,False,industrial_fire,801380978,0.1364564661994296,2.8788,1.6912355444073028,25.0,False,0,1,industrial_fire,0.98,True
17.6111,83.20508,326.48,0.41,0.37,2026-09-17,2021,N,VIIRS,n,2.0NRT,294.23,1.72,N,0.5177439178472192,works,unnamed,andhra_telangana,likely_industrial,False,False,industrial_fire,801380978,0.5177439178472192,2.8788,1.6912355444073028,25.0,False,0,1,industrial_fire,0.995,True
17.62322,83.19546,307.19,0.41,0.37,2026-09-17,2021,N,VIIRS,n,2.0NRT,292.83,0.64,N,0.515937435231277,industrial,Visakapatnam Steel Plant,andhra_telangana,likely_industrial,False,False,industrial_fire,395219953,0.515937435231277,,,,False,0,1,industrial_fire,0.9716666666666666,True
17.95519,80.79579,305.44,0.39,0.36,2026-09-17,2021,N,VIIRS,n,2.0NRT,289.4,1.03,N,3.2384335828061395,industrial,"TGSRTC  Bus Depot , Manuguru",andhra_telangana,likely_natural,False,False,unclassified,1497367990,3.2384335828061395,,,,False,0,1,unclassified,0.5738623570735072,True
17.95851,80.79635,314.21,0.39,0.36,2026-09-17,2021,N,VIIRS,n,2.0NRT,290.52,1.03,N,3.2265801037937263,plant,unnamed,andhra_telangana,likely_natural,False,False,unclassified,982784431,3.2265801037937263,,,,False,0,1,unclassified,0.8460815047021945,True
17.98388,80.8305,307.38,0.39,0.36,2026-09-17,2021,N,VIIRS,n,2.0NRT,291.49,1.37,N,2.431884257161305,plant,unnamed,andhra_telangana,likely_natural,False,False,unclassified,982784432,2.431884257161305,,,,False,0,1,unclassified,0.7809523809523811,True
18.61427,73.7197,318.38,0.57,0.52,2026-09-17,2021,N,VIIRS,n,2.0NRT,285.69,2.83,N,1.757101182129247,works,unnamed,maharashtra,likely_industrial,True,True,industrial_fire,801923736,1.757101182129247,,,,False,0,1,industrial_fire,0.97,True
19.09667,82.16798,300.37,0.39,0.36,2026-09-17,2021,N,VIIRS,n,2.0NRT,263.78,0.27,N,0.6026841875685675,industrial,Nagarnar Steel Plant,andhra_telangana,likely_industrial,False,False,industrial_fire,1214008227,0.6026841875685675,2.1100000000000003,1.4030720263447316,19.0,False,0,1,industrial_fire,0.98,True
19.09937,82.1678,297.32,0.39,0.36,2026-09-17,2021,N,VIIRS,n,2.0NRT,261.65,0.19,N,0.8838024931025241,industrial,Nagarnar Steel Plant,andhra_telangana,likely_industrial,False,False,industrial_fire,1214008227,0.8838024931025241,2.1100000000000003,1.4030720263447316,19.0,False,0,1,industrial_fire,0.985,True
19.10099,73.0514,301.48,0.32,0.54,2026-09-17,2021,N,VIIRS,n,2.0NRT,288.78,0.7,N,1.5811135626903263,industrial,unnamed,maharashtra,likely_industrial,False,False,industrial_fire,972067906,1.5811135626903263,,,,False,0,1,industrial_fire,0.975,True
19.10268,82.1684,295.79,0.39,0.36,2026-09-17,2021,N,VIIRS,n,2.0NRT,262.03,0.19,N,1.256664100964934,industrial,Nagarnar Steel Plant,andhra_telangana,likely_industrial,False,False,industrial_fire,1214008227,1.256664100964934,2.1100000000000003,1.4030720263447316,19.0,False,0,1,industrial_fire,0.96,True
19.10327,82.16475,296.93,0.39,0.36,2026-09-17,2021,N,VIIRS,n,2.0NRT,261.98,0.17,N,1.2983588159183674,industrial,Nagarnar Steel Plant,andhra_telangana,likely_industrial,False,False,industrial_fire,1214008227,1.2983588159183674,2.1100000000000003,1.4030720263447316,19.0,False,0,1,industrial_fire,0.97,True
19.93054,79.12032,302.94,0.44,0.38,2026-09-17,2021,N,VIIRS,n,2.0NRT,281.23,0.67,N,0.0616963163553851,industrial,unnamed,maharashtra,likely_industrial,False,False,industrial_fire,242827249,0.0616963163553851,0.91,0.6646803743153546,2.0,False,0,1,industrial_fire,0.98,True
19.961,79.33565,304.99,0.43,0.38,2026-09-17,2021,N,VIIRS,n,2.0NRT,284.5,0.47,N,0.6164619073439225,industrial,unnamed,maharashtra,likely_industrial,True,False,industrial_fire,169143581,0.6164619073439225,1.0425,0.3243840316661718,4.0,False,0,1,industrial_fire,0.935,True
19.96102,79.33298,303.05,0.43,0.38,2026-09-17,2021,N,VIIRS,n,2.0NRT,284.91,0.88,N,0.6068927652075288,industrial,unnamed,maharashtra,likely_industrial,True,False,industrial_fire,169143581,0.6068927652075288,1.0425,0.3243840316661718,4.0,False,0,1,industrial_fire,0.9653125,True
20.12774,79.01972,308.61,0.44,0.39,2026-09-17,2021,N,VIIRS,n,2.0NRT,287.26,1.06,N,9.329504329712536,industrial,unnamed,maharashtra,likely_natural,False,False,unclassified,651759463,9.329504329712536,,,,False,0,1,unclassified,0.4901556184012067,True
20.25925,86.60054,308.89,0.53,0.42,2026-09-17,2021,N,VIIRS,n,2.0NRT,284.13,1.61,N,0.5085348503133008,industrial,IOCL Oil Refinery / Petrochemical Plant,jharkhand_odisha,likely_industrial,False,False,industrial_fire,476615816,0.5085348503133008,1.25,0.625,1.0,False,0,1,industrial_fire,0.98,True
20.53064,85.90511,303.84,0.49,0.4,2026-09-17,2021,N,VIIRS,n,2.0NRT,279.02,1.2,N,0.6067894495273596,industrial,Choudwar Power Plant,jharkhand_odisha,likely_industrial,False,False,industrial_fire,146694050,0.6067894495273596,4.4,3.676955262170048,2.0,False,0,1,industrial_fire,0.9803125,True
20.53433,85.90583,318.79,0.49,0.4,2026-09-17,2021,N,VIIRS,n,2.0NRT,279.27,2.14,N,0.2855441448868316,industrial,Choudwar Power Plant,jharkhand_odisha,likely_industrial,False,False,industrial_fire,146694050,0.2855441448868316,4.4,3.676955262170048,2.0,False,0,1,industrial_fire,1.0,True
20.77505,85.34147,305.13,0.46,0.39,2026-09-17,2021,N,VIIRS,n,2.0NRT,286.61,0.81,N,6.362027263471504,industrial,unnamed,jharkhand_odisha,likely_natural,False,False,unclassified,177572840,6.362027263471504,,,,False,0,1,unclassified,0.5431322417072025,True
20.7846,85.2671,302.1,0.45,0.39,2026-09-17,2021,N,VIIRS,n,2.0NRT,283.09,0.81,N,2.2421618311780995,industrial,Tata Steel Meramandali,jharkhand_odisha,likely_natural,False,False,unclassified,177572836,2.2421618311780995,2.998695652173913,2.212767301465471,23.0,False,0,1,unclassified,0.7488777378228179,True
20.78537,85.26277,312.81,0.45,0.39,2026-09-17,2021,N,VIIRS,n,2.0NRT,285.28,2.04,N,2.0789000100872568,industrial,Tata Steel Meramandali,jharkhand_odisha,likely_natural,False,False,unclassified,177572836,2.0789000100872568,2.998695652173913,2.212767301465471,23.0,False,0,1,unclassified,0.7490420419596782,True
20.79403,85.25552,330.68,0.45,0.39,2026-09-17,2021,N,VIIRS,n,2.0NRT,291.07,7.72,N,1.2606722165856077,industrial,Tata Steel Meramandali,jharkhand_odisha,likely_industrial,False,False,industrial_fire,177572836,1.2606722165856077,2.998695652173913,2.212767301465471,23.0,True,0,1,industrial_fire,0.985,True
20.80471,85.25769,311.72,0.45,0.39,2026-09-17,2021,N,VIIRS,n,2.0NRT,287.71,2.37,N,0.3799099193448421,industrial,Tata Steel Meramandali,jharkhand_odisha,likely_industrial,False,False,industrial_fire,177572836,0.3799099193448421,2.998695652173913,2.212767301465471,23.0,False,0,1,industrial_fire,0.94,True
20.80827,85.25842,314.67,0.45,0.39,2026-09-17,2021,N,VIIRS,n,2.0NRT,291.11,2.37,N,0.5320897972474213,industrial,Meramandali Power Station,jharkhand_odisha,likely_industrial,False,False,industrial_fire,396925738,0.5320897972474213,3.709230769230769,2.8131075981864537,13.0,False,0,1,industrial_fire,1.0,True
20.86337,84.98667,323.73,0.44,0.38,2026-09-17,2021,N,VIIRS,n,2.0NRT,285.76,2.1,N,1.3351117091068974,industrial,Angul Steel Plant,jharkhand_odisha,likely_industrial,False,False,industrial_fire,660307106,1.3351117091068974,2.5683333333333334,1.067227382385912,36.0,False,0,1,industrial_fire,0.99,True
20.86614,84.99158,308.62,0.44,0.38,2026-09-17,2021,N,VIIRS,n,2.0NRT,282.6,1.53,N,1.120600764959758,industrial,Angul Steel Plant,jharkhand_odisha,likely_industrial,False,False,industrial_fire,660307106,1.120600764959758,2.5683333333333334,1.067227382385912,36.0,False,0,1,industrial_fire,0.975,True
20.88592,84.98248,309.23,0.44,0.38,2026-09-17,2021,N,VIIRS,n,2.0NRT,277.37,1.3,N,1.227791627088854,industrial,unnamed,jharkhand_odisha,likely_industrial,False,False,industrial_fire,660307102,1.227791627088854,1.565,0.0699999999999999,4.0,False,0,1,industrial_fire,0.94,True
20.95123,86.04911,312.93,0.49,0.4,2026-09-17,2021,N,VIIRS,n,2.0NRT,289.59,2.53,N,0.3695881719263578,industrial,unnamed,jharkhand_odisha,likely_industrial,False,False,industrial_fire,663354152,0.3695881719263578,2.313548387096774,1.0160529788913464,31.0,False,0,1,industrial_fire,1.0,True
20.95209,86.04438,321.14,0.49,0.4,2026-09-17,2021,N,VIIRS,n,2.0NRT,288.89,3.4,N,0.8141909931546116,industrial,unnamed,jharkhand_odisha,likely_industrial,False,False,industrial_fire,663354152,0.8141909931546116,2.313548387096774,1.0160529788913464,31.0,False,0,1,industrial_fire,0.99,True
20.96189,85.17159,314.97,0.45,0.39,2026-09-17,2021,N,VIIRS,n,2.0NRT,287.65,1.98,N,3.1270717563767763,industrial,unnamed,jharkhand_odisha,likely_natural,False,False,unclassified,1021846869,3.1270717563767763,,,,False,0,1,unclassified,0.9573753752930115,True
20.96243,85.18944,332.24,0.45,0.39,2026-09-17,2021,N,VIIRS,n,2.0NRT,289.71,3.7,N,2.235388313267865,industrial,unnamed,jharkhand_odisha,likely_natural,False,False,unclassified,928075487,2.235388313267865,,,,False,0,1,unclassified,0.6625395579799189,True
20.96262,86.00786,327.65,0.49,0.4,2026-09-17,2021,N,VIIRS,n,2.0NRT,287.65,4.62,N,0.9576768645414492,industrial,TATA Steel,jharkhand_odisha,likely_industrial,False,False,industrial_fire,376405494,0.9576768645414492,2.8363333333333336,1.905520986471956,30.0,False,0,1,industrial_fire,1.0,True
20.96264,85.16731,317.13,0.45,0.39,2026-09-17,2021,N,VIIRS,n,2.0NRT,288.61,1.98,N,2.9276787546179377,industrial,unnamed,jharkhand_odisha,likely_natural,False,False,unclassified,1021846869,2.9276787546179377,,,,False,0,1,unclassified,0.9423753752930115,True
20.96319,85.18513,324.11,0.45,0.39,2026-09-17,2021,N,VIIRS,n,2.0NRT,288.13,3.7,N,2.690611743176786,industrial,unnamed,jharkhand_odisha,likely_natural,False,False,unclassified,928075487,2.690611743176786,,,,False,0,1,unclassified,0.8515937374807087,True
20.96394,85.18085,305.88,0.45,0.39,2026-09-17,2021,N,VIIRS,n,2.0NRT,286.5,1.16,N,3.1426411261045004,industrial,unnamed,jharkhand_odisha,likely_natural,False,False,unclassified,928075487,3.1426411261045004,,,,False,0,1,unclassified,0.5689067105001121,True
20.96468,85.17657,306.74,0.45,0.39,2026-09-17,2021,N,VIIRS,n,2.0NRT,286.41,1.16,N,3.5945205766671737,industrial,unnamed,jharkhand_odisha,likely_natural,False,False,unclassified,928075487,3.5945205766671737,,,,False,0,1,unclassified,0.681166499322401,True
20.96543,85.17232,308.7,0.45,0.39,2026-09-17,2021,N,VIIRS,n,2.0NRT,286.76,2.46,N,3.4810156597604425,industrial,unnamed,jharkhand_odisha,likely_natural,False,False,unclassified,1021846869,3.4810156597604425,,,,False,0,1,unclassified,0.9244487405242715,True
20.96544,86.01329,306.24,0.49,0.4,2026-09-17,2021,N,VIIRS,n,2.0NRT,287.52,1.49,N,0.7235379215956669,industrial,TATA Steel,jharkhand_odisha,likely_industrial,False,False,industrial_fire,376405494,0.7235379215956669,2.8363333333333336,1.905520986471956,30.0,False,0,1,industrial_fire,0.985,True
20.96617,85.16805,311.08,0.45,0.39,2026-09-17,2021,N,VIIRS,n,2.0NRT,287.61,2.46,N,3.3023661691453667,industrial,unnamed,jharkhand_odisha,likely_natural,False,False,unclassified,1021846869,3.3023661691453667,,,,False,0,1,unclassified,0.9233255521184743,True
20.96714,86.00399,308.38,0.49,0.4,2026-09-17,2021,N,VIIRS,n,2.0NRT,287.77,2.2,N,0.7398713972312487,industrial,TATA Steel,jharkhand_odisha,likely_industrial,False,False,industrial_fire,376405494,0.7398713972312487,2.8363333333333336,1.905520986471956,30.0,False,0,1,industrial_fire,0.975,True
20.96822,85.17728,311.77,0.45,0.39,2026-09-17,2021,N,VIIRS,n,2.0NRT,286.42,1.16,N,3.608736028814565,industrial,unnamed,jharkhand_odisha,likely_natural,False,False,unclassified,928075487,3.608736028814565,,,,False,0,1,unclassified,0.813409090909091,True
20.96827,86.01872,307.63,0.49,0.4,2026-09-17,2021,N,VIIRS,n,2.0NRT,288.29,1.49,N,0.980596331808623,industrial,TATA Steel,jharkhand_odisha,likely_industrial,False,False,industrial_fire,376405494,0.980596331808623,2.8363333333333336,1.905520986471956,30.0,False,0,1,industrial_fire,0.99,True
20.9684,85.15527,300.53,0.45,0.39,2026-09-17,2021,N,VIIRS,n,2.0NRT,283.03,0.47,N,3.117639732887836,industrial,unnamed,jharkhand_odisha,likely_natural,False,False,unclassified,1021846869,3.117639732887836,,,,False,0,1,unclassified,0.74,True
20.96897,85.17303,338.81,0.45,0.39,2026-09-17,2021,N,VIIRS,n,2.0NRT,288.7,2.46,N,3.8430008830017472,industrial,unnamed,jharkhand_odisha,likely_natural,False,False,unclassified,1021846869,3.8430008830017472,,,,False,0,1,unclassified,0.823918773166112,True
20.96912,86.01407,317.46,0.49,0.4,2026-09-17,2021,N,VIIRS,n,2.0NRT,288.16,1.49,N,0.4965332817728552,industrial,TATA Steel,jharkhand_odisha,likely_industrial,False,False,industrial_fire,376405494,0.4965332817728552,2.8363333333333336,1.905520986471956,30.0,False,0,1,industrial_fire,0.985,True
20.97082,86.00476,314.37,0.49,0.4,2026-09-17,2021,N,VIIRS,n,2.0NRT,287.52,2.2,N,0.5194375717148336,industrial,TATA Steel,jharkhand_odisha,likely_industrial,False,False,industrial_fire,376405494,0.5194375717148336,2.8363333333333336,1.905520986471956,30.0,False,0,1,industrial_fire,0.99,True
20.97176,85.178,308.07,0.45,0.39,2026-09-17,2021,N,VIIRS,n,2.0NRT,287.42,0.87,N,3.665937950691265,industrial,unnamed,jharkhand_odisha,likely_natural,False,False,unclassified,928075487,3.665937950691265,,,,False,0,1,unclassified,0.8565748863205761,True
20.9725,85.17376,306.76,0.45,0.39,2026-09-17,2021,N,VIIRS,n,2.0NRT,287.91,1.97,N,4.105794671335846,industrial,unnamed,jharkhand_odisha,likely_natural,False,False,unclassified,928075487,4.105794671335846,,,,False,0,1,unclassified,0.9665,True
20.9745,86.00552,304.18,0.49,0.4,2026-09-17,2021,N,VIIRS,n,2.0NRT,287.05,1.5,N,0.5837860181772778,industrial,TATA Steel,jharkhand_odisha,likely_industrial,False,False,industrial_fire,376405494,0.5837860181772778,2.8363333333333336,1.905520986471956,30.0,False,0,1,industrial_fire,1.0,True
20.97679,85.17021,321.55,0.45,0.39,2026-09-17,2021,N,VIIRS,n,2.0NRT,288.17,1.97,N,4.453257401533252,industrial,unnamed,jharkhand_odisha,likely_natural,False,False,unclassified,1021846869,4.453257401533252,,,,False,0,1,unclassified,0.9573753752930115,True
20.97919,85.1354,313.75,0.45,0.39,2026-09-17,2021,N,VIIRS,n,2.0NRT,288.0,2.41,N,4.63176987612431,industrial,unnamed,jharkhand_odisha,likely_natural,False,False,unclassified,1021846869,4.63176987612431,,,,False,0,1,unclassified,0.9573753752930115,True
21.10117,72.63416,347.21,0.36,0.57,2026-09-17,2021,N,VIIRS,n,2.0NRT,289.41,6.23,N,1.3854944374697011,industrial,Shell Energy India Private Limited,gujarat,likely_industrial,False,False,industrial_fire,121765355,1.3854944374697011,1.85,0.9475230867899735,2.0,True,0,1,industrial_fire,0.9566666666666666,True
21.10167,72.6454,305.38,0.36,0.57,2026-09-17,2021,N,VIIRS,n,2.0NRT,289.03,1.57,N,0.9272138207702306,industrial,ArcelorMittal Nippon Steel India,gujarat,likely_industrial,False,False,industrial_fire,104647203,0.9272138207702306,4.711573033707865,5.145412100042576,89.0,False,0,1,industrial_fire,0.985,True
21.10278,72.63486,350.06,0.36,0.57,2026-09-17,2021,N,VIIRS,n,2.0NRT,289.59,5.74,N,1.2114003058568776,industrial,ArcelorMittal Nippon Steel India,gujarat,likely_industrial,False,False,industrial_fire,104647203,1.2114003058568776,4.711573033707865,5.145412100042576,89.0,False,0,1,industrial_fire,0.9466666666666665,True
21.10547,72.64535,344.2,0.36,0.57,2026-09-17,2021,N,VIIRS,n,2.0NRT,290.06,7.41,N,0.5164001616833704,industrial,ArcelorMittal Nippon Steel India,gujarat,likely_industrial,False,False,industrial_fire,104647203,0.5164001616833704,4.711573033707865,5.145412100042576,89.0,False,0,1,industrial_fire,0.955,True
21.1065,72.6348,304.79,0.36,0.57,2026-09-17,2021,N,VIIRS,n,2.0NRT,289.14,2.02,N,0.9992773633881435,industrial,ArcelorMittal Nippon Steel India,gujarat,likely_industrial,False,False,industrial_fire,104647203,0.9992773633881435,4.711573033707865,5.145412100042576,89.0,False,0,1,industrial_fire,0.995,True
21.10699,72.64602,340.1,0.36,0.57,2026-09-17,2021,N,VIIRS,n,2.0NRT,290.47,6.14,N,0.3978401263054662,industrial,ArcelorMittal Nippon Steel India,gujarat,likely_industrial,False,False,industrial_fire,104647203,0.3978401263054662,4.711573033707865,5.145412100042576,89.0,False,0,1,industrial_fire,0.9816666666666666,True
21.1081,72.6355,313.63,0.36,0.57,2026-09-17,2021,N,VIIRS,n,2.0NRT,289.45,1.76,N,0.8762732253215229,industrial,ArcelorMittal Nippon Steel India,gujarat,likely_industrial,False,False,industrial_fire,104647203,0.8762732253215229,4.711573033707865,5.145412100042576,89.0,False,0,1,industrial_fire,0.97,True
21.11183,72.63544,319.84,0.36,0.57,2026-09-17,2021,N,VIIRS,n,2.0NRT,289.3,2.02,N,0.8876767873408323,industrial,ArcelorMittal Nippon Steel India,gujarat,likely_industrial,False,False,industrial_fire,104647203,0.8876767873408323,4.711573033707865,5.145412100042576,89.0,False,0,1,industrial_fire,0.995,True
21.11343,72.63612,310.65,0.36,0.57,2026-09-17,2021,N,VIIRS,n,2.0NRT,289.62,1.76,N,0.7941442687675344,industrial,Hazira II (Essar) Power Plant,gujarat,likely_industrial,False,False,industrial_fire,916863896,0.7941442687675344,1.83,0.915,1.0,False,0,1,industrial_fire,0.945,True
21.17959,81.38611,334.36,0.39,0.36,2026-09-17,2021,N,VIIRS,n,2.0NRT,293.22,2.74,N,66.87770368334749,industrial,unnamed,jharkhand_odisha,likely_natural,False,False,unclassified,458695478,66.87770368334749,,,,False,0,1,unclassified,0.9265625,True
21.18292,81.3867,334.71,0.39,0.36,2026-09-17,2021,N,VIIRS,n,2.0NRT,294.0,2.74,N,66.83689078691795,industrial,unnamed,jharkhand_odisha,likely_natural,False,False,unclassified,458695478,66.83689078691795,,,,False,0,1,unclassified,0.9265625,True
21.18349,81.38296,310.32,0.39,0.36,2026-09-17,2021,N,VIIRS,n,2.0NRT,292.6,2.74,N,67.22767535207328,industrial,unnamed,jharkhand_odisha,likely_natural,False,False,unclassified,458695478,67.22767535207328,,,,False,0,1,unclassified,0.8105434782608696,True
21.18568,81.39101,311.59,0.39,0.36,2026-09-17,2021,N,VIIRS,n,2.0NRT,293.32,0.82,N,66.40925638493141,industrial,unnamed,jharkhand_odisha,likely_natural,False,False,unclassified,458695478,66.40925638493141,,,,False,0,1,unclassified,0.856875,True
21.18625,81.38728,314.83,0.39,0.36,2026-09-17,2021,N,VIIRS,n,2.0NRT,292.36,1.6,N,66.79919897356935,industrial,unnamed,jharkhand_odisha,likely_natural,False,False,unclassified,458695478,66.79919897356935,,,,False,0,1,unclassified,0.935,True
21.18898,81.19984,307.1,0.39,0.36,2026-09-17,2021,N,VIIRS,n,2.0NRT,291.68,1.01,N,86.21845932877606,industrial,unnamed,jharkhand_odisha,likely_natural,False,False,unclassified,458695478,86.21845932877606,,,,False,0,1,unclassified,0.831358543417367,True
21.189,81.39159,308.81,0.39,0.36,2026-09-17,2021,N,VIIRS,n,2.0NRT,292.81,0.82,N,66.3733741657515,industrial,unnamed,jharkhand_odisha,likely_natural,False,False,unclassified,458695478,66.3733741657515,,,,False,0,1,unclassified,0.865,True
21.19233,81.39217,307.74,0.39,0.36,2026-09-17,2021,N,VIIRS,n,2.0NRT,292.15,1.16,N,66.33966607087898,industrial,unnamed,jharkhand_odisha,likely_natural,False,False,unclassified,458695478,66.33966607087898,,,,False,0,1,unclassified,0.815,True
21.19556,81.41569,329.5,0.39,0.36,2026-09-17,2021,N,VIIRS,n,2.0NRT,291.78,3.16,N,63.93669621416832,industrial,unnamed,jharkhand_odisha,likely_natural,False,False,unclassified,458695478,63.93669621416832,,,,False,0,1,unclassified,0.92,True
21.24864,79.20864,309.53,0.45,0.39,2026-09-17,2021,N,VIIRS,n,2.0NRT,290.14,3.82,N,3.884485918940906,industrial,unnamed,maharashtra,likely_natural,False,False,unclassified,133733244,3.884485918940906,,,,False,0,1,unclassified,0.7676290190202667,True
21.29878,81.60506,307.41,0.39,0.36,2026-09-17,2021,N,VIIRS,n,2.0NRT,290.49,0.82,N,47.1752610331685,industrial,unnamed,jharkhand_odisha,likely_natural,False,False,unclassified,458695478,47.1752610331685,,,,False,0,1,unclassified,0.82,True
21.30612,81.57966,307.31,0.39,0.36,2026-09-17,2021,N,VIIRS,n,2.0NRT,290.83,0.24,N,49.925085909825015,industrial,unnamed,jharkhand_odisha,likely_natural,False,False,unclassified,458695478,49.925085909825015,,,,False,0,1,unclassified,0.9,True
21.31103,81.59196,311.6,0.39,0.36,2026-09-17,2021,N,VIIRS,n,2.0NRT,290.59,0.83,N,48.93488513964547,industrial,unnamed,jharkhand_odisha,likely_natural,False,False,unclassified,458695478,48.93488513964547,,,,False,0,1,unclassified,0.846875,True
21.32329,81.57885,305.13,0.39,0.36,2026-09-17,2021,N,VIIRS,n,2.0NRT,290.36,0.49,N,50.70757915560686,industrial,unnamed,jharkhand_odisha,likely_natural,False,False,unclassified,458695478,50.70757915560686,,,,False,0,1,unclassified,0.97,True
21.33511,78.96634,318.19,0.46,0.39,2026-09-17,2021,N,VIIRS,n,2.0NRT,291.28,2.17,N,4.514825068632933,industrial,Saoner-I,maharashtra,likely_natural,False,False,unclassified,133732504,4.514825068632933,,,,False,0,1,unclassified,0.9523753752930115,True
21.33811,78.97135,305.49,0.46,0.39,2026-09-17,2021,N,VIIRS,n,2.0NRT,290.74,1.47,N,4.2201849621973535,industrial,unnamed,maharashtra,likely_natural,False,False,unclassified,133732505,4.2201849621973535,,,,False,0,1,unclassified,0.9523333333333334,True
21.34381,81.66635,307.15,0.39,0.36,2026-09-17,2021,N,VIIRS,n,2.0NRT,289.47,1.25,N,43.584107134287365,industrial,unnamed,jharkhand_odisha,likely_natural,False,False,unclassified,458695478,43.584107134287365,,,,False,0,1,unclassified,0.835,True
21.34631,81.66602,312.01,0.39,0.36,2026-09-17,2021,N,VIIRS,n,2.0NRT,289.57,1.51,N,43.753475882780585,industrial,unnamed,jharkhand_odisha,likely_natural,False,False,unclassified,458695478,43.753475882780585,,,,False,0,1,unclassified,0.926875,True
21.36506,81.67696,305.68,0.39,0.36,2026-09-17,2021,N,VIIRS,n,2.0NRT,288.81,0.85,N,42.24106257735737,plant,unnamed,jharkhand_odisha,likely_natural,False,False,unclassified,1212775828,42.24106257735737,,,,False,0,1,unclassified,0.9359375,True
21.37055,81.44953,306.05,0.39,0.36,2026-09-17,2021,N,VIIRS,n,2.0NRT,289.6,0.43,N,63.303719228978274,plant,unnamed,jharkhand_odisha,likely_natural,False,False,unclassified,1212775828,63.303719228978274,,,,False,0,1,unclassified,0.955,True
21.37055,81.68555,309.9,0.39,0.36,2026-09-17,2021,N,VIIRS,n,2.0NRT,289.93,1.93,N,41.16367396519512,plant,unnamed,jharkhand_odisha,likely_natural,False,False,unclassified,1212775828,41.16367396519512,,,,False,0,1,unclassified,0.7655434782608695,True
21.37501,81.67871,308.37,0.39,0.36,2026-09-17,2021,N,VIIRS,n,2.0NRT,290.84,1.59,N,41.516632093703286,plant,unnamed,jharkhand_odisha,likely_natural,False,False,unclassified,1212775828,41.516632093703286,,,,False,0,1,unclassified,0.72,True
21.37743,81.641,307.29,0.39,0.36,2026-09-17,2021,N,VIIRS,n,2.0NRT,290.13,1.25,N,44.80384393191529,plant,unnamed,jharkhand_odisha,likely_natural,False,False,unclassified,1212775828,44.80384393191529,,,,False,0,1,unclassified,0.84,True
21.37833,81.6793,310.5,0.39,0.36,2026-09-17,2021,N,VIIRS,n,2.0NRT,291.38,1.21,N,41.27831815098286,plant,unnamed,jharkhand_odisha,likely_natural,False,False,unclassified,1212775828,41.27831815098286,,,,False,0,1,unclassified,0.821875,True
21.38177,81.65703,305.19,0.39,0.36,2026-09-17,2021,N,VIIRS,n,2.0NRT,288.54,1.04,N,43.11039527307101,plant,unnamed,jharkhand_odisha,likely_natural,False,False,unclassified,1212775828,43.11039527307101,,,,False,0,1,unclassified,0.908321043417367,True
21.39013,81.64706,310.0,0.39,0.36,2026-09-17,2021,N,VIIRS,n,2.0NRT,289.83,1.17,N,43.604935092161774,plant,unnamed,jharkhand_odisha,likely_natural,False,False,unclassified,1212775828,43.604935092161774,,,,False,0,1,unclassified,0.831875,True
21.43239,72.97762,321.76,0.34,0.56,2026-09-17,2021,N,VIIRS,n,2.0NRT,288.68,1.98,N,1.834785870536468,industrial,unnamed,gujarat,likely_industrial,False,False,industrial_fire,678612994,1.834785870536468,1.2,0.6,1.0,False,0,1,industrial_fire,0.98,True
21.45741,81.8032,305.38,0.39,0.36,2026-09-17,2021,N,VIIRS,n,2.0NRT,287.76,0.65,N,25.80438085405052,plant,unnamed,jharkhand_odisha,likely_natural,False,False,unclassified,1212775828,25.80438085405052,,,,False,0,1,unclassified,0.8083664596273291,True
21.48636,81.77025,311.48,0.39,0.36,2026-09-17,2021,N,VIIRS,n,2.0NRT,288.08,0.79,N,27.719126049114184,plant,unnamed,jharkhand_odisha,likely_natural,False,False,unclassified,1212775828,27.719126049114184,,,,False,0,1,unclassified,0.801875,True
21.50048,81.81085,305.75,0.39,0.36,2026-09-17,2021,N,VIIRS,n,2.0NRT,288.19,0.52,N,23.239636669322785,plant,unnamed,jharkhand_odisha,likely_natural,False,False,unclassified,1212775828,23.239636669322785,,,,False,0,1,unclassified,0.8241666666666666,True
21.57584,82.0214,308.71,0.38,0.36,2026-09-17,2021,N,VIIRS,n,2.0NRT,288.44,0.95,N,0.0631232944126451,industrial,unnamed,jharkhand_odisha,likely_industrial,False,False,industrial_fire,616079152,0.0631232944126451,1.3675000000000002,0.4589389937671455,4.0,False,0,1,industrial_fire,0.985,True
21.6216,81.79366,306.43,0.39,0.36,2026-09-17,2021,N,VIIRS,n,2.0NRT,288.66,1.06,N,24.12103580106185,industrial,unnamed,jharkhand_odisha,likely_natural,False,False,unclassified,616079152,24.12103580106185,1.3675000000000002,0.4589389937671455,4.0,False,0,1,unclassified,0.7296565898154134,True
21.67807,84.04046,305.93,0.4,0.37,2026-09-17,2021,N,VIIRS,n,2.0NRT,273.29,1.04,N,0.2998184639713265,industrial,Shyam Metallic & Energy,jharkhand_odisha,likely_industrial,False,False,industrial_fire,949319148,0.2998184639713265,3.03625,2.0614900124493865,8.0,False,0,1,industrial_fire,0.970625,True
21.67872,84.03658,306.87,0.4,0.37,2026-09-17,2021,N,VIIRS,n,2.0NRT,275.89,1.04,N,0.6594480425982925,industrial,Shyam Metallic & Energy,jharkhand_odisha,likely_industrial,False,False,industrial_fire,949319148,0.6594480425982925,3.03625,2.0614900124493865,8.0,False,0,1,industrial_fire,0.9703125,True
21.68145,84.04111,301.12,0.4,0.37,2026-09-17,2021,N,VIIRS,n,2.0NRT,272.91,1.05,N,0.625847809472059,industrial,Shyam Metallic & Energy,jharkhand_odisha,likely_industrial,False,False,industrial_fire,949319148,0.625847809472059,3.03625,2.0614900124493865,8.0,False,0,1,industrial_fire,0.985,True
21.73932,83.84106,302.62,0.4,0.37,2026-09-17,2021,N,VIIRS,n,2.0NRT,273.03,0.85,N,0.8575333339775897,industrial,coal washery,jharkhand_odisha,likely_industrial,False,False,industrial_fire,1442753896,0.8575333339775897,2.454,0.8528410038089034,10.0,False,0,1,industrial_fire,0.98,True
21.74268,83.84171,311.08,0.4,0.37,2026-09-17,2021,N,VIIRS,n,2.0NRT,275.12,2.05,N,0.72527724474985,industrial,unnamed,jharkhand_odisha,likely_industrial,False,False,industrial_fire,968282857,0.72527724474985,4.3878,2.768691793049194,50.0,False,0,1,industrial_fire,0.985,True
21.74604,83.84237,326.62,0.4,0.37,2026-09-17,2021,N,VIIRS,n,2.0NRT,276.98,2.05,N,0.6759377659230897,industrial,unnamed,jharkhand_odisha,likely_industrial,False,False,industrial_fire,968282857,0.6759377659230897,4.3878,2.768691793049194,50.0,False,0,1,industrial_fire,0.99,True
21.7494,83.84303,324.86,0.4,0.37,2026-09-17,2021,N,VIIRS,n,2.0NRT,277.46,1.66,N,0.8223270549228873,industrial,unnamed,jharkhand_odisha,likely_industrial,False,False,industrial_fire,968282857,0.8223270549228873,4.3878,2.768691793049194,50.0,False,0,1,industrial_fire,1.0,True
21.75276,83.84368,308.34,0.4,0.37,2026-09-17,2021,N,VIIRS,n,2.0NRT,276.58,1.66,N,1.0873547160399193,industrial,unnamed,jharkhand_odisha,likely_industrial,False,False,industrial_fire,968282857,1.0873547160399193,4.3878,2.768691793049194,50.0,False,0,1,industrial_fire,0.995,True
21.75404,83.8437,318.14,0.4,0.37,2026-09-17,2021,N,VIIRS,n,2.0NRT,276.8,1.51,N,1.188351296888745,industrial,unnamed,jharkhand_odisha,likely_industrial,False,False,industrial_fire,968282857,1.188351296888745,4.3878,2.768691793049194,50.0,False,0,1,industrial_fire,0.98,True
21.7574,83.84435,312.21,0.4,0.37,2026-09-17,2021,N,VIIRS,n,2.0NRT,275.01,1.51,N,1.0203345101812826,industrial,unnamed,jharkhand_odisha,likely_industrial,False,False,industrial_fire,968282854,1.0203345101812826,3.560666666666666,3.063565771791956,15.0,False,0,1,industrial_fire,0.97,True
21.76011,83.84884,300.38,0.4,0.37,2026-09-17,2021,N,VIIRS,n,2.0NRT,275.73,1.22,N,0.9015412111309902,industrial,unnamed,jharkhand_odisha,likely_industrial,False,False,industrial_fire,968282854,0.9015412111309902,3.560666666666666,3.063565771791956,15.0,False,0,1,industrial_fire,0.97,True
21.76076,83.845,311.2,0.4,0.37,2026-09-17,2021,N,VIIRS,n,2.0NRT,274.14,1.22,N,0.6608970915395557,industrial,unnamed,jharkhand_odisha,likely_industrial,False,False,industrial_fire,968282854,0.6608970915395557,3.560666666666666,3.063565771791956,15.0,False,0,1,industrial_fire,1.0,True
21.76242,84.0204,303.32,0.4,0.37,2026-09-17,2021,N,VIIRS,n,2.0NRT,275.03,1.69,N,0.1430488061987156,industrial,Bhushan Power & Steel,jharkhand_odisha,likely_industrial,False,False,industrial_fire,91005925,0.1430488061987156,1.345,0.6046532523319093,10.0,False,0,1,industrial_fire,0.99,True
21.76347,83.84949,319.11,0.4,0.37,2026-09-17,2021,N,VIIRS,n,2.0NRT,277.98,1.22,N,0.7041933859098001,industrial,unnamed,jharkhand_odisha,likely_industrial,False,False,industrial_fire,968282854,0.7041933859098001,3.560666666666666,3.063565771791956,15.0,False,0,1,industrial_fire,1.0,True
21.76424,85.57803,303.15,0.46,0.39,2026-09-17,2021,N,VIIRS,n,2.0NRT,287.55,0.55,N,17.140534353821817,industrial,unnamed,jharkhand_odisha,likely_natural,False,False,unclassified,983100258,17.140534353821817,,,,False,0,1,unclassified,0.6784940476190476,True
21.76514,84.02493,325.15,0.4,0.37,2026-09-17,2021,N,VIIRS,n,2.0NRT,277.25,1.77,N,0.4464309549606595,industrial,Bhushan Power & Steel,jharkhand_odisha,likely_industrial,False,False,industrial_fire,91005925,0.4464309549606595,1.345,0.6046532523319093,10.0,False,0,1,industrial_fire,0.98,True
21.7658,84.02105,303.86,0.4,0.37,2026-09-17,2021,N,VIIRS,n,2.0NRT,275.57,1.77,N,0.3871598792404098,industrial,Bhushan Power & Steel,jharkhand_odisha,likely_industrial,False,False,industrial_fire,91005925,0.3871598792404098,1.345,0.6046532523319093,10.0,False,0,1,industrial_fire,0.95,True
21.76645,84.01719,303.37,0.4,0.37,2026-09-17,2021,N,VIIRS,n,2.0NRT,276.53,1.42,N,0.4631676057060908,industrial,Rengali Bhushan Power Plant,jharkhand_odisha,likely_industrial,False,False,industrial_fire,1158770481,0.4631676057060908,2.21,1.0748023074035524,2.0,False,0,1,industrial_fire,1.0,True
21.87802,83.55674,301.9,0.39,0.36,2026-09-17,2021,N,VIIRS,n,2.0NRT,281.12,0.65,N,0.1676482645610576,industrial,unnamed,jharkhand_odisha,likely_industrial,True,False,industrial_fire,649696597,0.1676482645610576,1.4875,0.7294918322595074,4.0,False,0,1,industrial_fire,0.98,True
21.88929,83.55106,302.35,0.39,0.36,2026-09-17,2021,N,VIIRS,n,2.0NRT,279.92,0.34,N,1.2872316153209464,industrial,unnamed,jharkhand_odisha,likely_industrial,True,False,industrial_fire,649696597,1.2872316153209464,1.4875,0.7294918322595074,4.0,False,0,1,industrial_fire,0.97,True
21.91882,83.35059,305.62,0.39,0.36,2026-09-17,2021,N,VIIRS,n,2.0NRT,267.6,0.97,N,0.944969470771114,industrial,Raigarh Jindal power station,jharkhand_odisha,likely_industrial,False,False,industrial_fire,1093898245,0.944969470771114,1.74,0.7285830998131464,7.0,False,0,1,industrial_fire,0.975625,True
21.92215,83.35123,307.34,0.39,0.36,2026-09-17,2021,N,VIIRS,n,2.0NRT,266.89,0.97,N,0.6918304268734395,industrial,Jindal Steel Works,jharkhand_odisha,likely_industrial,False,False,industrial_fire,119390670,0.6918304268734395,2.87875,2.153485132125531,8.0,False,0,1,industrial_fire,0.96,True
21.92439,85.22147,317.28,0.44,0.38,2026-09-17,2021,N,VIIRS,n,2.0NRT,290.6,2.65,N,0.5493740758406125,industrial,Rungta Kamanda power station,jharkhand_odisha,likely_industrial,False,False,industrial_fire,664709787,0.5493740758406125,2.1333333333333333,0.6267375846396959,9.0,False,0,1,industrial_fire,0.995,True
21.93141,85.22286,307.39,0.44,0.38,2026-09-17,2021,N,VIIRS,n,2.0NRT,290.02,1.54,N,0.2813146034716496,industrial,Rungta Kamanda power station,jharkhand_odisha,likely_industrial,False,False,industrial_fire,664709787,0.2813146034716496,2.1333333333333333,0.6267375846396959,9.0,False,0,1,industrial_fire,0.98,True
21.95255,83.78188,296.47,0.4,0.37,2026-09-17,2021,N,VIIRS,n,2.0NRT,271.43,0.35,N,8.957367471596475,industrial,Hemgir Coal Washery,jharkhand_odisha,likely_natural,False,False,unclassified,338164120,8.957367471596475,,,,False,0,1,unclassified,0.83,True
21.96451,83.77235,301.3,0.4,0.37,2026-09-17,2021,N,VIIRS,n,2.0NRT,274.03,0.97,N,9.415514254661105,industrial,Hemgir Coal Washery,jharkhand_odisha,likely_natural,True,False,wildfire,338164120,9.415514254661105,,,,False,0,1,wildfire,0.4933448781610545,True
21.98454,83.23458,307.92,0.39,0.36,2026-09-17,2021,N,VIIRS,n,2.0NRT,280.37,0.77,N,0.0191164783945179,industrial,unnamed,jharkhand_odisha,likely_industrial,False,False,industrial_fire,194637145,0.0191164783945179,1.3625,0.5761582537231705,4.0,False,0,1,industrial_fire,0.98,True
21.98516,83.23084,303.58,0.39,0.36,2026-09-17,2021,N,VIIRS,n,2.0NRT,280.88,0.77,N,0.1751112516710964,industrial,Monnet Raigarh Power Plant,jharkhand_odisha,likely_industrial,False,False,industrial_fire,1128051115,0.1751112516710964,1.58,0.79,1.0,False,0,1,industrial_fire,0.98,True
22.03135,83.36708,301.22,0.39,0.36,2026-09-17,2021,N,VIIRS,n,2.0NRT,279.46,0.88,N,1.7283887215033156,industrial,unnamed,jharkhand_odisha,likely_industrial,False,False,industrial_fire,853863162,1.7283887215033156,1.09,0.3297726489568229,5.0,False,0,1,industrial_fire,0.94,True
22.03713,83.35266,305.56,0.39,0.36,2026-09-17,2021,N,VIIRS,n,2.0NRT,280.06,0.78,N,2.837374500423476,industrial,unnamed,jharkhand_odisha,likely_natural,False,False,unclassified,435581945,2.837374500423476,,,,False,0,1,wildfire,0.6297799593270572,False
22.03775,83.34889,303.75,0.39,0.36,2026-09-17,2021,N,VIIRS,n,2.0NRT,279.24,0.78,N,2.618126773936225,industrial,unnamed,jharkhand_odisha,likely_natural,False,False,unclassified,435581945,2.618126773936225,,,,False,0,1,unclassified,0.6630904001604802,True
22.03882,83.73061,303.22,0.4,0.37,2026-09-17,2021,N,VIIRS,n,2.0NRT,265.49,0.66,N,16.218187507538282,industrial,Hemgir Coal Washery,jharkhand_odisha,likely_natural,True,False,wildfire,338164120,16.218187507538282,,,,False,0,1,wildfire,0.5652843958768158,True
22.04216,83.73125,296.86,0.4,0.37,2026-09-17,2021,N,VIIRS,n,2.0NRT,264.45,0.66,N,16.5923298434455,industrial,Hemgir Coal Washery,jharkhand_odisha,likely_natural,True,False,wildfire,338164120,16.5923298434455,,,,False,0,1,unclassified,0.4985107142857143,False
22.05333,88.12676,300.01,0.41,0.45,2026-09-17,2021,N,VIIRS,n,2.0NRT,279.35,0.93,N,79.17935287709989,plant,BEL,jharkhand_odisha,likely_natural,False,False,unclassified,421635559,79.17935287709989,1.7175,0.889056482216641,8.0,False,0,1,unclassified,0.8312823529411765,True
22.05408,88.12284,310.15,0.41,0.45,2026-09-17,2021,N,VIIRS,n,2.0NRT,279.94,0.93,N,78.76806806471672,plant,BEL,jharkhand_odisha,likely_natural,False,False,unclassified,421635559,78.76806806471672,1.7175,0.889056482216641,8.0,False,0,1,unclassified,0.871875,True
22.05503,85.46603,305.45,0.45,0.39,2026-09-17,2021,N,VIIRS,n,2.0NRT,289.57,0.88,N,3.919833017386508,industrial,unnamed,jharkhand_odisha,likely_natural,True,False,wildfire,664709725,3.919833017386508,,,,False,0,1,unclassified,0.6083109501471002,False
22.08943,83.11558,304.78,0.39,0.36,2026-09-17,2021,N,VIIRS,n,2.0NRT,283.61,1.12,N,12.436471610125585,industrial,Binjkote Power Station,jharkhand_odisha,likely_natural,False,False,unclassified,311954711,12.436471610125585,,,,False,0,1,wildfire,0.6732419706518971,False
22.13164,85.38404,306.67,0.44,0.39,2026-09-17,2021,N,VIIRS,n,2.0NRT,288.74,0.63,N,0.2771597999447816,industrial,unnamed,jharkhand_odisha,likely_industrial,True,False,industrial_fire,983237669,0.2771597999447816,,,,False,0,1,industrial_fire,0.9816666666666666,True
22.2065,84.86951,312.33,0.42,0.38,2026-09-17,2021,N,VIIRS,n,2.0NRT,288.89,1.96,N,1.9439514969188711,industrial,Rourkela Works II Power Plant,jharkhand_odisha,likely_industrial,False,False,industrial_fire,925372111,1.9439514969188711,2.5,2.2344574285494905,2.0,False,0,1,industrial_fire,0.915,True
22.20791,84.86137,336.29,0.42,0.38,2026-09-17,2021,N,VIIRS,n,2.0NRT,290.95,2.79,N,1.6944590388717715,industrial,unnamed,jharkhand_odisha,likely_industrial,False,False,industrial_fire,899963455,1.6944590388717715,2.056666666666666,0.8294777473406585,3.0,False,0,1,industrial_fire,0.98,True
22.20851,84.54888,306.86,0.41,0.37,2026-09-17,2021,N,VIIRS,n,2.0NRT,289.78,1.04,N,0.2273934918427082,industrial,unnamed,jharkhand_odisha,likely_industrial,True,False,industrial_fire,1148776912,0.2273934918427082,,,,False,0,1,industrial_fire,0.9703125,True
22.20931,84.85323,307.19,0.42,0.38,2026-09-17,2021,N,VIIRS,n,2.0NRT,289.72,0.57,N,1.0303600106861122,industrial,unnamed,jharkhand_odisha,likely_industrial,False,False,industrial_fire,899963455,1.0303600106861122,2.056666666666666,0.8294777473406585,3.0,False,0,1,industrial_fire,0.9716666666666666,True
22.21136,84.86207,306.61,0.42,0.38,2026-09-17,2021,N,VIIRS,n,2.0NRT,290.55,2.79,N,1.5468127767099775,industrial,unnamed,jharkhand_odisha,likely_industrial,False,False,industrial_fire,899963455,1.5468127767099775,2.056666666666666,0.8294777473406585,3.0,False,0,1,industrial_fire,0.97,True
22.21141,84.84103,307.2,0.42,0.38,2026-09-17,2021,N,VIIRS,n,2.0NRT,289.89,1.22,N,1.0342666015607438,industrial,unnamed,jharkhand_odisha,likely_industrial,False,False,industrial_fire,899963455,1.0342666015607438,2.056666666666666,0.8294777473406585,3.0,False,0,1,industrial_fire,0.94,True
22.2134,84.87091,305.34,0.42,0.38,2026-09-17,2021,N,VIIRS,n,2.0NRT,290.19,1.64,N,1.2286448228857998,industrial,Rourkela Works II Power Plant,jharkhand_odisha,likely_industrial,False,False,industrial_fire,925372111,1.2286448228857998,2.5,2.2344574285494905,2.0,False,0,1,industrial_fire,0.985,True
22.2141,84.86684,325.37,0.42,0.38,2026-09-17,2021,N,VIIRS,n,2.0NRT,290.16,1.64,N,1.489239974170429,industrial,Rourkela Works II Power Plant,jharkhand_odisha,likely_industrial,False,False,industrial_fire,925372111,1.489239974170429,2.5,2.2344574285494905,2.0,False,0,1,industrial_fire,1.0,True
22.2189,84.88046,304.48,0.42,0.38,2026-09-17,2021,N,VIIRS,n,2.0NRT,289.6,0.62,N,0.36754247116658,industrial,Rourkela Works II Power Plant,jharkhand_odisha,likely_industrial,False,False,industrial_fire,925372111,0.36754247116658,2.5,2.2344574285494905,2.0,False,0,1,industrial_fire,0.97,True
22.31489,82.53227,298.81,0.38,0.36,2026-09-17,2021,N,VIIRS,n,2.0NRT,277.66,1.17,N,2.2286216005462816,industrial,S V Power Private Limited Renki,jharkhand_odisha,likely_natural,False,False,unclassified,437012410,2.2286216005462816,0.62,0.0,2.0,False,0,1,unclassified,0.7815350877192982,True
22.3168,82.56316,299.36,0.38,0.36,2026-09-17,2021,N,VIIRS,n,2.0NRT,277.18,0.94,N,3.7960648795772287,industrial,South Eastern Coalfields Ltd. (SECL) - Junadih Rapid Coal Loading System (JRGR),jharkhand_odisha,likely_natural,False,False,unclassified,975466906,3.7960648795772287,,,,False,0,1,unclassified,0.7614149994742101,True
22.31739,82.55944,320.34,0.38,0.36,2026-09-17,2021,N,VIIRS,n,2.0NRT,276.76,1.87,N,3.8233127166817273,industrial,South Eastern Coalfields Ltd. (SECL) - Junadih Rapid Coal Loading System (JRGR),jharkhand_odisha,likely_natural,False,False,unclassified,975466906,3.8233127166817273,,,,False,0,1,unclassified,0.9373753752930115,True
22.3201,82.56376,308.88,0.38,0.36,2026-09-17,2021,N,VIIRS,n,2.0NRT,277.97,0.94,N,3.424071432573572,industrial,South Eastern Coalfields Ltd. (SECL) - Junadih Rapid Coal Loading System (JRGR),jharkhand_odisha,likely_natural,False,False,unclassified,975466906,3.424071432573572,,,,False,0,1,unclassified,0.8711902709359606,True
22.32258,82.59093,303.12,0.38,0.36,2026-09-17,2021,N,VIIRS,n,2.0NRT,279.21,0.75,N,3.756576269616814,industrial,South Eastern Coalfields Ltd. (SECL) - Junadih Rapid Coal Loading System (JRGR),jharkhand_odisha,likely_natural,False,False,unclassified,975466906,3.756576269616814,,,,False,0,1,unclassified,0.7988851005581218,True
22.32318,82.58723,302.7,0.38,0.36,2026-09-17,2021,N,VIIRS,n,2.0NRT,277.88,0.75,N,3.495524446150593,industrial,South Eastern Coalfields Ltd. (SECL) - Junadih Rapid Coal Loading System (JRGR),jharkhand_odisha,likely_natural,False,False,unclassified,975466906,3.495524446150593,,,,False,0,1,unclassified,0.7998851005581219,True
22.33073,82.60389,310.14,0.38,0.36,2026-09-17,2021,N,VIIRS,n,2.0NRT,279.63,1.39,N,4.1022373069533735,industrial,South Eastern Coalfields Ltd. (SECL) - Junadih Rapid Coal Loading System (JRGR),jharkhand_odisha,likely_natural,False,False,unclassified,975466906,4.1022373069533735,,,,False,0,1,unclassified,0.84827948261416,True
22.35698,87.28996,304.91,0.54,0.42,2026-09-17,2021,N,VIIRS,n,2.0NRT,286.17,1.23,N,0.4946420833315254,industrial,unnamed,jharkhand_odisha,likely_industrial,False,False,industrial_fire,660770247,0.4946420833315254,2.053333333333333,1.1274020108717415,18.0,False,0,1,industrial_fire,0.9603125,True
22.35783,82.30344,341.06,0.38,0.36,2026-09-17,2021,N,VIIRS,n,2.0NRT,289.04,4.46,N,13.52143680120484,industrial,Bhandhakhar Power Station,jharkhand_odisha,likely_natural,False,False,unclassified,437012404,13.52143680120484,,,,False,0,1,unclassified,0.5603333661946494,True
22.35842,82.29972,316.3,0.38,0.36,2026-09-17,2021,N,VIIRS,n,2.0NRT,286.35,2.74,N,13.90928404694736,industrial,Bhandhakhar Power Station,jharkhand_odisha,likely_natural,False,False,unclassified,437012404,13.90928404694736,,,,False,0,1,unclassified,0.6171459082645891,True
22.3627,87.30209,311.96,0.54,0.42,2026-09-17,2021,N,VIIRS,n,2.0NRT,285.02,2.4,N,1.7686064511003583,industrial,unnamed,jharkhand_odisha,likely_industrial,False,False,industrial_fire,660770247,1.7686064511003583,2.053333333333333,1.1274020108717415,18.0,False,0,1,industrial_fire,0.99,True
22.36325,87.01734,306.81,0.52,0.42,2026-09-17,2021,N,VIIRS,n,2.0NRT,287.35,1.94,N,3.2028939305630733,industrial,RASHMI CEMENT LTD. (CEMENT DIVISION),jharkhand_odisha,likely_natural,False,False,unclassified,1058410989,3.2028939305630733,,,,False,0,1,unclassified,0.9415,True
22.36656,87.30293,312.57,0.54,0.42,2026-09-17,2021,N,VIIRS,n,2.0NRT,285.31,2.88,N,1.9999704810125447,industrial,unnamed,jharkhand_odisha,likely_industrial,False,False,industrial_fire,212457545,1.9999704810125447,2.416428571428572,1.7090015400040646,14.0,False,0,1,industrial_fire,0.555,True
22.36705,87.01815,311.33,0.52,0.42,2026-09-17,2021,N,VIIRS,n,2.0NRT,287.73,1.57,N,2.783531928490248,industrial,RASHMI CEMENT LTD. (CEMENT DIVISION),jharkhand_odisha,likely_natural,False,False,unclassified,1058410989,2.7835319284902478,,,,False,0,1,unclassified,0.87327948261416,True
22.37536,87.27769,308.67,0.54,0.42,2026-09-17,2021,N,VIIRS,n,2.0NRT,286.8,2.06,N,0.6115153777826561,industrial,unnamed,jharkhand_odisha,likely_industrial,False,False,industrial_fire,747427621,0.6115153777826561,3.023846153846154,1.9395002277914888,39.0,False,0,1,industrial_fire,0.975,True
22.37922,87.27854,322.59,0.54,0.42,2026-09-17,2021,N,VIIRS,n,2.0NRT,287.15,4.05,N,0.4681193239447994,industrial,unnamed,jharkhand_odisha,likely_industrial,False,False,industrial_fire,747427621,0.4681193239447994,3.023846153846154,1.9395002277914888,39.0,False,0,1,industrial_fire,1.0,True
23.16242,82.33555,313.18,0.38,0.36,2026-09-17,2021,N,VIIRS,n,2.0NRT,288.77,1.06,N,18.17033659382669,industrial,JKD Mines,jharkhand_odisha,likely_natural,True,False,wildfire,289699788,18.17033659382669,,,,False,0,1,unclassified,0.4897050650534657,False
23.16456,82.34363,307.95,0.38,0.36,2026-09-17,2021,N,VIIRS,n,2.0NRT,287.95,1.61,N,18.932009834988865,industrial,JKD Mines,jharkhand_odisha,likely_natural,True,False,wildfire,289699788,18.932009834988865,,,,False,0,1,unclassified,0.36761904761904757,False
23.16514,82.33989,330.1,0.38,0.36,2026-09-17,2021,N,VIIRS,n,2.0NRT,290.17,1.61,N,18.54438057068121,industrial,JKD Mines,jharkhand_odisha,likely_natural,True,False,wildfire,289699788,18.54438057068121,,,,False,0,1,unclassified,0.5563339963525189,False
23.16573,82.33615,306.39,0.38,0.36,2026-09-17,2021,N,VIIRS,n,2.0NRT,289.2,0.73,N,18.15654543388554,industrial,JKD Mines,jharkhand_odisha,likely_natural,True,False,wildfire,289699788,18.15654543388554,,,,False,0,1,unclassified,0.5048915893587089,False
23.16786,82.34424,312.13,0.38,0.36,2026-09-17,2021,N,VIIRS,n,2.0NRT,288.52,1.61,N,18.927255512205846,industrial,JKD Mines,jharkhand_odisha,likely_natural,True,False,wildfire,289699788,18.927255512205846,,,,False,0,1,unclassified,0.5029650939134945,False
23.5586,87.23982,335.25,0.52,0.41,2026-09-17,2021,N,VIIRS,n,2.0NRT,265.95,6.29,N,0.9191838787112244,works,unnamed,jharkhand_odisha,likely_industrial,False,False,industrial_fire,974481210,0.9191838787112244,3.23,1.8337860912798496,8.0,False,0,1,industrial_fire,0.9866666666666666,True
23.64853,85.43797,302.31,0.43,0.38,2026-09-17,2021,N,VIIRS,n,2.0NRT,274.75,0.34,N,0.5493518897314207,industrial,unnamed,jharkhand_odisha,likely_industrial,False,False,industrial_fire,999274775,0.5493518897314207,1.9040740740740745,1.3904406032711614,27.0,False,0,1,industrial_fire,0.97,True
23.71881,85.00961,308.91,0.42,0.37,2026-09-17,2021,N,VIIRS,n,2.0NRT,284.92,0.59,N,4.694536136287974,industrial,unnamed,jharkhand_odisha,likely_natural,False,False,unclassified,662748251,4.694536136287974,2.86,1.43,1.0,False,0,1,unclassified,0.8640201028687338,True
23.73961,85.0083,309.55,0.41,0.37,2026-09-17,2021,N,VIIRS,n,2.0NRT,286.93,1.57,N,6.827171778825858,industrial,unnamed,jharkhand_odisha,likely_natural,True,False,wildfire,1034934701,6.827171778825858,,,,False,0,1,unclassified,0.7602010512416111,False
23.82859,84.57331,305.7,0.4,0.37,2026-09-17,2021,N,VIIRS,n,2.0NRT,288.02,1.88,N,14.168630633760234,industrial,unnamed,jharkhand_odisha,likely_natural,False,False,unclassified,1026817350,14.168630633760234,,,,False,0,1,unclassified,0.6730406746031747,True
24.01121,80.53002,304.79,0.42,0.38,2026-09-17,2021,N,VIIRS,n,2.0NRT,291.56,0.93,N,172.3789732821859,industrial,unnamed,jharkhand_odisha,likely_natural,False,False,unclassified,795595029,172.3789732821859,,,,False,0,1,unclassified,0.9633210434173669,True
24.05251,80.61311,308.97,0.42,0.38,2026-09-17,2021,N,VIIRS,n,2.0NRT,291.68,1.02,N,163.25529271077448,industrial,unnamed,jharkhand_odisha,likely_natural,False,False,unclassified,795595029,163.25529271077448,,,,False,0,1,unclassified,0.865,True
24.1451,82.65688,309.94,0.38,0.36,2026-09-17,2021,N,VIIRS,n,2.0NRT,288.77,0.93,N,0.7437849647137381,works,Field WorkShop,jharkhand_odisha,likely_industrial,False,False,industrial_fire,196441523,0.7437849647137381,1.9725,0.1415097169808489,4.0,False,0,1,industrial_fire,0.995,True
24.1545,82.59667,303.68,0.38,0.36,2026-09-17,2021,N,VIIRS,n,2.0NRT,289.36,0.57,N,4.881452725957015,industrial,unnamed,jharkhand_odisha,likely_natural,True,False,wildfire,803109664,4.881452725957015,,,,False,0,1,unclassified,0.7344452509340617,False
24.15919,82.56651,308.94,0.38,0.36,2026-09-17,2021,N,VIIRS,n,2.0NRT,290.19,1.13,N,4.542428315098396,works,unnamed,jharkhand_odisha,likely_natural,False,False,unclassified,787091549,4.542428315098396,,,,False,0,1,unclassified,0.8765178571428571,True
24.16302,82.62923,310.7,0.38,0.36,2026-09-17,2021,N,VIIRS,n,2.0NRT,289.83,1.11,N,3.7067646343929286,works,unnamed,jharkhand_odisha,likely_natural,True,False,wildfire,804249926,3.7067646343929286,1.2584615384615383,0.5568639294275002,13.0,False,0,1,unclassified,0.8534090909090909,False
24.1811,82.64421,307.27,0.38,0.36,2026-09-17,2021,N,VIIRS,n,2.0NRT,289.88,0.92,N,1.19577972037982,works,unnamed,jharkhand_odisha,likely_industrial,False,False,industrial_fire,804249926,1.19577972037982,1.2584615384615383,0.5568639294275002,13.0,False,0,1,industrial_fire,0.98,True
24.18205,82.65988,307.62,0.38,0.36,2026-09-17,2021,N,VIIRS,n,2.0NRT,290.44,1.18,N,1.0346689589184073,works,unnamed,jharkhand_odisha,likely_industrial,False,True,industrial_fire,804249926,1.0346689589184073,1.2584615384615383,0.5568639294275002,13.0,False,0,1,industrial_fire,0.945,True
24.19693,82.7169,319.69,0.38,0.36,2026-09-17,2021,N,VIIRS,n,2.0NRT,290.08,1.62,N,0.8171588789810313,works,unnamed,jharkhand_odisha,likely_industrial,True,False,industrial_fire,794321933,0.8171588789810313,1.94,1.505205781428056,10.0,False,0,1,industrial_fire,0.995,True
24.20473,82.71059,306.64,0.38,0.36,2026-09-17,2021,N,VIIRS,n,2.0NRT,290.7,1.45,N,1.0077893690330335,works,unnamed,jharkhand_odisha,likely_industrial,False,False,industrial_fire,794321933,1.0077893690330335,1.94,1.505205781428056,10.0,False,0,1,industrial_fire,0.99,True
24.20532,82.70683,305.18,0.38,0.36,2026-09-17,2021,N,VIIRS,n,2.0NRT,289.99,0.64,N,1.0808158957967562,works,unnamed,jharkhand_odisha,likely_industrial,False,False,industrial_fire,794321933,1.0808158957967562,1.94,1.505205781428056,10.0,False,0,1,industrial_fire,0.975,True
24.20653,82.52477,302.9,0.39,0.36,2026-09-17,2021,N,VIIRS,n,2.0NRT,285.63,0.56,N,0.3393157565975929,industrial,unnamed,jharkhand_odisha,likely_industrial,False,True,industrial_fire,970137384,0.3393157565975929,,,,False,0,1,industrial_fire,0.965,True
24.32523,81.32887,308.4,0.4,0.37,2026-09-17,2021,N,VIIRS,n,2.0NRT,288.99,0.64,N,88.41068630900526,industrial,unnamed,jharkhand_odisha,likely_natural,False,False,unclassified,795595029,88.41068630900526,,,,False,0,1,unclassified,0.89,True
25.3881,68.57704,304.56,0.71,0.75,2026-09-17,2021,N,VIIRS,n,2.0NRT,291.97,1.15,N,44.78468087748547,plant,unnamed,rajasthan,likely_natural,False,False,unclassified,1536856642,44.78468087748547,,,,False,0,1,unclassified,0.888321043417367,True
11.26819,80.00468,315.44,0.38,0.36,2026-09-17,2023,N,VIIRS,n,2.0NRT,288.2,2.8,N,27.25600718779997,industrial,unnamed,tamil_nadu,likely_natural,False,False,unclassified,379492069,27.25600718779997,,,,False,0,1,unclassified,0.89,True
11.81608,77.91647,303.15,0.42,0.37,2026-09-17,2023,N,VIIRS,n,2.0NRT,284.71,0.94,N,0.2587173492476605,industrial,JSW Steel Plant,tamil_nadu,likely_industrial,False,False,industrial_fire,876239837,0.2587173492476605,1.810952380952381,0.6622605587071054,21.0,False,0,1,industrial_fire,0.9653125,True
12.62707,79.91238,315.74,0.38,0.36,2026-09-17,2023,N,VIIRS,n,2.0NRT,289.16,1.63,N,2.024826167656801,industrial,unnamed,andhra_telangana,likely_natural,False,False,unclassified,1032865618,2.024826167656801,,,,False,0,1,unclassified,0.5567424242424243,True
13.38076,80.11128,305.05,0.38,0.36,2026-09-17,2023,N,VIIRS,n,2.0NRT,287.42,1.24,N,0.0697779180505619,industrial,unnamed,andhra_telangana,likely_industrial,False,False,industrial_fire,1017185140,0.0697779180505619,2.1,1.05,1.0,False,0,1,industrial_fire,0.9603125,True
13.39237,80.10231,308.79,0.38,0.36,2026-09-17,2023,N,VIIRS,n,2.0NRT,286.24,1.22,N,0.8666078891413003,industrial,unnamed,andhra_telangana,likely_industrial,False,False,industrial_fire,840721285,0.8666078891413003,1.6666666666666667,1.3417997863566182,6.0,False,0,1,industrial_fire,0.99,True
13.44764,80.09685,305.49,0.38,0.36,2026-09-17,2023,N,VIIRS,n,2.0NRT,287.99,1.47,N,0.2405022782465253,industrial,unnamed,andhra_telangana,likely_industrial,False,False,industrial_fire,840721277,0.2405022782465253,3.42,1.71,1.0,False,0,1,industrial_fire,0.985,True
15.65784,73.98741,309.59,0.5,0.49,2026-09-17,2023,N,VIIRS,n,2.0NRT,287.68,1.82,N,0.269410074651518,industrial,Vedanta Limited,maharashtra,likely_industrial,True,False,industrial_fire,1381466372,0.269410074651518,0.945,0.4554667935206693,10.0,False,0,1,industrial_fire,0.95,True
16.59328,80.69549,308.15,0.39,0.36,2026-09-17,2023,N,VIIRS,n,2.0NRT,291.07,0.66,N,5.631491743975166,industrial,unnamed,andhra_telangana,likely_natural,False,False,unclassified,1269109059,5.631491743975166,9.49,4.745,1.0,False,0,1,unclassified,0.8318115271307462,True
8.76085,78.01939,307.37,0.4,0.37,2026-09-17,2025,N,VIIRS,n,2.0NRT,293.37,1.38,N,2.643266087795997,industrial,unnamed,tamil_nadu,likely_natural,False,False,unclassified,823674462,2.643266087795997,,,,False,0,1,unclassified,0.8117857142857143,True
8.90882,80.78407,296.76,0.4,0.37,2026-09-17,2025,N,VIIRS,n,2.0NRT,260.39,0.36,N,37.13518476166546,industrial,Globe Mill,tamil_nadu,likely_natural,False,False,unclassified,389492068,37.13518476166546,,,,False,0,1,unclassified,0.89,True
8.9122,80.78463,296.77,0.4,0.37,2026-09-17,2025,N,VIIRS,n,2.0NRT,259.28,0.36,N,37.36446780243279,industrial,Globe Mill,tamil_nadu,likely_natural,False,False,unclassified,389492068,37.36446780243279,,,,False,0,1,unclassified,0.89,True
31.76814,70.1087,303.9,0.35,0.57,2026-09-17,2159,N,VIIRS,n,2.0NRT,288.04,0.66,N,201.78296259953524,industrial,unnamed,rajasthan,likely_natural,False,False,unclassified,810507431,201.78296259953524,,,,False,0,1,unclassified,0.9469855072463769,True
32.89023,71.61798,307.17,0.4,0.6,2026-09-17,2159,N,VIIRS,n,2.0NRT,289.02,0.61,N,321.8312826966847,plant,unnamed,rajasthan,likely_natural,False,False,unclassified,1539761409,321.8312826966847,3.98,1.99,1.0,False,0,1,unclassified,0.8539855072463769,True
33.24206,71.51898,307.23,0.39,0.59,2026-09-17,2159,N,VIIRS,n,2.0NRT,287.45,0.67,N,360.7579092762186,plant,unnamed,rajasthan,likely_natural,False,False,unclassified,1539761409,360.7579092762186,3.98,1.99,1.0,False,0,1,unclassified,0.8539855072463769,True
33.24233,71.52106,304.86,0.39,0.59,2026-09-17,2159,N,VIIRS,n,2.0NRT,287.65,0.34,N,360.7890563628986,plant,unnamed,rajasthan,likely_natural,False,False,unclassified,1539761409,360.7890563628986,3.98,1.99,1.0,False,0,1,unclassified,0.975,True
33.29738,71.18745,307.08,0.37,0.58,2026-09-17,2159,N,VIIRS,n,2.0NRT,288.11,0.6,N,368.0807659333852,plant,unnamed,rajasthan,likely_natural,False,False,unclassified,1539761409,368.0807659333852,3.98,1.99,1.0,False,0,1,unclassified,0.8639855072463769,True
25.38621,68.58492,309.61,0.39,0.6,2026-09-17,2201,N,VIIRS,n,2.0NRT,293.22,0.94,N,44.07899350182778,plant,unnamed,rajasthan,likely_natural,False,False,unclassified,1536856642,44.07899350182778,,,,False,0,1,unclassified,0.846875,True
25.38622,68.58324,317.29,0.39,0.6,2026-09-17,2201,N,VIIRS,n,2.0NRT,293.82,1.16,N,44.24102592675853,plant,unnamed,rajasthan,likely_natural,False,False,unclassified,1536856642,44.24102592675853,,,,False,0,1,unclassified,0.915,True
28.04034,69.67474,326.39,0.4,0.6,2026-09-17,2201,N,VIIRS,n,2.0NRT,292.83,2.46,N,0.348045540883352,industrial,unnamed,rajasthan,likely_industrial,False,False,industrial_fire,1039179604,0.348045540883352,,,,False,0,1,industrial_fire,1.0,True
7.0873,81.81886,330.34,0.35,0.57,2026-09-18,729,N,VIIRS,n,2.0NRT,290.86,3.49,D,195.26381259143065,plant,unnamed,tamil_nadu,likely_natural,False,False,unclassified,1455459255,195.26381259143065,4.26,2.13,1.0,False,1,1,unclassified,0.9071914682539682,True
7.61579,80.95069,349.72,0.4,0.6,2026-09-18,729,N,VIIRS,n,2.0NRT,292.59,10.59,D,85.14391534186747,works,unnamed,tamil_nadu,likely_natural,False,False,unclassified,891580861,85.14391534186747,,,,False,1,1,unclassified,0.99,True
7.61643,80.95426,367.0,0.4,0.6,2026-09-18,729,N,VIIRS,h,2.0NRT,293.36,10.59,D,85.44705186297584,works,unnamed,tamil_nadu,likely_natural,False,False,unclassified,891580861,85.44705186297584,,,,False,1,2,unclassified,0.825,True
7.62549,81.00471,333.4,0.39,0.59,2026-09-18,729,N,VIIRS,n,2.0NRT,290.54,2.82,D,88.54944794096346,plant,unnamed,tamil_nadu,likely_natural,False,False,unclassified,1455459255,88.54944794096346,4.26,2.13,1.0,False,1,1,unclassified,0.9427234907120744,True
7.98136,80.23378,328.94,0.44,0.62,2026-09-18,729,N,VIIRS,n,2.0NRT,282.58,2.97,D,6.159130525528114,works,unnamed,tamil_nadu,likely_natural,False,False,unclassified,891580861,6.159130525528114,,,,False,1,1,unclassified,0.8272057938493366,True
9.12895,80.43666,344.33,0.4,0.6,2026-09-18,729,N,VIIRS,n,2.0NRT,286.15,8.27,D,21.1028781284976,plant,unnamed,tamil_nadu,likely_natural,False,True,agricultural_burn,1499254412,21.1028781284976,,,,False,1,1,unclassified,0.8370127469855855,False
9.35563,78.81754,338.63,0.51,0.66,2026-09-18,731,N,VIIRS,n,2.0NRT,290.3,6.4,D,3.461845019918248,industrial,unnamed,tamil_nadu,likely_natural,False,False,unclassified,109648829,3.461845019918248,,,,False,1,1,unclassified,0.5743040782883536,True
9.58416,78.56781,331.83,0.53,0.67,2026-09-18,731,N,VIIRS,n,2.0NRT,290.8,3.52,D,10.51102982817854,industrial,unnamed,tamil_nadu,likely_natural,False,False,unclassified,725193694,10.51102982817854,,,,False,1,1,wildfire,0.46733557537837533,False
11.26936,80.0015,330.06,0.4,0.6,2026-09-18,731,N,VIIRS,n,2.0NRT,289.22,2.77,D,27.147913836353418,industrial,unnamed,tamil_nadu,likely_natural,False,False,unclassified,379492069,27.147913836353418,,,,False,1,1,unclassified,0.9412533223889931,True
12.45774,76.88866,329.6,0.6,0.71,2026-09-18,731,N,VIIRS,n,2.0NRT,287.02,3.87,D,6.947472323829051,industrial,unnamed,tamil_nadu,likely_natural,False,False,unclassified,1269161350,6.947472323829051,,,,False,1,1,unclassified,0.6334278734009252,True
12.76095,76.89168,328.91,0.6,0.7,2026-09-18,731,N,VIIRS,n,2.0NRT,285.42,3.45,D,11.496721683745251,industrial,NSL Sugar,andhra_telangana,likely_natural,False,False,unclassified,283880591,11.496721683745251,,,,False,1,1,unclassified,0.47977410938695286,True
15.77255,79.61308,342.12,0.35,0.56,2026-09-18,731,N,VIIRS,n,2.0NRT,295.87,2.57,D,18.920640510944462,industrial,"APSRTC Bus Depot , Podili",maharashtra,likely_natural,False,False,unclassified,1416314651,18.920640510944462,6.08,3.04,1.0,False,1,1,unclassified,0.5964038353149919,True
15.82326,79.27283,330.08,0.36,0.58,2026-09-18,731,N,VIIRS,n,2.0NRT,291.55,1.73,D,8.547131056435623,industrial,"APSRTC Bus Depot , Markapuram",maharashtra,likely_natural,False,False,unclassified,1416314652,8.547131056435623,,,,False,1,1,unclassified,0.7381539384627908,True
16.72037,80.79633,331.11,0.56,0.51,2026-09-18,731,N,VIIRS,n,2.0NRT,293.46,4.92,D,8.717794287260217,industrial,"APSRTC Bus Depot , Nuzividu",andhra_telangana,likely_natural,True,False,wildfire,1416493464,8.717794287260217,,,,False,1,1,agricultural_burn,0.4963217872061127,False
20.76025,85.29648,330.8,0.42,0.38,2026-09-18,733,N,VIIRS,n,2.0NRT,297.04,3.63,D,5.301029106726597,industrial,unnamed,jharkhand_odisha,likely_natural,False,False,unclassified,177572840,5.301029106726597,,,,False,1,1,unclassified,0.6806747648335599,True
20.79413,85.2533,342.2,0.42,0.38,2026-09-18,733,N,VIIRS,n,2.0NRT,300.4,13.43,D,1.3761364586650555,industrial,Tata Steel Meramandali,jharkhand_odisha,likely_industrial,False,False,industrial_fire,177572836,1.3761364586650555,2.998695652173913,2.212767301465471,23.0,True,1,1,industrial_fire,0.9428571428571427,True
20.87001,84.99484,334.77,0.43,0.38,2026-09-18,733,N,VIIRS,n,2.0NRT,295.35,4.79,D,0.9891250835008836,industrial,Angul Steel Plant,jharkhand_odisha,likely_industrial,False,False,industrial_fire,660307106,0.9891250835008836,2.5683333333333334,1.067227382385912,36.0,True,1,1,industrial_fire,0.9607757374204744,True
20.88594,84.98339,337.65,0.43,0.38,2026-09-18,733,N,VIIRS,n,2.0NRT,300.51,7.29,D,1.1586783174065056,industrial,Angul Steel Power Plant,jharkhand_odisha,likely_industrial,False,False,industrial_fire,1012595669,1.1586783174065056,1.45,0.3111269837220808,2.0,True,1,1,industrial_fire,0.9598716415163786,True
20.88941,84.98272,330.16,0.43,0.38,2026-09-18,733,N,VIIRS,l,2.0NRT,300.44,6.67,D,0.8720464992353227,industrial,unnamed,jharkhand_odisha,likely_industrial,False,False,industrial_fire,660307102,0.8720464992353227,1.565,0.0699999999999999,4.0,True,1,0,industrial_fire,0.955,True
20.96252,85.18555,330.84,0.42,0.38,2026-09-18,733,N,VIIRS,n,2.0NRT,298.34,5.6,D,2.636626622446373,industrial,unnamed,jharkhand_odisha,likely_natural,False,False,unclassified,928075487,2.636626622446373,,,,False,1,1,unclassified,0.7545139238093674,True
20.96318,85.18954,347.15,0.42,0.38,2026-09-18,733,N,VIIRS,n,2.0NRT,300.37,8.26,D,2.239403097105908,industrial,unnamed,jharkhand_odisha,likely_natural,False,False,unclassified,928075487,2.239403097105908,,,,False,1,1,agricultural_burn,0.43582834967728457,False
20.96807,85.17624,343.6,0.42,0.38,2026-09-18,733,N,VIIRS,n,2.0NRT,299.14,8.51,D,3.708359624091317,industrial,unnamed,jharkhand_odisha,likely_natural,False,False,unclassified,928075487,3.708359624091317,,,,False,1,1,unclassified,0.5612972488458775,True
20.9715,85.17557,337.16,0.42,0.38,2026-09-18,733,N,VIIRS,n,2.0NRT,298.09,4.62,D,3.890785043275223,industrial,unnamed,jharkhand_odisha,likely_natural,False,False,unclassified,928075487,3.890785043275223,,,,False,1,1,unclassified,0.7695214192930284,True
21.07709,85.03987,337.55,0.42,0.38,2026-09-18,733,N,VIIRS,l,2.0NRT,299.78,9.75,D,3.190701167859149,industrial,unnamed,jharkhand_odisha,likely_natural,False,False,unclassified,1007115341,3.190701167859149,,,,False,1,0,unclassified,0.6527967668647802,True
21.08054,85.03921,337.66,0.42,0.38,2026-09-18,733,N,VIIRS,l,2.0NRT,298.64,8.08,D,3.087870694944189,industrial,unnamed,jharkhand_odisha,likely_natural,False,False,unclassified,1007115341,3.087870694944189,,,,False,1,0,unclassified,0.6630141581691279,True
21.68003,84.04025,334.65,0.46,0.39,2026-09-18,733,N,VIIRS,n,2.0NRT,297.36,8.25,D,0.5001755450022829,industrial,Shyam Metallic & Energy,jharkhand_odisha,likely_industrial,False,False,industrial_fire,949319148,0.5001755450022829,3.03625,2.0614900124493865,8.0,True,1,1,industrial_fire,0.9730811403508772,True
22.20841,84.86203,338.5,0.42,0.38,2026-09-18,733,N,VIIRS,n,2.0NRT,299.33,4.33,D,1.7142434986969552,industrial,unnamed,jharkhand_odisha,likely_industrial,False,False,industrial_fire,899963455,1.7142434986969552,2.056666666666666,0.8294777473406585,3.0,True,1,1,industrial_fire,0.9527728008706271,True
22.61108,85.91333,331.75,0.39,0.36,2026-09-18,733,N,VIIRS,n,2.0NRT,299.31,2.6,D,2.577934570776524,industrial,unnamed,jharkhand_odisha,likely_natural,True,False,wildfire,1125687468,2.577934570776524,1.3483333333333334,0.4322229363033233,6.0,False,1,1,unclassified,0.8584017460062623,False
23.40216,86.44112,330.04,0.39,0.36,2026-09-18,733,N,VIIRS,n,2.0NRT,296.03,1.44,D,4.831057179701416,plant,unnamed,jharkhand_odisha,likely_natural,True,False,wildfire,621118294,4.831057179701416,,,,False,1,1,unclassified,0.8806626126954609,False
23.64898,85.43888,330.97,0.4,0.37,2026-09-18,733,N,VIIRS,n,2.0NRT,295.71,3.69,D,0.5840011950862164,industrial,unnamed,jharkhand_odisha,likely_industrial,False,False,industrial_fire,999274775,0.5840011950862164,1.9040740740740745,1.3904406032711614,27.0,False,1,1,industrial_fire,0.9426388888888888,True
23.66456,87.15617,331.13,0.38,0.36,2026-09-18,733,N,VIIRS,n,2.0NRT,294.46,3.18,D,1.4751970463672246,industrial,Belbaid,jharkhand_odisha,likely_industrial,False,False,industrial_fire,988893570,1.4751970463672246,2.46,1.8149730776866289,12.0,False,1,1,industrial_fire,0.9326388888888889,True
23.69788,86.07732,345.92,0.39,0.36,2026-09-18,733,N,VIIRS,n,2.0NRT,300.39,5.38,D,1.6021684148821376,industrial,unnamed,jharkhand_odisha,likely_industrial,False,False,industrial_fire,134530464,1.6021684148821376,3.5254545454545454,2.669514426394297,11.0,False,1,1,industrial_fire,0.8939468864468865,True
23.71202,86.45006,330.66,0.38,0.36,2026-09-18,733,N,VIIRS,n,2.0NRT,298.77,2.37,D,5.271536661069282,industrial,SAIL Chasnalla ADM Building,jharkhand_odisha,likely_natural,False,False,unclassified,433223158,5.271536661069282,,,,False,1,1,unclassified,0.7573243515651586,True
23.71261,86.45381,330.18,0.38,0.36,2026-09-18,733,N,VIIRS,n,2.0NRT,298.3,2.37,D,5.382432153196635,industrial,SAIL Chasnalla ADM Building,jharkhand_odisha,likely_natural,False,False,unclassified,433223158,5.382432153196635,,,,False,1,1,unclassified,0.8066100658508728,True
23.7367,86.43395,345.13,0.38,0.36,2026-09-18,733,N,VIIRS,n,2.0NRT,299.42,6.9,D,5.07196307610428,industrial,unnamed,jharkhand_odisha,likely_natural,False,False,unclassified,528391297,5.07196307610428,1.9647619047619047,1.193254453365329,21.0,False,1,1,unclassified,0.5220677868223244,True
23.75904,86.40284,334.5,0.38,0.36,2026-09-18,733,N,VIIRS,n,2.0NRT,297.51,3.58,D,1.886588911816504,industrial,unnamed,jharkhand_odisha,likely_industrial,False,False,industrial_fire,528391297,1.8865889118165036,1.9647619047619047,1.193254453365329,21.0,False,1,1,industrial_fire,0.9551942355889725,True
23.76293,86.40599,330.47,0.38,0.36,2026-09-18,733,N,VIIRS,n,2.0NRT,297.3,3.58,D,1.5283374481501677,industrial,unnamed,jharkhand_odisha,likely_industrial,False,False,industrial_fire,1010056601,1.5283374481501677,2.478271604938272,1.6741660536842344,81.0,False,1,1,industrial_fire,0.9601388888888889,True
23.76623,86.40538,340.83,0.38,0.36,2026-09-18,733,N,VIIRS,n,2.0NRT,298.87,7.33,D,1.1579670891156897,industrial,unnamed,jharkhand_odisha,likely_industrial,False,False,industrial_fire,1010056601,1.1579670891156897,2.478271604938272,1.6741660536842344,81.0,True,1,1,industrial_fire,0.9568366536844798,True
23.77361,86.36539,338.01,0.39,0.36,2026-09-18,733,N,VIIRS,n,2.0NRT,298.41,5.63,D,2.088179199380499,industrial,unnamed,jharkhand_odisha,likely_natural,False,False,unclassified,528391299,2.088179199380499,2.322307692307692,1.39128929322262,13.0,False,1,1,industrial_fire,0.42025223314696997,False
23.77917,86.20934,330.42,0.39,0.36,2026-09-18,733,N,VIIRS,n,2.0NRT,299.3,5.19,D,1.9983680393705987,industrial,unnamed,jharkhand_odisha,likely_industrial,False,False,industrial_fire,825940046,1.9983680393705987,1.7594999999999998,1.7945838837428227,20.0,False,1,1,industrial_fire,0.6508119658119658,True
23.77977,86.21311,334.06,0.39,0.36,2026-09-18,733,N,VIIRS,n,2.0NRT,297.71,4.05,D,2.303840847249784,industrial,unnamed,jharkhand_odisha,likely_natural,False,False,unclassified,825940046,2.303840847249784,1.7594999999999998,1.7945838837428227,20.0,False,1,1,unclassified,0.6155354230051745,True
23.79494,86.35343,334.23,0.39,0.36,2026-09-18,733,N,VIIRS,n,2.0NRT,297.25,3.43,D,3.231109947322885,industrial,unnamed,jharkhand_odisha,likely_natural,False,False,unclassified,1014187137,3.231109947322885,,,,False,1,1,unclassified,0.5532668121259765,True
24.40252,96.57825,326.97,0.37,0.58,2026-09-18,733,N,VIIRS,n,2.0NRT,289.93,2.21,D,920.6463433097566,industrial,unnamed,jharkhand_odisha,likely_natural,False,False,unclassified,1095250856,920.6463433097566,,,,False,1,1,unclassified,0.9517708333333332,True
30.99714,74.72215,337.86,0.34,0.56,2026-09-18,737,N,VIIRS,n,2.0NRT,293.78,2.42,D,114.06601062485596,industrial,unnamed,rajasthan,likely_natural,False,False,unclassified,1510971660,114.06601062485596,,,,False,1,1,unclassified,0.9561677631578948,True
9.61201,78.40251,331.91,0.73,0.76,2026-09-18,911,N,VIIRS,n,2.0NRT,290.84,7.68,D,8.13106974531482,industrial,unnamed,tamil_nadu,likely_natural,False,False,unclassified,725193694,8.13106974531482,,,,False,1,1,unclassified,0.45951564925320576,True
28.03713,69.67434,332.38,0.33,0.55,2026-09-18,915,N,VIIRS,n,2.0NRT,301.77,3.32,D,0.2002408350578942,industrial,unnamed,rajasthan,likely_industrial,False,False,industrial_fire,1039179604,0.2002408350578942,,,,False,1,1,industrial_fire,0.9577380952380953,True
