latitude,longitude,bright_ti4,scan,track,acq_date,acq_time,satellite,instrument,confidence,version,bright_ti5,frp,daynight
10.58596,77.47468,335.91,0.49,0.49,2026-09-14,845,N,VIIRS,n,2.0NRT,294.37,3.36,D
12.1599,77.08751,335.36,0.49,0.48,2026-09-14,845,N,VIIRS,n,2.0NRT,290.93,2.56,D
13.16096,80.28231,302.06,0.48,0.65,2026-09-14,1940,N,VIIRS,n,2.0NRT,281.8,0.77,N
8.76723,77.33446,339.94,0.4,0.37,2026-09-15,828,N,VIIRS,n,2.0NRT,299.7,3.38,D
8.77061,77.33401,337.4,0.4,0.37,2026-09-15,828,N,VIIRS,n,2.0NRT,299.69,4.28,D
10.76942,77.88364,343.64,0.42,0.38,2026-09-15,828,N,VIIRS,n,2.0NRT,302.55,4.83,D
10.86702,77.79005,330.84,0.42,0.38,2026-09-15,828,N,VIIRS,n,2.0NRT,297.6,1.71,D
10.93953,79.12907,350.85,0.48,0.4,2026-09-15,828,N,VIIRS,n,2.0NRT,307.21,11.24,D
10.98571,79.75504,330.2,0.52,0.42,2026-09-15,828,N,VIIRS,n,2.0NRT,297.38,2.91,D
11.01777,79.29658,344.42,0.49,0.41,2026-09-15,828,N,VIIRS,n,2.0NRT,301.52,5.75,D
11.06012,77.9247,338.85,0.43,0.38,2026-09-15,828,N,VIIRS,n,2.0NRT,300.68,4.25,D
11.15617,79.10941,337.23,0.48,0.4,2026-09-15,828,N,VIIRS,n,2.0NRT,302.67,4.55,D
11.80872,77.92429,334.97,0.43,0.38,2026-09-15,828,N,VIIRS,n,2.0NRT,299.05,3.04,D
11.80991,78.93258,331.71,0.48,0.4,2026-09-15,828,N,VIIRS,l,2.0NRT,302.67,4.1,D
12.00551,76.72073,331.95,0.4,0.37,2026-09-15,828,N,VIIRS,n,2.0NRT,299.95,2.34,D
12.37383,79.42127,331.95,0.52,0.41,2026-09-15,828,N,VIIRS,n,2.0NRT,300.39,2.2,D
12.48369,76.69528,332.16,0.4,0.37,2026-09-15,828,N,VIIRS,n,2.0NRT,301.42,2.03,D
12.56242,76.85345,339.8,0.41,0.37,2026-09-15,828,N,VIIRS,n,2.0NRT,296.54,2.85,D
12.62344,77.00887,331.74,0.41,0.37,2026-09-15,828,N,VIIRS,n,2.0NRT,301.31,1.64,D
13.23795,76.23752,334.09,0.39,0.37,2026-09-15,828,N,VIIRS,l,2.0NRT,307.25,2.64,D
10.86468,78.57971,346.45,0.41,0.37,2026-09-16,809,N,VIIRS,n,2.0NRT,303.06,6.54,D
11.06063,77.64198,336.72,0.44,0.38,2026-09-16,809,N,VIIRS,l,2.0NRT,301.93,8.03,D
11.88033,79.37421,332.62,0.39,0.36,2026-09-16,809,N,VIIRS,n,2.0NRT,302.2,4.36,D
12.41312,79.09644,334.22,0.39,0.36,2026-09-16,809,N,VIIRS,n,2.0NRT,303.56,2.54,D
12.68162,79.69539,331.85,0.38,0.36,2026-09-16,809,N,VIIRS,l,2.0NRT,302.08,2.56,D
12.80444,79.90247,335.05,0.38,0.36,2026-09-16,809,N,VIIRS,n,2.0NRT,301.49,3.44,D
12.80921,79.95585,332.37,0.38,0.36,2026-09-16,809,N,VIIRS,l,2.0NRT,302.72,1.92,D
12.83462,79.9446,330.86,0.38,0.36,2026-09-16,809,N,VIIRS,l,2.0NRT,304.3,3.9,D
12.83739,79.94054,335.33,0.38,0.36,2026-09-16,809,N,VIIRS,l,2.0NRT,307.01,1.79,D
12.8407,79.94003,330.26,0.38,0.36,2026-09-16,809,N,VIIRS,l,2.0NRT,301.79,1.79,D
12.85502,79.94497,331.64,0.38,0.36,2026-09-16,809,N,VIIRS,l,2.0NRT,302.95,2.95,D
12.85833,79.94445,333.53,0.38,0.36,2026-09-16,809,N,VIIRS,n,2.0NRT,303.38,3.78,D
12.87986,79.90807,336.19,0.38,0.36,2026-09-16,809,N,VIIRS,n,2.0NRT,305.99,6.6,D
12.90249,79.90087,333.48,0.38,0.36,2026-09-16,809,N,VIIRS,l,2.0NRT,306.91,4.88,D
12.98208,80.0002,331.36,0.38,0.36,2026-09-16,809,N,VIIRS,l,2.0NRT,304.69,2.3,D
13.43832,79.71164,331.64,0.38,0.36,2026-09-16,809,N,VIIRS,l,2.0NRT,303.57,4.06,D
13.48112,78.97852,336.22,0.39,0.36,2026-09-16,809,N,VIIRS,n,2.0NRT,297.64,1.94,D
13.57117,79.69406,331.49,0.38,0.36,2026-09-16,809,N,VIIRS,l,2.0NRT,302.88,2.41,D
13.39193,80.0769,309.79,0.54,0.42,2026-09-16,2044,N,VIIRS,n,2.0NRT,293.19,0.85,N
13.3958,80.07763,309.59,0.54,0.42,2026-09-16,2044,N,VIIRS,n,2.0NRT,293.28,0.99,N
8.56332,77.68252,335.26,0.6,0.53,2026-09-17,750,N,VIIRS,n,2.0NRT,296.11,5.63,D
8.5661,77.67891,346.14,0.6,0.53,2026-09-17,750,N,VIIRS,n,2.0NRT,296.67,10.23,D
9.78933,80.15058,337.65,0.4,0.44,2026-09-17,750,N,VIIRS,n,2.0NRT,293.66,4.45,D
10.94808,77.369,332.82,0.58,0.52,2026-09-17,750,N,VIIRS,n,2.0NRT,292.75,2.59,D
11.70747,79.19976,330.48,0.43,0.46,2026-09-17,750,N,VIIRS,n,2.0NRT,298.27,1.48,D
11.84093,79.02319,332.41,0.43,0.46,2026-09-17,750,N,VIIRS,n,2.0NRT,297.32,2.79,D
11.84172,79.02304,330.67,0.44,0.46,2026-09-17,750,N,VIIRS,n,2.0NRT,297.19,2.11,D
11.26819,80.00468,315.44,0.38,0.36,2026-09-17,2023,N,VIIRS,n,2.0NRT,288.2,2.8,N
11.81608,77.91647,303.15,0.42,0.37,2026-09-17,2023,N,VIIRS,n,2.0NRT,284.71,0.94,N
12.62707,79.91238,315.74,0.38,0.36,2026-09-17,2023,N,VIIRS,n,2.0NRT,289.16,1.63,N
13.38076,80.11128,305.05,0.38,0.36,2026-09-17,2023,N,VIIRS,n,2.0NRT,287.42,1.24,N
13.39237,80.10231,308.79,0.38,0.36,2026-09-17,2023,N,VIIRS,n,2.0NRT,286.24,1.22,N
13.44764,80.09685,305.49,0.38,0.36,2026-09-17,2023,N,VIIRS,n,2.0NRT,287.99,1.47,N
8.76085,78.01939,307.37,0.4,0.37,2026-09-17,2025,N,VIIRS,n,2.0NRT,293.37,1.38,N
9.35563,78.81754,338.63,0.51,0.66,2026-09-18,731,N,VIIRS,n,2.0NRT,290.3,6.4,D
9.58416,78.56781,331.83,0.53,0.67,2026-09-18,731,N,VIIRS,n,2.0NRT,290.8,3.52,D
11.26936,80.0015,330.06,0.4,0.6,2026-09-18,731,N,VIIRS,n,2.0NRT,289.22,2.77,D
12.45774,76.88866,329.6,0.6,0.71,2026-09-18,731,N,VIIRS,n,2.0NRT,287.02,3.87,D
12.76095,76.89168,328.91,0.6,0.7,2026-09-18,731,N,VIIRS,n,2.0NRT,285.42,3.45,D
9.61201,78.40251,331.91,0.73,0.76,2026-09-18,911,N,VIIRS,n,2.0NRT,290.84,7.68,D
11.26616,80.00412,304.52,0.55,0.43,2026-09-18,2006,N,VIIRS,n,2.0NRT,287.38,2.63,N
11.26987,80.00117,307.56,0.55,0.43,2026-09-18,2006,N,VIIRS,n,2.0NRT,288.24,2.52,N
11.80968,77.92376,296.23,0.5,0.49,2026-09-18,2006,N,VIIRS,n,2.0NRT,265.49,0.48,N
12.84287,79.89474,298.56,0.39,0.44,2026-09-18,2006,N,VIIRS,n,2.0NRT,274.13,0.31,N
13.39268,80.10199,309.94,0.38,0.43,2026-09-18,2006,N,VIIRS,n,2.0NRT,286.66,1.34,N
8.07086,80.09274,330.58,0.53,0.5,2026-09-09,839,N,VIIRS,n,2.0NRT,296.44,2.55,D
8.12681,80.0978,342.88,0.53,0.5,2026-09-09,839,N,VIIRS,n,2.0NRT,299.8,7.15,D
8.26615,80.16025,344.39,0.54,0.51,2026-09-09,839,N,VIIRS,n,2.0NRT,300.63,11.17,D
8.27084,80.15961,348.91,0.54,0.51,2026-09-09,839,N,VIIRS,n,2.0NRT,301.13,11.17,D
8.37234,77.62077,339.77,0.56,0.43,2026-09-09,839,N,VIIRS,n,2.0NRT,306.54,10.28,D
8.37381,77.62325,339.68,0.56,0.43,2026-09-09,839,N,VIIRS,n,2.0NRT,307.26,6.09,D
8.46842,80.24854,330.37,0.55,0.51,2026-09-09,839,N,VIIRS,n,2.0NRT,299.64,2.25,D
8.53304,78.12076,336.58,0.4,0.44,2026-09-09,839,N,VIIRS,l,2.0NRT,308.22,2.69,D
8.60634,77.96951,345.48,0.39,0.44,2026-09-09,839,N,VIIRS,n,2.0NRT,306.15,4.79,D
8.7018,80.28503,339.68,0.56,0.51,2026-09-09,839,N,VIIRS,n,2.0NRT,298.82,6.94,D
8.88306,77.78769,334.5,0.39,0.44,2026-09-09,839,N,VIIRS,n,2.0NRT,303.98,2.52,D
9.63687,78.10203,339.96,0.41,0.45,2026-09-09,839,N,VIIRS,n,2.0NRT,308.2,5.41,D
9.80809,77.51385,340.35,0.57,0.43,2026-09-09,839,N,VIIRS,n,2.0NRT,296.04,7.83,D
9.83046,77.55689,341.33,0.38,0.44,2026-09-09,839,N,VIIRS,n,2.0NRT,295.21,2.25,D
9.83092,77.56013,331.53,0.38,0.44,2026-09-09,839,N,VIIRS,n,2.0NRT,295.36,3.1,D
10.09023,77.69757,343.84,0.4,0.44,2026-09-09,839,N,VIIRS,n,2.0NRT,303.29,1.42,D
10.25719,77.25083,347.9,0.56,0.43,2026-09-09,839,N,VIIRS,n,2.0NRT,291.29,94.07,D
10.25788,77.24821,335.44,0.56,0.43,2026-09-09,839,N,VIIRS,n,2.0NRT,295.72,50.16,D
10.26118,77.24303,330.49,0.56,0.43,2026-09-09,839,N,VIIRS,n,2.0NRT,290.27,26.52,D
10.31302,78.61387,342.94,0.45,0.47,2026-09-09,839,N,VIIRS,n,2.0NRT,300.44,4.49,D
10.34718,79.41057,336.58,0.51,0.5,2026-09-09,839,N,VIIRS,n,2.0NRT,292.56,3.7,D
10.34748,79.41254,338.36,0.51,0.5,2026-09-09,839,N,VIIRS,n,2.0NRT,292.31,3.18,D
10.43343,77.19473,335.63,0.56,0.43,2026-09-09,839,N,VIIRS,n,2.0NRT,303.53,9.4,D
10.44232,77.11541,335.28,0.55,0.43,2026-09-09,839,N,VIIRS,n,2.0NRT,299.13,2.39,D
10.53283,78.61864,330.74,0.46,0.47,2026-09-09,839,N,VIIRS,n,2.0NRT,300.14,1.94,D
10.67141,78.88138,335.09,0.48,0.48,2026-09-09,839,N,VIIRS,n,2.0NRT,301.43,4.19,D
10.68338,79.27805,334.52,0.51,0.49,2026-09-09,839,N,VIIRS,n,2.0NRT,294.9,3.25,D
10.90465,78.49009,345.24,0.45,0.47,2026-09-09,839,N,VIIRS,n,2.0NRT,300.98,4.58,D
10.91727,78.97856,335.44,0.49,0.49,2026-09-09,839,N,VIIRS,n,2.0NRT,299.35,2.94,D
10.91968,78.97959,334.43,0.49,0.49,2026-09-09,839,N,VIIRS,n,2.0NRT,299.05,1.76,D
11.02803,77.51046,336.75,0.4,0.44,2026-09-09,839,N,VIIRS,n,2.0NRT,304.82,4.23,D
12.06407,79.16139,333.03,0.52,0.5,2026-09-09,839,N,VIIRS,n,2.0NRT,299.16,2.28,D
12.56395,79.11487,341.51,0.53,0.5,2026-09-09,839,N,VIIRS,n,2.0NRT,296.93,15.8,D
10.78634,76.78297,310.68,0.4,0.6,2026-09-09,2116,N,VIIRS,n,2.0NRT,289.04,0.81,N
10.78694,76.78407,304.4,0.4,0.6,2026-09-09,2116,N,VIIRS,n,2.0NRT,289.1,0.73,N
8.00195,80.11581,330.79,0.43,0.38,2026-09-10,820,N,VIIRS,n,2.0NRT,300.41,2.24,D
8.01429,80.03149,336.34,0.42,0.38,2026-09-10,820,N,VIIRS,n,2.0NRT,299.62,5.56,D
8.03297,80.39876,342.24,0.44,0.38,2026-09-10,820,N,VIIRS,n,2.0NRT,301.68,9.04,D
8.03946,80.09521,331.99,0.43,0.38,2026-09-10,820,N,VIIRS,n,2.0NRT,301.54,1.98,D
8.0436,80.3488,336.18,0.44,0.38,2026-09-10,820,N,VIIRS,n,2.0NRT,302.38,6.07,D
8.05744,80.09648,336.33,0.43,0.38,2026-09-10,820,N,VIIRS,n,2.0NRT,302.76,3.86,D
8.06092,80.09595,348.11,0.43,0.38,2026-09-10,820,N,VIIRS,n,2.0NRT,303.56,6.79,D
8.09644,79.8333,340.53,0.42,0.37,2026-09-10,820,N,VIIRS,n,2.0NRT,298.62,5.35,D
8.12294,80.154,339.48,0.43,0.38,2026-09-10,820,N,VIIRS,n,2.0NRT,305.42,3.64,D
8.2586,80.31792,335.19,0.44,0.38,2026-09-10,820,N,VIIRS,n,2.0NRT,297.72,2.92,D
8.33105,80.31969,330.45,0.44,0.38,2026-09-10,820,N,VIIRS,n,2.0NRT,296.58,3.07,D
8.33458,80.31918,342.13,0.44,0.38,2026-09-10,820,N,VIIRS,n,2.0NRT,292.74,3.07,D
8.41038,80.19921,339.08,0.43,0.38,2026-09-10,820,N,VIIRS,n,2.0NRT,305.36,4.97,D
8.43785,77.62556,341.99,0.38,0.36,2026-09-10,820,N,VIIRS,n,2.0NRT,309.16,4.26,D
8.50423,80.27431,346.53,0.44,0.38,2026-09-10,820,N,VIIRS,n,2.0NRT,307.3,5.29,D
8.5093,80.33444,341.91,0.44,0.38,2026-09-10,820,N,VIIRS,n,2.0NRT,303.3,6.72,D
8.50944,80.33411,345.66,0.44,0.38,2026-09-10,820,N,VIIRS,n,2.0NRT,303.53,6.54,D
8.51284,80.33392,346.92,0.44,0.38,2026-09-10,820,N,VIIRS,n,2.0NRT,306.11,21.3,D
8.58175,80.3605,335.68,0.44,0.38,2026-09-10,820,N,VIIRS,n,2.0NRT,302.65,4.48,D
8.59828,80.34993,341.5,0.44,0.38,2026-09-10,820,N,VIIRS,n,2.0NRT,304.18,3.94,D
8.61125,80.33987,335.77,0.44,0.38,2026-09-10,820,N,VIIRS,l,2.0NRT,306.63,2.49,D
8.62137,77.9171,337.25,0.38,0.36,2026-09-10,820,N,VIIRS,n,2.0NRT,306.6,4.2,D
8.68441,80.27705,342.09,0.44,0.38,2026-09-10,820,N,VIIRS,n,2.0NRT,306.37,3.39,D
8.685,80.28103,338.17,0.44,0.38,2026-09-10,820,N,VIIRS,n,2.0NRT,305.32,4.18,D
8.70911,80.24902,334.26,0.44,0.38,2026-09-10,820,N,VIIRS,l,2.0NRT,307.35,3.08,D
8.70923,80.24919,334.92,0.44,0.38,2026-09-10,820,N,VIIRS,l,2.0NRT,307.37,3.06,D
8.71204,80.24454,336.81,0.44,0.38,2026-09-10,820,N,VIIRS,n,2.0NRT,305.32,3.08,D
8.71219,80.2447,335.1,0.44,0.38,2026-09-10,820,N,VIIRS,n,2.0NRT,304.97,3.06,D
8.77444,77.74644,341.85,0.38,0.36,2026-09-10,820,N,VIIRS,l,2.0NRT,311.95,6.31,D
8.83971,80.33202,332.94,0.44,0.39,2026-09-10,820,N,VIIRS,l,2.0NRT,303.36,5.77,D
9.02902,80.24326,337.82,0.44,0.38,2026-09-10,820,N,VIIRS,n,2.0NRT,303.01,3.25,D
9.3272,80.36589,330.69,0.45,0.39,2026-09-10,820,N,VIIRS,n,2.0NRT,296.03,1.52,D
9.00893,77.79801,345.28,0.38,0.36,2026-09-10,822,N,VIIRS,n,2.0NRT,310.28,14.15,D
9.24757,77.89983,341.57,0.39,0.36,2026-09-10,822,N,VIIRS,n,2.0NRT,309.81,9.52,D
9.41302,80.28743,338.83,0.45,0.39,2026-09-10,822,N,VIIRS,n,2.0NRT,286.25,3.99,D
9.81509,78.59298,339.48,0.4,0.37,2026-09-10,822,N,VIIRS,n,2.0NRT,295.91,4.08,D
13.56128,76.31514,331.81,0.38,0.36,2026-09-10,822,N,VIIRS,n,2.0NRT,298.1,3.46,D
8.13688,79.99423,334.1,0.43,0.38,2026-09-11,801,N,VIIRS,l,2.0NRT,300.19,4.03,D
8.1375,79.99817,333.52,0.43,0.38,2026-09-11,801,N,VIIRS,l,2.0NRT,300.43,4.32,D
8.15112,80.08427,339.28,0.43,0.38,2026-09-11,801,N,VIIRS,l,2.0NRT,303.94,11.03,D
8.20834,79.98703,330.92,0.43,0.38,2026-09-11,801,N,VIIRS,l,2.0NRT,303.86,6.63,D
8.23207,80.26948,335.58,0.42,0.38,2026-09-11,801,N,VIIRS,n,2.0NRT,302.72,2.64,D
8.29306,80.13734,335.15,0.43,0.38,2026-09-11,801,N,VIIRS,l,2.0NRT,304.39,6.55,D
8.29397,80.13721,338.34,0.43,0.38,2026-09-11,801,N,VIIRS,l,2.0NRT,304.61,6.68,D
8.29414,80.21237,340.62,0.42,0.38,2026-09-11,801,N,VIIRS,n,2.0NRT,305.1,5.4,D
8.29746,80.13666,337.35,0.43,0.38,2026-09-11,801,N,VIIRS,l,2.0NRT,305.64,7.6,D
8.29808,80.14052,334.76,0.43,0.38,2026-09-11,801,N,VIIRS,l,2.0NRT,302.53,8.29,D
8.30266,77.63816,339.74,0.57,0.43,2026-09-11,801,N,VIIRS,n,2.0NRT,306.69,6.52,D
8.30716,80.17469,336.3,0.43,0.38,2026-09-11,801,N,VIIRS,l,2.0NRT,303.52,5.12,D
8.31788,80.3184,340.09,0.42,0.38,2026-09-11,801,N,VIIRS,n,2.0NRT,305.3,4.56,D
8.31956,80.318,337.92,0.42,0.38,2026-09-11,801,N,VIIRS,n,2.0NRT,304.3,4.19,D
8.34312,80.37651,331.32,0.42,0.38,2026-09-11,801,N,VIIRS,l,2.0NRT,302.2,2.73,D
8.40384,80.33569,335.28,0.42,0.38,2026-09-11,801,N,VIIRS,n,2.0NRT,300.08,2.95,D
8.49105,80.13333,333.92,0.43,0.38,2026-09-11,801,N,VIIRS,l,2.0NRT,302.95,9.01,D
8.49392,80.12891,332.86,0.43,0.38,2026-09-11,801,N,VIIRS,l,2.0NRT,301.85,2.45,D
8.50874,80.17788,332.71,0.42,0.38,2026-09-11,801,N,VIIRS,l,2.0NRT,307.19,7.63,D
8.51221,80.17732,341.24,0.42,0.38,2026-09-11,801,N,VIIRS,l,2.0NRT,304.78,6.13,D
8.58726,80.3494,333.52,0.42,0.37,2026-09-11,801,N,VIIRS,l,2.0NRT,305.25,4.77,D
8.61995,78.07992,330.34,0.53,0.42,2026-09-11,801,N,VIIRS,l,2.0NRT,302.72,4.45,D
8.71449,80.17688,338.27,0.42,0.38,2026-09-11,801,N,VIIRS,l,2.0NRT,302.39,4.68,D
8.72995,77.52225,334.04,0.57,0.43,2026-09-11,801,N,VIIRS,n,2.0NRT,297.74,3.73,D
8.77848,77.56741,338.43,0.57,0.43,2026-09-11,801,N,VIIRS,n,2.0NRT,300.49,2.92,D
8.92184,77.48255,331.84,0.57,0.43,2026-09-11,801,N,VIIRS,n,2.0NRT,297.5,8.51,D
13.18113,79.91359,304.89,0.44,0.39,2026-09-11,2036,N,VIIRS,n,2.0NRT,288.79,0.88,N
13.39206,80.10056,307.08,0.45,0.39,2026-09-11,2036,N,VIIRS,n,2.0NRT,289.17,1.34,N
9.32874,77.42142,321.89,0.4,0.37,2026-09-11,2038,N,VIIRS,n,2.0NRT,287.03,2.04,N
9.3321,77.42197,324.79,0.4,0.37,2026-09-11,2038,N,VIIRS,n,2.0NRT,287.74,2.04,N
11.26878,80.00301,308.2,0.47,0.4,2026-09-11,2038,N,VIIRS,n,2.0NRT,284.12,2.98,N
11.2689,80.00498,306.35,0.47,0.4,2026-09-11,2038,N,VIIRS,n,2.0NRT,283.48,3.58,N
11.57125,77.67776,306.91,0.39,0.36,2026-09-11,2038,N,VIIRS,n,2.0NRT,287.08,2.27,N
8.06541,80.3713,337.07,0.52,0.5,2026-09-12,744,N,VIIRS,n,2.0NRT,298.56,5.89,D
8.11358,80.10298,344.08,0.54,0.51,2026-09-12,744,N,VIIRS,n,2.0NRT,300.1,8.01,D
8.13032,80.07694,338.94,0.54,0.51,2026-09-12,744,N,VIIRS,n,2.0NRT,297.61,3.86,D
8.16267,80.15137,332.25,0.53,0.5,2026-09-12,744,N,VIIRS,n,2.0NRT,298.59,3.69,D
8.18844,80.27067,339.59,0.52,0.5,2026-09-12,744,N,VIIRS,n,2.0NRT,298.15,5.4,D
8.25494,80.3275,336.75,0.52,0.5,2026-09-12,744,N,VIIRS,n,2.0NRT,300.84,5.9,D
8.25686,80.15214,335.07,0.53,0.5,2026-09-12,744,N,VIIRS,n,2.0NRT,300.91,4.03,D
8.25863,80.15495,332.3,0.53,0.5,2026-09-12,744,N,VIIRS,n,2.0NRT,301.39,7.3,D
8.25925,80.29769,335.71,0.52,0.5,2026-09-12,744,N,VIIRS,n,2.0NRT,296.79,2.43,D
8.2885,80.25041,338.02,0.52,0.5,2026-09-12,744,N,VIIRS,n,2.0NRT,297.54,5.12,D
8.2887,80.24864,338.9,0.52,0.5,2026-09-12,744,N,VIIRS,n,2.0NRT,295.58,5.83,D
8.30267,80.27724,334.43,0.52,0.5,2026-09-12,744,N,VIIRS,n,2.0NRT,297.12,4.2,D
8.31892,77.59275,330.58,0.39,0.6,2026-09-12,744,N,VIIRS,n,2.0NRT,298.47,2.22,D
8.47682,80.30786,342.74,0.51,0.5,2026-09-12,744,N,VIIRS,n,2.0NRT,299.2,12.13,D
8.51221,80.37827,348.46,0.51,0.49,2026-09-12,744,N,VIIRS,n,2.0NRT,299.17,9.52,D
8.51254,80.37491,340.42,0.51,0.49,2026-09-12,744,N,VIIRS,n,2.0NRT,300.35,4.91,D
8.51335,80.37949,338.79,0.51,0.49,2026-09-12,744,N,VIIRS,n,2.0NRT,298.09,4.69,D
8.57469,80.38332,336.42,0.51,0.49,2026-09-12,744,N,VIIRS,n,2.0NRT,300.11,7.75,D
8.80845,80.26943,338.62,0.51,0.49,2026-09-12,744,N,VIIRS,n,2.0NRT,294.07,12.49,D
8.80925,80.27412,341.12,0.51,0.49,2026-09-12,744,N,VIIRS,n,2.0NRT,293.98,20.52,D
8.81352,80.27133,331.59,0.51,0.49,2026-09-12,744,N,VIIRS,n,2.0NRT,293.94,3.21,D
8.93057,80.21703,334.07,0.51,0.5,2026-09-12,744,N,VIIRS,n,2.0NRT,298.67,2.8,D
8.93058,80.21378,336.78,0.51,0.5,2026-09-12,744,N,VIIRS,n,2.0NRT,299.1,5.78,D
8.98522,80.06801,338.48,0.52,0.5,2026-09-12,744,N,VIIRS,n,2.0NRT,299.79,5.14,D
9.00462,79.86208,330.12,0.54,0.51,2026-09-12,744,N,VIIRS,n,2.0NRT,297.81,8.01,D
9.00842,79.85635,343.25,0.54,0.51,2026-09-12,744,N,VIIRS,n,2.0NRT,297.1,6.61,D
9.01307,79.85555,351.75,0.54,0.51,2026-09-12,744,N,VIIRS,n,2.0NRT,296.63,20.3,D
9.06973,77.52162,334.25,0.39,0.59,2026-09-12,744,N,VIIRS,n,2.0NRT,300.96,1.1,D
9.192,77.81502,338.44,0.37,0.58,2026-09-12,744,N,VIIRS,n,2.0NRT,297.68,10.03,D
9.40158,80.37805,332.67,0.49,0.49,2026-09-12,744,N,VIIRS,n,2.0NRT,297.28,3.56,D
9.67016,78.19058,334.88,0.34,0.56,2026-09-12,744,N,VIIRS,n,2.0NRT,288.66,1.73,D
11.93996,77.03573,335.16,0.37,0.58,2026-09-12,744,N,VIIRS,n,2.0NRT,295.58,2.4,D
9.12278,80.31826,295.62,0.39,0.36,2026-09-12,2019,N,VIIRS,n,2.0NRT,265.77,0.39,N
8.09099,80.23808,331.4,0.55,0.68,2026-09-13,724,N,VIIRS,n,2.0NRT,287.94,6.35,D
8.194,79.90574,330.85,0.58,0.7,2026-09-13,724,N,VIIRS,n,2.0NRT,286.37,7.86,D
8.19462,79.90289,339.43,0.58,0.7,2026-09-13,724,N,VIIRS,n,2.0NRT,286.71,7.74,D
8.35036,80.23783,356.37,0.55,0.68,2026-09-13,724,N,VIIRS,n,2.0NRT,285.0,10.43,D
8.35129,80.24283,344.22,0.55,0.68,2026-09-13,724,N,VIIRS,n,2.0NRT,287.47,10.43,D
11.51971,77.19726,331.51,0.76,0.77,2026-09-13,726,N,VIIRS,n,2.0NRT,273.59,5.26,D
11.52328,77.19559,338.04,0.76,0.77,2026-09-13,726,N,VIIRS,n,2.0NRT,273.2,4.7,D
13.29275,78.005,330.52,0.62,0.72,2026-09-13,726,N,VIIRS,n,2.0NRT,273.46,2.75,D
8.00954,80.19323,340.44,0.72,0.75,2026-09-13,905,N,VIIRS,n,2.0NRT,286.42,7.61,D
8.01182,80.19453,334.14,0.72,0.75,2026-09-13,905,N,VIIRS,n,2.0NRT,286.37,7.94,D
8.20266,79.99259,330.5,0.7,0.75,2026-09-13,905,N,VIIRS,n,2.0NRT,284.38,4.57,D
8.10966,79.96539,304.34,0.42,0.45,2026-09-13,2000,N,VIIRS,n,2.0NRT,284.42,0.69,N
8.02105,80.30539,335.51,0.43,0.46,2026-09-04,835,N,VIIRS,n,2.0NRT,297.65,3.0,D
8.05665,80.10335,334.82,0.42,0.45,2026-09-04,835,N,VIIRS,n,2.0NRT,297.08,2.21,D
8.14543,80.06309,331.23,0.42,0.45,2026-09-04,835,N,VIIRS,n,2.0NRT,290.64,2.4,D
8.2431,80.11183,330.25,0.42,0.45,2026-09-04,835,N,VIIRS,n,2.0NRT,297.73,1.97,D
8.25512,80.10616,343.26,0.42,0.45,2026-09-04,835,N,VIIRS,n,2.0NRT,297.74,4.31,D
8.27044,80.33495,332.14,0.44,0.46,2026-09-04,835,N,VIIRS,n,2.0NRT,298.82,3.03,D
8.31947,80.29152,342.47,0.43,0.46,2026-09-04,835,N,VIIRS,n,2.0NRT,298.99,8.9,D
8.324,80.23045,345.94,0.43,0.46,2026-09-04,835,N,VIIRS,n,2.0NRT,300.71,7.54,D
8.38549,80.29862,330.45,0.44,0.46,2026-09-04,835,N,VIIRS,n,2.0NRT,299.96,2.31,D
8.43084,80.35042,335.17,0.44,0.46,2026-09-04,835,N,VIIRS,n,2.0NRT,297.18,5.74,D
8.4458,80.23885,339.02,0.43,0.46,2026-09-04,835,N,VIIRS,n,2.0NRT,295.82,2.9,D
8.51423,80.24119,332.7,0.43,0.46,2026-09-04,835,N,VIIRS,n,2.0NRT,298.56,3.23,D
8.55367,80.37032,338.51,0.44,0.46,2026-09-04,835,N,VIIRS,n,2.0NRT,299.65,4.39,D
8.56614,80.39735,330.59,0.44,0.46,2026-09-04,835,N,VIIRS,n,2.0NRT,298.57,6.06,D
8.61746,77.98914,342.96,0.48,0.4,2026-09-04,835,N,VIIRS,n,2.0NRT,299.73,3.29,D
8.62399,80.37293,336.9,0.44,0.46,2026-09-04,835,N,VIIRS,n,2.0NRT,297.95,4.39,D
8.62652,80.37279,330.42,0.44,0.46,2026-09-04,835,N,VIIRS,n,2.0NRT,298.39,2.77,D
8.66597,77.40293,332.62,0.45,0.39,2026-09-04,835,N,VIIRS,l,2.0NRT,304.58,6.07,D
8.66727,80.25673,332.11,0.44,0.46,2026-09-04,835,N,VIIRS,n,2.0NRT,299.3,4.23,D
8.69263,80.37619,337.9,0.44,0.46,2026-09-04,835,N,VIIRS,n,2.0NRT,299.88,4.7,D
8.73204,77.86298,347.6,0.48,0.4,2026-09-04,835,N,VIIRS,n,2.0NRT,304.0,16.91,D
8.78943,80.33366,334.56,0.44,0.46,2026-09-04,835,N,VIIRS,n,2.0NRT,299.39,4.95,D
8.78999,80.3377,330.83,0.44,0.46,2026-09-04,835,N,VIIRS,n,2.0NRT,298.4,4.95,D
8.81464,77.83777,342.22,0.48,0.4,2026-09-04,835,N,VIIRS,n,2.0NRT,304.59,11.75,D
8.84638,77.70205,345.51,0.47,0.4,2026-09-04,835,N,VIIRS,n,2.0NRT,310.41,22.48,D
8.88569,77.40527,339.72,0.45,0.39,2026-09-04,835,N,VIIRS,n,2.0NRT,306.78,5.49,D
8.92773,77.46704,336.21,0.46,0.39,2026-09-04,835,N,VIIRS,n,2.0NRT,305.16,2.97,D
8.93915,77.83005,339.25,0.48,0.4,2026-09-04,835,N,VIIRS,n,2.0NRT,301.79,7.77,D
8.96668,80.38145,336.94,0.45,0.47,2026-09-04,835,N,VIIRS,n,2.0NRT,299.16,3.75,D
9.17593,78.22559,337.95,0.5,0.41,2026-09-04,835,N,VIIRS,n,2.0NRT,304.11,10.26,D
9.1797,78.22505,341.55,0.5,0.41,2026-09-04,835,N,VIIRS,n,2.0NRT,304.13,10.26,D
9.20293,77.64448,345.47,0.47,0.4,2026-09-04,835,N,VIIRS,n,2.0NRT,309.68,19.15,D
9.33688,76.59934,331.72,0.43,0.38,2026-09-04,835,N,VIIRS,n,2.0NRT,299.27,2.02,D
9.62262,78.11741,340.95,0.5,0.41,2026-09-04,835,N,VIIRS,n,2.0NRT,306.67,10.24,D
9.95692,79.105,336.23,0.38,0.44,2026-09-04,835,N,VIIRS,n,2.0NRT,298.7,2.64,D
9.95849,79.1076,342.39,0.39,0.44,2026-09-04,835,N,VIIRS,n,2.0NRT,298.57,2.39,D
10.16672,78.79148,331.56,0.56,0.43,2026-09-04,835,N,VIIRS,n,2.0NRT,300.74,8.56,D
10.16814,78.80172,335.48,0.56,0.43,2026-09-04,835,N,VIIRS,n,2.0NRT,300.33,6.42,D
10.28257,78.88253,334.67,0.57,0.43,2026-09-04,835,N,VIIRS,n,2.0NRT,298.75,2.52,D
10.31339,79.34061,330.68,0.4,0.44,2026-09-04,835,N,VIIRS,n,2.0NRT,296.16,2.09,D
12.0522,78.36801,333.87,0.56,0.43,2026-09-04,835,N,VIIRS,n,2.0NRT,298.13,4.2,D
12.80993,77.7602,332.58,0.52,0.42,2026-09-04,835,N,VIIRS,n,2.0NRT,298.05,3.52,D
13.15911,80.28068,306.72,0.77,0.78,2026-09-04,1928,N,VIIRS,n,2.0NRT,285.02,1.63,N
13.1608,80.27946,307.93,0.77,0.78,2026-09-04,1928,N,VIIRS,n,2.0NRT,285.03,1.92,N
9.94102,77.48679,308.54,0.36,0.57,2026-09-04,2108,N,VIIRS,n,2.0NRT,289.38,0.6,N
9.94628,77.48783,305.53,0.36,0.57,2026-09-04,2108,N,VIIRS,n,2.0NRT,289.26,0.47,N
10.61668,77.42152,304.1,0.35,0.56,2026-09-04,2108,N,VIIRS,n,2.0NRT,289.3,0.28,N
10.61797,77.50148,308.59,0.35,0.57,2026-09-04,2108,N,VIIRS,n,2.0NRT,287.83,0.82,N
11.42084,77.48328,312.92,0.34,0.56,2026-09-04,2108,N,VIIRS,n,2.0NRT,284.16,0.82,N
11.48001,77.62247,300.66,0.35,0.56,2026-09-04,2108,N,VIIRS,n,2.0NRT,266.67,0.59,N
11.48045,77.62241,298.62,0.35,0.56,2026-09-04,2108,N,VIIRS,n,2.0NRT,264.84,0.77,N
11.56157,77.70795,302.5,0.35,0.57,2026-09-04,2108,N,VIIRS,n,2.0NRT,285.11,0.52,N
12.74499,77.61853,301.04,0.33,0.55,2026-09-04,2108,N,VIIRS,n,2.0NRT,286.93,0.33,N
8.05222,80.25206,340.8,0.39,0.36,2026-09-05,813,N,VIIRS,n,2.0NRT,303.25,5.49,D
8.05383,80.10401,344.98,0.39,0.36,2026-09-05,813,N,VIIRS,n,2.0NRT,302.11,7.27,D
8.05503,80.24802,338.37,0.39,0.36,2026-09-05,813,N,VIIRS,n,2.0NRT,303.99,3.89,D
8.05978,79.87353,343.64,0.39,0.36,2026-09-05,813,N,VIIRS,n,2.0NRT,300.6,4.55,D
8.09138,79.92904,344.56,0.39,0.36,2026-09-05,813,N,VIIRS,n,2.0NRT,301.53,14.3,D
8.11574,80.15222,338.84,0.39,0.36,2026-09-05,813,N,VIIRS,n,2.0NRT,301.11,4.77,D
8.2587,80.32465,348.78,0.39,0.36,2026-09-05,813,N,VIIRS,n,2.0NRT,304.4,5.93,D
8.35222,80.17999,330.97,0.39,0.36,2026-09-05,813,N,VIIRS,n,2.0NRT,300.46,1.91,D
8.3665,80.20679,336.98,0.39,0.36,2026-09-05,813,N,VIIRS,n,2.0NRT,303.26,6.99,D
8.36862,80.22093,342.21,0.39,0.36,2026-09-05,813,N,VIIRS,n,2.0NRT,302.87,3.3,D
8.37896,80.17594,350.32,0.39,0.36,2026-09-05,813,N,VIIRS,n,2.0NRT,306.7,22.11,D
8.39266,80.28991,336.13,0.39,0.36,2026-09-05,813,N,VIIRS,n,2.0NRT,302.91,7.05,D
8.42385,80.38354,336.19,0.39,0.36,2026-09-05,813,N,VIIRS,n,2.0NRT,298.5,2.61,D
8.44974,80.17898,334.5,0.39,0.36,2026-09-05,813,N,VIIRS,n,2.0NRT,303.2,4.47,D
8.49961,80.21492,333.2,0.39,0.36,2026-09-05,813,N,VIIRS,l,2.0NRT,303.29,3.06,D
8.52262,80.27681,343.17,0.39,0.36,2026-09-05,813,N,VIIRS,n,2.0NRT,303.9,4.82,D
8.58073,80.36644,349.09,0.39,0.36,2026-09-05,813,N,VIIRS,n,2.0NRT,303.15,3.71,D
8.58355,80.36236,345.95,0.39,0.36,2026-09-05,813,N,VIIRS,n,2.0NRT,304.31,3.71,D
8.58409,80.36593,337.15,0.39,0.36,2026-09-05,813,N,VIIRS,n,2.0NRT,302.31,3.71,D
8.64641,80.33406,337.54,0.39,0.36,2026-09-05,813,N,VIIRS,n,2.0NRT,304.27,3.67,D
8.68765,80.35707,352.26,0.39,0.36,2026-09-05,813,N,VIIRS,n,2.0NRT,306.49,14.63,D
8.69047,80.353,335.52,0.39,0.36,2026-09-05,813,N,VIIRS,n,2.0NRT,303.33,14.63,D
8.69101,80.35657,347.26,0.39,0.36,2026-09-05,813,N,VIIRS,n,2.0NRT,302.46,14.63,D
8.69899,80.28534,330.9,0.39,0.36,2026-09-05,813,N,VIIRS,l,2.0NRT,301.1,2.41,D
8.76241,78.10452,333.26,0.39,0.36,2026-09-05,813,N,VIIRS,l,2.0NRT,302.74,2.68,D
8.76995,80.10387,337.67,0.39,0.36,2026-09-05,813,N,VIIRS,n,2.0NRT,303.09,4.48,D
8.7973,80.39112,336.46,0.4,0.37,2026-09-05,813,N,VIIRS,n,2.0NRT,301.83,5.15,D
8.79784,80.39472,338.65,0.4,0.37,2026-09-05,813,N,VIIRS,n,2.0NRT,303.53,6.19,D
8.85206,80.33175,342.91,0.39,0.37,2026-09-05,813,N,VIIRS,n,2.0NRT,301.04,13.35,D
8.94314,80.37978,346.45,0.4,0.37,2026-09-05,813,N,VIIRS,n,2.0NRT,302.05,5.81,D
9.21617,80.32276,331.28,0.4,0.37,2026-09-05,813,N,VIIRS,n,2.0NRT,300.66,2.46,D
9.30931,78.79927,340.57,0.38,0.36,2026-09-05,813,N,VIIRS,n,2.0NRT,302.17,4.62,D
9.33446,77.69536,346.22,0.4,0.37,2026-09-05,813,N,VIIRS,n,2.0NRT,307.87,7.2,D
9.39375,78.88885,340.06,0.38,0.36,2026-09-05,813,N,VIIRS,n,2.0NRT,303.67,4.57,D
9.62122,77.4757,330.24,0.4,0.37,2026-09-05,813,N,VIIRS,n,2.0NRT,297.29,5.38,D
9.62942,80.3325,332.14,0.4,0.37,2026-09-05,813,N,VIIRS,n,2.0NRT,299.9,2.0,D
9.76186,79.01588,333.28,0.38,0.36,2026-09-05,813,N,VIIRS,n,2.0NRT,301.89,1.74,D
9.76191,80.18646,341.75,0.4,0.37,2026-09-05,813,N,VIIRS,n,2.0NRT,297.91,4.1,D
9.77927,80.18752,340.77,0.4,0.37,2026-09-05,813,N,VIIRS,n,2.0NRT,299.6,3.52,D
10.54381,79.22341,346.01,0.39,0.36,2026-09-05,813,N,VIIRS,n,2.0NRT,303.01,5.35,D
10.71104,79.432,341.49,0.39,0.36,2026-09-05,816,N,VIIRS,n,2.0NRT,306.21,6.82,D
10.79202,79.03259,340.12,0.38,0.36,2026-09-05,816,N,VIIRS,n,2.0NRT,304.36,10.43,D
10.82872,79.18511,346.57,0.39,0.36,2026-09-05,816,N,VIIRS,n,2.0NRT,300.54,2.98,D
10.83204,79.18459,332.25,0.39,0.36,2026-09-05,816,N,VIIRS,n,2.0NRT,301.85,2.98,D
10.85818,78.95408,341.88,0.38,0.36,2026-09-05,816,N,VIIRS,n,2.0NRT,304.07,4.71,D
10.87647,79.25341,338.54,0.39,0.36,2026-09-05,816,N,VIIRS,n,2.0NRT,304.22,2.99,D
10.92989,77.06577,339.03,0.4,0.37,2026-09-05,816,N,VIIRS,l,2.0NRT,308.06,3.75,D
10.98545,78.22152,341.16,0.39,0.36,2026-09-05,816,N,VIIRS,n,2.0NRT,307.93,4.83,D
11.00525,77.1251,345.45,0.4,0.37,2026-09-05,816,N,VIIRS,l,2.0NRT,309.27,7.94,D
11.48627,78.88146,338.67,0.38,0.36,2026-09-05,816,N,VIIRS,n,2.0NRT,304.46,4.68,D
11.57037,79.64236,335.47,0.39,0.36,2026-09-05,816,N,VIIRS,n,2.0NRT,290.73,1.41,D
11.81176,79.62698,335.58,0.39,0.36,2026-09-05,816,N,VIIRS,n,2.0NRT,301.35,3.95,D
11.85545,78.73141,330.2,0.38,0.36,2026-09-05,816,N,VIIRS,n,2.0NRT,299.24,2.96,D
11.89135,78.72217,333.36,0.38,0.36,2026-09-05,816,N,VIIRS,n,2.0NRT,303.29,1.26,D
11.96047,78.80122,331.4,0.38,0.36,2026-09-05,816,N,VIIRS,n,2.0NRT,301.09,4.31,D
11.96101,78.80475,336.43,0.38,0.36,2026-09-05,816,N,VIIRS,n,2.0NRT,303.7,7.02,D
12.09322,79.02973,338.07,0.39,0.36,2026-09-05,816,N,VIIRS,n,2.0NRT,300.9,3.38,D
12.80918,79.95596,332.32,0.41,0.37,2026-09-05,816,N,VIIRS,l,2.0NRT,304.04,4.06,D
12.83815,79.94009,334.31,0.41,0.37,2026-09-05,816,N,VIIRS,l,2.0NRT,305.24,5.26,D
12.85665,79.94463,332.34,0.41,0.37,2026-09-05,816,N,VIIRS,l,2.0NRT,302.97,4.58,D
12.86005,79.94411,330.17,0.41,0.37,2026-09-05,816,N,VIIRS,l,2.0NRT,302.1,2.67,D
12.87172,80.07278,330.58,0.41,0.37,2026-09-05,816,N,VIIRS,n,2.0NRT,298.93,1.57,D
12.93002,76.32658,335.18,0.41,0.37,2026-09-05,816,N,VIIRS,n,2.0NRT,305.77,4.73,D
13.14227,79.26152,336.42,0.39,0.36,2026-09-05,816,N,VIIRS,n,2.0NRT,301.2,1.48,D
13.29584,80.0663,331.23,0.41,0.37,2026-09-05,816,N,VIIRS,l,2.0NRT,302.64,4.15,D
13.29621,80.06625,330.97,0.41,0.37,2026-09-05,816,N,VIIRS,l,2.0NRT,302.74,2.46,D
11.6361,77.65678,327.2,0.52,0.41,2026-09-05,2049,N,VIIRS,n,2.0NRT,290.59,2.4,N
12.62502,79.78784,308.38,0.44,0.46,2026-09-05,2049,N,VIIRS,n,2.0NRT,289.72,1.63,N
13.16061,80.2888,315.1,0.47,0.48,2026-09-05,2049,N,VIIRS,n,2.0NRT,289.67,1.1,N
13.16123,80.28672,323.74,0.47,0.48,2026-09-05,2049,N,VIIRS,n,2.0NRT,289.72,2.49,N
13.16142,80.28448,309.21,0.47,0.48,2026-09-05,2049,N,VIIRS,n,2.0NRT,289.81,1.99,N
8.03835,80.35418,341.72,0.5,0.41,2026-09-06,756,N,VIIRS,n,2.0NRT,296.93,7.63,D
8.08336,80.1761,336.55,0.51,0.41,2026-09-06,756,N,VIIRS,n,2.0NRT,298.36,8.84,D
8.22726,80.32596,334.35,0.49,0.41,2026-09-06,756,N,VIIRS,n,2.0NRT,296.89,2.74,D
8.23099,80.32535,335.4,0.49,0.41,2026-09-06,756,N,VIIRS,n,2.0NRT,296.16,2.74,D
8.2361,80.16422,336.92,0.5,0.41,2026-09-06,756,N,VIIRS,l,2.0NRT,300.06,5.42,D
8.23612,80.1665,338.29,0.5,0.41,2026-09-06,756,N,VIIRS,l,2.0NRT,299.55,6.0,D
8.25071,80.2575,331.3,0.5,0.41,2026-09-06,756,N,VIIRS,l,2.0NRT,299.64,4.58,D
8.255,80.25446,334.57,0.5,0.41,2026-09-06,756,N,VIIRS,l,2.0NRT,299.29,4.7,D
8.25819,80.25628,337.49,0.5,0.41,2026-09-06,756,N,VIIRS,l,2.0NRT,299.47,8.63,D
8.26466,80.15013,332.6,0.5,0.41,2026-09-06,756,N,VIIRS,l,2.0NRT,295.15,1.55,D
8.26842,80.14952,346.01,0.5,0.41,2026-09-06,756,N,VIIRS,n,2.0NRT,297.91,10.91,D
8.29321,80.18297,340.21,0.5,0.41,2026-09-06,756,N,VIIRS,n,2.0NRT,298.89,9.1,D
8.36934,80.17639,338.25,0.5,0.41,2026-09-06,756,N,VIIRS,l,2.0NRT,294.62,12.84,D
8.42356,80.34282,332.46,0.49,0.4,2026-09-06,756,N,VIIRS,n,2.0NRT,297.82,4.74,D
8.4977,80.24945,349.04,0.49,0.41,2026-09-06,756,N,VIIRS,n,2.0NRT,300.89,15.55,D
8.50974,80.18266,335.74,0.5,0.41,2026-09-06,756,N,VIIRS,l,2.0NRT,294.4,23.97,D
8.64313,78.06151,334.8,0.44,0.46,2026-09-06,756,N,VIIRS,n,2.0NRT,298.2,3.63,D
8.64496,78.06096,334.28,0.44,0.46,2026-09-06,756,N,VIIRS,n,2.0NRT,298.39,3.84,D
8.69569,77.7998,344.6,0.46,0.47,2026-09-06,756,N,VIIRS,n,2.0NRT,299.54,12.9,D
8.75129,77.44485,343.06,0.48,0.48,2026-09-06,756,N,VIIRS,n,2.0NRT,299.3,6.9,D
9.21651,80.32494,334.09,0.48,0.4,2026-09-06,756,N,VIIRS,l,2.0NRT,297.82,8.53,D
9.23311,78.75137,337.36,0.39,0.44,2026-09-06,756,N,VIIRS,n,2.0NRT,297.91,2.59,D
9.37995,80.32283,337.54,0.48,0.4,2026-09-06,756,N,VIIRS,n,2.0NRT,298.09,8.4,D
9.69221,77.82102,340.85,0.44,0.46,2026-09-06,756,N,VIIRS,n,2.0NRT,294.22,4.64,D
9.78295,77.51691,340.9,0.46,0.47,2026-09-06,756,N,VIIRS,n,2.0NRT,289.11,10.03,D
11.19149,79.82079,338.01,0.48,0.4,2026-09-06,756,N,VIIRS,n,2.0NRT,293.68,6.32,D
11.73491,76.77407,338.02,0.48,0.48,2026-09-06,756,N,VIIRS,n,2.0NRT,295.97,6.41,D
13.39207,80.103,304.24,0.4,0.37,2026-09-06,2029,N,VIIRS,n,2.0NRT,285.54,0.59,N
13.39294,80.0768,307.2,0.4,0.37,2026-09-06,2029,N,VIIRS,n,2.0NRT,281.93,0.57,N
10.44463,77.50969,308.74,0.39,0.36,2026-09-06,2032,N,VIIRS,n,2.0NRT,290.41,0.44,N
10.61761,77.42153,304.96,0.39,0.36,2026-09-06,2032,N,VIIRS,n,2.0NRT,292.05,0.67,N
10.90913,77.41766,305.74,0.39,0.36,2026-09-06,2032,N,VIIRS,n,2.0NRT,292.29,0.84,N
11.72184,76.97085,307.81,0.4,0.37,2026-09-06,2032,N,VIIRS,n,2.0NRT,275.69,1.32,N
8.02418,80.36,331.59,0.33,0.55,2026-09-07,735,N,VIIRS,n,2.0NRT,294.65,5.32,D
8.13118,80.02525,340.17,0.35,0.56,2026-09-07,735,N,VIIRS,n,2.0NRT,292.88,5.23,D
8.13301,80.09626,331.97,0.34,0.56,2026-09-07,735,N,VIIRS,n,2.0NRT,291.48,6.31,D
8.19346,80.10268,351.75,0.34,0.56,2026-09-07,735,N,VIIRS,n,2.0NRT,292.84,5.18,D
8.25063,80.33293,349.05,0.33,0.55,2026-09-07,735,N,VIIRS,n,2.0NRT,294.46,3.86,D
8.26096,80.12309,343.55,0.34,0.56,2026-09-07,735,N,VIIRS,n,2.0NRT,290.9,3.68,D
8.33283,80.27589,341.44,0.33,0.55,2026-09-07,735,N,VIIRS,n,2.0NRT,292.58,3.14,D
8.33792,80.27499,331.57,0.33,0.55,2026-09-07,735,N,VIIRS,n,2.0NRT,291.07,3.14,D
8.38897,80.20666,341.05,0.33,0.56,2026-09-07,735,N,VIIRS,n,2.0NRT,294.14,3.5,D
8.3895,80.2097,367.0,0.33,0.56,2026-09-07,735,N,VIIRS,h,2.0NRT,295.34,9.34,D
8.43057,80.38477,331.9,0.32,0.55,2026-09-07,735,N,VIIRS,n,2.0NRT,289.74,1.88,D
8.43337,80.38214,332.28,0.32,0.55,2026-09-07,735,N,VIIRS,n,2.0NRT,292.88,2.14,D
8.45209,80.22456,332.12,0.33,0.55,2026-09-07,735,N,VIIRS,n,2.0NRT,293.52,2.13,D
8.48152,80.33078,330.11,0.33,0.55,2026-09-07,735,N,VIIRS,n,2.0NRT,293.36,3.22,D
8.50991,80.16398,330.11,0.33,0.56,2026-09-07,735,N,VIIRS,n,2.0NRT,291.81,1.9,D
8.51254,80.16476,338.1,0.33,0.56,2026-09-07,735,N,VIIRS,n,2.0NRT,290.38,2.89,D
9.17599,77.52721,333.26,0.49,0.65,2026-09-07,737,N,VIIRS,n,2.0NRT,288.8,2.66,D
9.55967,78.24466,336.71,0.43,0.62,2026-09-07,737,N,VIIRS,n,2.0NRT,293.64,2.76,D
10.1291,79.13102,332.12,0.37,0.58,2026-09-07,737,N,VIIRS,n,2.0NRT,295.76,5.25,D
10.65692,77.37951,330.62,0.47,0.64,2026-09-07,737,N,VIIRS,n,2.0NRT,298.11,4.96,D
10.76486,79.56414,335.07,0.34,0.56,2026-09-07,737,N,VIIRS,n,2.0NRT,295.31,4.29,D
12.62981,79.35361,333.59,0.32,0.55,2026-09-07,737,N,VIIRS,n,2.0NRT,297.1,2.88,D
13.29172,78.11819,330.13,0.38,0.59,2026-09-07,737,N,VIIRS,l,2.0NRT,304.36,2.95,D
13.33688,77.90711,341.01,0.39,0.59,2026-09-07,737,N,VIIRS,n,2.0NRT,304.06,4.79,D
13.39129,78.55532,336.72,0.35,0.57,2026-09-07,737,N,VIIRS,n,2.0NRT,298.92,2.84,D
13.39136,78.55396,346.49,0.35,0.57,2026-09-07,737,N,VIIRS,n,2.0NRT,299.5,1.87,D
10.61566,77.41953,310.47,0.41,0.45,2026-09-07,2012,N,VIIRS,n,2.0NRT,293.93,0.66,N
10.82689,78.8291,313.7,0.51,0.41,2026-09-07,2012,N,VIIRS,n,2.0NRT,294.42,2.11,N
11.26702,80.00352,321.1,0.45,0.39,2026-09-07,2012,N,VIIRS,n,2.0NRT,293.9,1.08,N
11.76615,76.94112,305.83,0.46,0.47,2026-09-07,2012,N,VIIRS,n,2.0NRT,290.12,0.87,N
11.77049,76.9417,304.84,0.46,0.47,2026-09-07,2012,N,VIIRS,n,2.0NRT,290.95,0.87,N
11.81668,77.91529,307.02,0.4,0.44,2026-09-07,2012,N,VIIRS,n,2.0NRT,294.26,1.54,N
12.09401,76.79564,301.72,0.47,0.48,2026-09-07,2012,N,VIIRS,n,2.0NRT,290.69,0.55,N
12.09417,76.79395,302.15,0.47,0.48,2026-09-07,2012,N,VIIRS,n,2.0NRT,290.74,0.63,N
12.09841,76.79625,302.32,0.47,0.48,2026-09-07,2012,N,VIIRS,n,2.0NRT,290.88,0.49,N
12.09858,76.79456,305.69,0.47,0.48,2026-09-07,2012,N,VIIRS,n,2.0NRT,290.83,0.66,N
12.74417,77.6196,306.6,0.42,0.46,2026-09-07,2012,N,VIIRS,n,2.0NRT,290.3,0.82,N
8.29047,80.20461,309.31,0.42,0.37,2026-09-07,2014,N,VIIRS,n,2.0NRT,292.58,1.76,N
10.41876,79.25484,335.8,0.74,0.76,2026-09-08,718,N,VIIRS,n,2.0NRT,295.51,7.07,D
10.42313,79.25229,355.09,0.73,0.76,2026-09-08,718,N,VIIRS,n,2.0NRT,295.22,10.43,D
10.42577,79.25342,344.95,0.74,0.76,2026-09-08,718,N,VIIRS,n,2.0NRT,295.13,7.07,D
11.16977,79.58669,330.7,0.68,0.74,2026-09-08,718,N,VIIRS,n,2.0NRT,293.92,5.67,D
11.44852,79.55484,331.28,0.67,0.74,2026-09-08,720,N,VIIRS,n,2.0NRT,294.18,6.1,D
11.71798,79.20487,330.28,0.7,0.75,2026-09-08,720,N,VIIRS,n,2.0NRT,294.5,6.98,D
11.71861,79.20637,333.78,0.7,0.75,2026-09-08,720,N,VIIRS,n,2.0NRT,294.92,4.97,D
11.91456,78.91544,337.28,0.73,0.76,2026-09-08,720,N,VIIRS,n,2.0NRT,294.41,4.43,D
8.43047,80.35378,336.38,0.59,0.7,2026-09-08,858,N,VIIRS,n,2.0NRT,290.13,6.95,D
8.60429,77.96714,337.01,0.41,0.6,2026-09-08,858,N,VIIRS,n,2.0NRT,299.88,2.57,D
9.09733,77.4617,330.93,0.38,0.59,2026-09-08,858,N,VIIRS,n,2.0NRT,298.6,1.47,D
9.09777,77.45968,335.17,0.38,0.59,2026-09-08,858,N,VIIRS,n,2.0NRT,298.97,1.46,D
9.24284,77.45622,367.0,0.38,0.59,2026-09-08,858,N,VIIRS,h,2.0NRT,300.12,6.7,D
9.34336,77.66833,336.37,0.4,0.6,2026-09-08,858,N,VIIRS,n,2.0NRT,301.54,1.47,D
9.34557,78.82265,340.93,0.48,0.64,2026-09-08,858,N,VIIRS,n,2.0NRT,294.84,7.49,D
9.3474,77.66602,348.28,0.4,0.6,2026-09-08,858,N,VIIRS,n,2.0NRT,300.93,2.13,D
9.34892,77.66765,330.81,0.4,0.6,2026-09-08,858,N,VIIRS,n,2.0NRT,300.21,1.47,D
9.48111,78.22231,334.78,0.44,0.62,2026-09-08,858,N,VIIRS,n,2.0NRT,297.17,3.12,D
9.53493,78.64525,358.03,0.47,0.64,2026-09-08,858,N,VIIRS,n,2.0NRT,293.97,10.55,D
9.84427,77.43711,333.04,0.39,0.59,2026-09-08,858,N,VIIRS,n,2.0NRT,301.65,1.08,D
9.84432,77.43795,330.84,0.39,0.59,2026-09-08,858,N,VIIRS,l,2.0NRT,301.21,2.31,D
10.26803,77.25012,333.67,0.38,0.59,2026-09-08,858,N,VIIRS,n,2.0NRT,300.52,4.37,D
10.26851,77.25398,367.0,0.39,0.59,2026-09-08,858,N,VIIRS,h,2.0NRT,303.46,13.47,D
10.26912,77.25885,367.0,0.39,0.59,2026-09-08,858,N,VIIRS,h,2.0NRT,303.19,13.47,D
10.27382,77.25198,367.0,0.38,0.59,2026-09-08,858,N,VIIRS,h,2.0NRT,306.94,8.66,D
10.27434,77.2561,338.94,0.39,0.59,2026-09-08,858,N,VIIRS,n,2.0NRT,304.77,7.95,D
12.06157,77.02383,330.93,0.39,0.6,2026-09-08,900,N,VIIRS,n,2.0NRT,298.73,2.86,D
12.09969,77.06045,331.42,0.4,0.6,2026-09-08,900,N,VIIRS,l,2.0NRT,302.11,3.63,D
12.6018,76.3521,330.43,0.36,0.57,2026-09-08,900,N,VIIRS,n,2.0NRT,297.42,1.17,D
12.68629,79.22961,330.03,0.56,0.69,2026-09-08,900,N,VIIRS,n,2.0NRT,290.8,5.0,D
11.86825,79.20898,308.07,0.33,0.56,2026-09-08,1951,N,VIIRS,n,2.0NRT,291.62,0.69,N
11.86972,79.20905,308.67,0.33,0.56,2026-09-08,1951,N,VIIRS,n,2.0NRT,291.66,0.73,N
12.69771,76.40362,296.02,0.53,0.67,2026-09-08,1951,N,VIIRS,n,2.0NRT,285.99,2.14,N
8.10951,79.96661,307.71,0.53,0.5,2026-09-08,1953,N,VIIRS,n,2.0NRT,292.32,2.24,N
9.93439,78.31834,308.55,0.36,0.57,2026-09-08,1953,N,VIIRS,n,2.0NRT,292.76,0.7,N
10.26213,77.25868,300.67,0.43,0.62,2026-09-08,1953,N,VIIRS,n,2.0NRT,289.55,0.89,N
10.39128,79.30709,311.77,0.63,0.54,2026-09-08,1953,N,VIIRS,n,2.0NRT,293.29,2.85,N
8.60875,77.83811,330.12,0.41,0.37,2026-08-30,826,N,VIIRS,n,2.0NRT,284.72,2.3,D
8.78732,78.01003,339.42,0.42,0.37,2026-08-30,828,N,VIIRS,n,2.0NRT,301.37,4.32,D
8.80542,78.10815,335.36,0.42,0.38,2026-08-30,828,N,VIIRS,n,2.0NRT,296.09,2.62,D
8.88687,77.78855,336.67,0.41,0.37,2026-08-30,828,N,VIIRS,n,2.0NRT,297.2,3.0,D
8.91,77.59529,335.65,0.4,0.37,2026-08-30,828,N,VIIRS,n,2.0NRT,296.51,1.37,D
8.93239,77.96133,333.2,0.42,0.37,2026-08-30,828,N,VIIRS,n,2.0NRT,296.5,2.9,D
8.93294,77.9651,349.29,0.42,0.37,2026-08-30,828,N,VIIRS,n,2.0NRT,296.81,2.9,D
9.11369,77.77237,334.29,0.41,0.37,2026-08-30,828,N,VIIRS,n,2.0NRT,298.66,1.37,D
9.15121,78.32916,331.35,0.43,0.38,2026-08-30,828,N,VIIRS,n,2.0NRT,293.35,1.56,D
9.32007,77.4914,333.17,0.4,0.37,2026-08-30,828,N,VIIRS,n,2.0NRT,290.35,2.53,D
9.42778,80.38101,331.15,0.55,0.42,2026-08-30,828,N,VIIRS,n,2.0NRT,292.84,1.83,D
9.44417,77.66956,357.05,0.41,0.37,2026-08-30,828,N,VIIRS,n,2.0NRT,290.55,5.42,D
9.44472,77.67329,339.12,0.41,0.37,2026-08-30,828,N,VIIRS,n,2.0NRT,287.31,5.42,D
9.49209,77.66238,342.98,0.41,0.37,2026-08-30,828,N,VIIRS,n,2.0NRT,299.79,7.59,D
9.51278,78.066,343.56,0.42,0.38,2026-08-30,828,N,VIIRS,n,2.0NRT,303.22,10.29,D
9.82619,77.39869,331.44,0.4,0.37,2026-08-30,828,N,VIIRS,l,2.0NRT,303.27,1.05,D
9.86126,78.18573,338.34,0.43,0.38,2026-08-30,828,N,VIIRS,n,2.0NRT,303.91,4.18,D
9.87797,78.03197,336.6,0.42,0.38,2026-08-30,828,N,VIIRS,n,2.0NRT,294.37,1.97,D
10.00316,76.4542,333.81,0.39,0.36,2026-08-30,828,N,VIIRS,n,2.0NRT,298.59,0.94,D
11.80984,77.21425,335.6,0.41,0.37,2026-08-30,828,N,VIIRS,n,2.0NRT,301.41,61.33,D
12.07999,76.99017,338.02,0.41,0.37,2026-08-30,828,N,VIIRS,n,2.0NRT,303.8,3.7,D
12.48661,76.3177,336.89,0.39,0.37,2026-08-30,828,N,VIIRS,n,2.0NRT,298.79,3.61,D
12.81456,78.60983,333.07,0.48,0.4,2026-08-30,828,N,VIIRS,n,2.0NRT,291.11,2.64,D
9.67002,77.45597,297.92,0.57,0.52,2026-08-30,2101,N,VIIRS,n,2.0NRT,278.12,0.77,N
11.62482,79.08276,304.91,0.34,0.56,2026-08-30,2101,N,VIIRS,n,2.0NRT,283.7,0.94,N
8.03437,80.19405,338.36,0.39,0.36,2026-08-31,807,N,VIIRS,n,2.0NRT,306.27,6.16,D
8.08878,80.19277,344.37,0.39,0.36,2026-08-31,807,N,VIIRS,n,2.0NRT,305.52,5.01,D
8.14198,79.99303,337.81,0.39,0.36,2026-08-31,807,N,VIIRS,n,2.0NRT,303.02,3.1,D
8.26829,80.17477,333.76,0.39,0.36,2026-08-31,807,N,VIIRS,l,2.0NRT,308.72,2.7,D
8.28108,80.16919,341.22,0.39,0.36,2026-08-31,807,N,VIIRS,n,2.0NRT,309.37,3.83,D
8.29091,80.21081,346.43,0.39,0.36,2026-08-31,807,N,VIIRS,n,2.0NRT,308.56,5.81,D
8.30053,80.16256,339.1,0.39,0.36,2026-08-31,807,N,VIIRS,n,2.0NRT,308.91,3.66,D
8.30774,80.12835,332.31,0.39,0.36,2026-08-31,807,N,VIIRS,l,2.0NRT,306.22,2.95,D
8.31053,80.29387,334.22,0.39,0.36,2026-08-31,807,N,VIIRS,l,2.0NRT,305.49,1.4,D
8.34692,80.20496,336.99,0.39,0.36,2026-08-31,807,N,VIIRS,l,2.0NRT,309.9,3.86,D
8.34746,80.20847,336.17,0.39,0.36,2026-08-31,807,N,VIIRS,l,2.0NRT,309.73,3.85,D
8.37858,80.18925,336.53,0.39,0.36,2026-08-31,807,N,VIIRS,l,2.0NRT,308.88,4.28,D
8.38648,80.15206,334.03,0.39,0.36,2026-08-31,807,N,VIIRS,l,2.0NRT,304.84,4.9,D
8.38703,80.15557,346.01,0.39,0.36,2026-08-31,807,N,VIIRS,n,2.0NRT,310.23,4.9,D
8.47334,80.16677,342.12,0.39,0.36,2026-08-31,807,N,VIIRS,n,2.0NRT,309.88,7.33,D
8.48646,80.36195,333.66,0.39,0.36,2026-08-31,807,N,VIIRS,l,2.0NRT,306.36,2.3,D
8.49849,80.39584,331.59,0.39,0.36,2026-08-31,807,N,VIIRS,l,2.0NRT,303.07,2.61,D
8.66698,80.36886,337.97,0.39,0.36,2026-08-31,807,N,VIIRS,n,2.0NRT,307.33,3.35,D
8.74873,80.32748,338.49,0.39,0.36,2026-08-31,807,N,VIIRS,n,2.0NRT,305.13,3.57,D
8.80894,80.39244,341.51,0.38,0.36,2026-08-31,807,N,VIIRS,n,2.0NRT,306.81,3.36,D
8.9767,80.37984,336.51,0.38,0.36,2026-08-31,807,N,VIIRS,l,2.0NRT,308.02,6.26,D
8.97723,80.38334,337.39,0.38,0.36,2026-08-31,807,N,VIIRS,l,2.0NRT,307.43,6.26,D
9.02789,77.86799,345.65,0.45,0.39,2026-08-31,807,N,VIIRS,n,2.0NRT,311.04,11.75,D
9.17411,80.12911,332.22,0.39,0.36,2026-08-31,807,N,VIIRS,l,2.0NRT,306.33,2.97,D
9.17741,78.13036,346.2,0.43,0.38,2026-08-31,807,N,VIIRS,n,2.0NRT,304.75,6.86,D
9.18498,80.30385,347.17,0.39,0.36,2026-08-31,807,N,VIIRS,n,2.0NRT,313.38,6.16,D
9.22821,77.66577,339.43,0.45,0.39,2026-08-31,807,N,VIIRS,l,2.0NRT,303.45,16.19,D
9.39429,80.28052,338.13,0.38,0.36,2026-08-31,807,N,VIIRS,n,2.0NRT,306.48,3.06,D
9.47052,78.63935,342.36,0.41,0.37,2026-08-31,807,N,VIIRS,l,2.0NRT,300.43,5.55,D
9.77185,78.36581,340.43,0.42,0.38,2026-08-31,807,N,VIIRS,n,2.0NRT,303.44,3.64,D
9.8061,77.88528,340.12,0.44,0.38,2026-08-31,807,N,VIIRS,l,2.0NRT,312.07,7.57,D
9.80675,77.88925,344.35,0.44,0.38,2026-08-31,807,N,VIIRS,l,2.0NRT,314.76,7.57,D
9.90981,78.52617,339.05,0.41,0.37,2026-08-31,807,N,VIIRS,l,2.0NRT,304.96,4.17,D
9.98556,77.43252,336.54,0.46,0.39,2026-08-31,807,N,VIIRS,l,2.0NRT,304.75,5.73,D
11.62862,78.61463,331.27,0.4,0.37,2026-08-31,807,N,VIIRS,l,2.0NRT,298.12,4.3,D
11.52704,77.24921,330.49,0.45,0.39,2026-08-31,809,N,VIIRS,l,2.0NRT,299.28,3.56,D
11.52934,77.24984,332.74,0.45,0.39,2026-08-31,809,N,VIIRS,n,2.0NRT,298.98,4.63,D
11.73493,77.98431,331.16,0.42,0.37,2026-08-31,809,N,VIIRS,n,2.0NRT,299.52,3.07,D
11.80935,77.92519,331.34,0.42,0.38,2026-08-31,809,N,VIIRS,l,2.0NRT,292.97,2.83,D
11.99381,79.54753,350.08,0.39,0.36,2026-08-31,809,N,VIIRS,n,2.0NRT,310.35,8.02,D
11.99713,79.547,346.13,0.39,0.36,2026-08-31,809,N,VIIRS,n,2.0NRT,308.36,8.02,D
12.05555,79.07794,330.89,0.39,0.36,2026-08-31,809,N,VIIRS,l,2.0NRT,302.51,2.96,D
12.58657,79.6415,349.15,0.38,0.36,2026-08-31,809,N,VIIRS,n,2.0NRT,307.62,4.02,D
13.40939,80.26858,339.14,0.39,0.36,2026-08-31,809,N,VIIRS,n,2.0NRT,301.29,2.09,D
8.11074,79.87141,312.18,0.42,0.45,2026-08-31,2044,N,VIIRS,n,2.0NRT,291.17,2.02,N
8.11138,79.86758,306.74,0.42,0.45,2026-08-31,2044,N,VIIRS,n,2.0NRT,291.83,2.42,N
8.11194,79.87071,322.48,0.42,0.45,2026-08-31,2044,N,VIIRS,n,2.0NRT,291.95,2.58,N
8.74017,78.09332,306.91,0.49,0.4,2026-08-31,2044,N,VIIRS,n,2.0NRT,294.39,0.38,N
10.41461,77.11382,305.75,0.43,0.38,2026-08-31,2044,N,VIIRS,n,2.0NRT,289.06,0.43,N
10.94284,78.06322,316.81,0.46,0.39,2026-08-31,2044,N,VIIRS,n,2.0NRT,294.36,1.41,N
11.08366,78.75399,311.37,0.5,0.41,2026-08-31,2044,N,VIIRS,n,2.0NRT,294.08,2.89,N
11.18313,79.09899,304.24,0.51,0.41,2026-08-31,2044,N,VIIRS,n,2.0NRT,283.87,0.5,N
11.80957,77.92274,309.05,0.44,0.39,2026-08-31,2044,N,VIIRS,n,2.0NRT,293.67,1.65,N
11.81027,77.91869,306.89,0.44,0.39,2026-08-31,2044,N,VIIRS,n,2.0NRT,292.03,2.44,N
11.81802,77.91586,308.19,0.44,0.39,2026-08-31,2044,N,VIIRS,n,2.0NRT,291.36,1.71,N
12.59783,77.8851,299.48,0.43,0.38,2026-08-31,2044,N,VIIRS,n,2.0NRT,281.77,0.27,N
12.60132,77.88569,308.19,0.43,0.38,2026-08-31,2044,N,VIIRS,n,2.0NRT,283.62,0.27,N
8.29291,77.57172,340.35,0.61,0.54,2026-09-01,750,N,VIIRS,n,2.0NRT,300.05,3.49,D
8.29877,80.15601,343.71,0.42,0.45,2026-09-01,750,N,VIIRS,n,2.0NRT,301.32,18.87,D
8.30062,80.15585,344.61,0.41,0.45,2026-09-01,750,N,VIIRS,n,2.0NRT,303.18,19.56,D
8.3114,80.28439,343.65,0.41,0.45,2026-09-01,750,N,VIIRS,n,2.0NRT,300.84,2.5,D
8.31414,80.28391,339.16,0.41,0.45,2026-09-01,750,N,VIIRS,n,2.0NRT,301.37,3.4,D
8.32899,80.29664,333.49,0.41,0.45,2026-09-01,750,N,VIIRS,n,2.0NRT,300.35,3.46,D
8.34424,80.18712,332.68,0.41,0.45,2026-09-01,750,N,VIIRS,n,2.0NRT,301.94,6.2,D
8.349,80.19014,331.08,0.41,0.45,2026-09-01,750,N,VIIRS,l,2.0NRT,301.86,4.48,D
8.35582,80.28069,331.43,0.41,0.45,2026-09-01,750,N,VIIRS,l,2.0NRT,301.46,3.73,D
8.36403,80.27928,346.99,0.41,0.45,2026-09-01,750,N,VIIRS,n,2.0NRT,302.44,6.03,D
8.38557,80.25662,344.78,0.41,0.45,2026-09-01,750,N,VIIRS,n,2.0NRT,299.85,10.02,D
8.40672,80.25681,337.52,0.41,0.45,2026-09-01,750,N,VIIRS,n,2.0NRT,301.7,6.7,D
8.40733,80.26052,332.36,0.41,0.45,2026-09-01,750,N,VIIRS,n,2.0NRT,299.62,3.39,D
8.41083,80.25612,338.4,0.41,0.45,2026-09-01,750,N,VIIRS,n,2.0NRT,297.36,4.26,D
8.41854,80.18941,334.78,0.41,0.45,2026-09-01,750,N,VIIRS,n,2.0NRT,299.92,4.82,D
8.43706,80.33877,330.46,0.4,0.44,2026-09-01,750,N,VIIRS,l,2.0NRT,301.29,4.04,D
8.44123,80.37093,334.63,0.4,0.44,2026-09-01,750,N,VIIRS,n,2.0NRT,299.81,1.9,D
8.44242,80.37146,337.13,0.4,0.44,2026-09-01,750,N,VIIRS,n,2.0NRT,299.87,4.32,D
8.51547,80.31347,343.83,0.4,0.44,2026-09-01,750,N,VIIRS,n,2.0NRT,295.89,5.43,D
8.69272,78.05309,339.6,0.56,0.52,2026-09-01,750,N,VIIRS,n,2.0NRT,301.29,4.6,D
8.69322,78.05519,347.78,0.56,0.52,2026-09-01,750,N,VIIRS,n,2.0NRT,301.94,6.31,D
8.69359,78.05819,331.91,0.56,0.52,2026-09-01,750,N,VIIRS,n,2.0NRT,300.81,4.74,D
8.74317,80.18766,343.55,0.41,0.45,2026-09-01,750,N,VIIRS,n,2.0NRT,298.99,5.11,D
8.9195,80.3924,332.26,0.39,0.44,2026-09-01,750,N,VIIRS,l,2.0NRT,304.48,5.41,D
8.92294,80.38815,344.04,0.39,0.44,2026-09-01,750,N,VIIRS,n,2.0NRT,301.73,11.59,D
9.02756,80.16605,334.03,0.4,0.45,2026-09-01,750,N,VIIRS,n,2.0NRT,300.17,2.26,D
9.02817,80.16972,332.18,0.4,0.44,2026-09-01,750,N,VIIRS,n,2.0NRT,300.5,2.67,D
9.05315,80.14268,340.69,0.4,0.45,2026-09-01,750,N,VIIRS,n,2.0NRT,302.74,6.08,D
9.05558,80.14168,337.68,0.4,0.45,2026-09-01,750,N,VIIRS,n,2.0NRT,302.26,4.72,D
9.08676,79.74698,335.52,0.43,0.46,2026-09-01,750,N,VIIRS,n,2.0NRT,302.37,2.14,D
9.08716,79.74696,339.59,0.43,0.46,2026-09-01,750,N,VIIRS,n,2.0NRT,302.9,6.52,D
9.08741,79.75088,330.38,0.43,0.46,2026-09-01,750,N,VIIRS,l,2.0NRT,301.39,2.14,D
9.10153,80.28739,338.19,0.4,0.44,2026-09-01,750,N,VIIRS,n,2.0NRT,304.88,3.67,D
9.10582,80.31257,333.64,0.39,0.44,2026-09-01,750,N,VIIRS,l,2.0NRT,304.01,2.27,D
9.11247,80.27811,336.96,0.4,0.44,2026-09-01,750,N,VIIRS,n,2.0NRT,306.35,6.48,D
9.24176,80.27779,338.33,0.39,0.44,2026-09-01,750,N,VIIRS,n,2.0NRT,305.64,7.03,D
9.25795,80.27505,330.46,0.39,0.44,2026-09-01,750,N,VIIRS,l,2.0NRT,304.59,6.81,D
9.41327,80.36134,342.93,0.39,0.44,2026-09-01,750,N,VIIRS,n,2.0NRT,302.94,3.55,D
9.41424,80.36042,332.41,0.39,0.44,2026-09-01,750,N,VIIRS,l,2.0NRT,302.67,3.02,D
9.41568,80.39275,330.74,0.39,0.44,2026-09-01,750,N,VIIRS,l,2.0NRT,302.54,1.94,D
9.41628,80.39626,342.87,0.39,0.44,2026-09-01,750,N,VIIRS,n,2.0NRT,303.93,3.96,D
9.41689,80.39977,342.6,0.39,0.44,2026-09-01,750,N,VIIRS,n,2.0NRT,305.49,3.96,D
9.41908,80.39658,330.1,0.39,0.44,2026-09-01,750,N,VIIRS,l,2.0NRT,303.87,4.54,D
9.4283,80.39423,333.51,0.39,0.44,2026-09-01,750,N,VIIRS,l,2.0NRT,304.04,2.36,D
9.44431,80.39148,340.36,0.39,0.44,2026-09-01,750,N,VIIRS,n,2.0NRT,303.64,3.35,D
9.53506,80.38695,342.55,0.38,0.44,2026-09-01,750,N,VIIRS,n,2.0NRT,304.4,25.84,D
9.57735,78.58523,342.46,0.5,0.49,2026-09-01,750,N,VIIRS,n,2.0NRT,305.45,8.92,D
9.60892,79.98938,345.28,0.41,0.45,2026-09-01,750,N,VIIRS,n,2.0NRT,302.98,4.83,D
9.63981,80.21948,335.9,0.39,0.44,2026-09-01,750,N,VIIRS,n,2.0NRT,300.71,2.34,D
9.64288,80.3102,333.48,0.39,0.44,2026-09-01,750,N,VIIRS,n,2.0NRT,302.49,4.14,D
9.6828,79.86526,331.06,0.41,0.45,2026-09-01,750,N,VIIRS,l,2.0NRT,302.61,2.81,D
9.77143,78.21916,333.13,0.52,0.5,2026-09-01,750,N,VIIRS,n,2.0NRT,302.84,3.49,D
9.8107,78.22701,330.36,0.52,0.5,2026-09-01,750,N,VIIRS,l,2.0NRT,302.93,3.51,D
9.95757,77.88288,336.99,0.55,0.51,2026-09-01,750,N,VIIRS,n,2.0NRT,305.57,8.44,D
9.95914,77.88472,337.66,0.55,0.51,2026-09-01,750,N,VIIRS,n,2.0NRT,305.78,11.36,D
9.96654,77.89884,339.99,0.55,0.51,2026-09-01,750,N,VIIRS,n,2.0NRT,305.78,6.17,D
9.96955,77.89621,343.87,0.55,0.51,2026-09-01,750,N,VIIRS,n,2.0NRT,306.5,13.59,D
9.99659,77.51824,343.88,0.58,0.52,2026-09-01,750,N,VIIRS,n,2.0NRT,303.84,3.0,D
9.99667,77.52258,334.74,0.58,0.52,2026-09-01,750,N,VIIRS,n,2.0NRT,303.41,8.15,D
10.015,78.08784,345.21,0.53,0.5,2026-09-01,750,N,VIIRS,n,2.0NRT,304.53,8.15,D
10.38719,79.27933,343.55,0.44,0.46,2026-09-01,750,N,VIIRS,n,2.0NRT,305.99,11.34,D
10.44507,78.80642,332.13,0.47,0.48,2026-09-01,750,N,VIIRS,l,2.0NRT,302.64,3.98,D
10.44559,78.8073,332.18,0.47,0.48,2026-09-01,750,N,VIIRS,n,2.0NRT,301.71,5.72,D
10.67588,78.80834,334.64,0.46,0.47,2026-09-01,750,N,VIIRS,l,2.0NRT,305.76,4.1,D
10.74769,78.83463,344.12,0.46,0.47,2026-09-01,750,N,VIIRS,n,2.0NRT,306.06,6.13,D
10.77378,78.65028,335.4,0.47,0.48,2026-09-01,750,N,VIIRS,l,2.0NRT,307.67,5.62,D
10.86091,79.81236,332.03,0.4,0.44,2026-09-01,750,N,VIIRS,n,2.0NRT,298.78,0.93,D
11.00781,77.43622,332.41,0.56,0.52,2026-09-01,750,N,VIIRS,n,2.0NRT,299.6,7.15,D
11.01218,79.41254,334.72,0.42,0.45,2026-09-01,750,N,VIIRS,n,2.0NRT,302.36,1.56,D
11.01958,79.83994,336.41,0.39,0.44,2026-09-01,750,N,VIIRS,n,2.0NRT,303.87,2.22,D
11.14795,78.03258,336.34,0.51,0.49,2026-09-01,750,N,VIIRS,n,2.0NRT,300.6,4.53,D
11.69378,79.12559,336.91,0.43,0.46,2026-09-01,750,N,VIIRS,n,2.0NRT,304.65,3.94,D
11.69394,79.12669,334.62,0.43,0.46,2026-09-01,750,N,VIIRS,l,2.0NRT,305.59,5.89,D
11.69813,79.12595,355.18,0.43,0.46,2026-09-01,750,N,VIIRS,n,2.0NRT,304.79,5.89,D
11.83094,79.66526,331.46,0.39,0.44,2026-09-01,750,N,VIIRS,l,2.0NRT,303.93,1.86,D
12.05853,79.84698,331.63,0.57,0.43,2026-09-01,750,N,VIIRS,n,2.0NRT,299.32,3.58,D
12.09285,79.56569,341.02,0.39,0.44,2026-09-01,750,N,VIIRS,n,2.0NRT,303.15,4.53,D
12.09304,79.56533,342.44,0.39,0.44,2026-09-01,750,N,VIIRS,n,2.0NRT,303.39,2.38,D
12.13102,78.14007,332.63,0.49,0.48,2026-09-01,750,N,VIIRS,n,2.0NRT,299.71,8.28,D
12.38799,79.56133,332.27,0.39,0.44,2026-09-01,750,N,VIIRS,n,2.0NRT,303.14,2.06,D
12.55496,79.97733,343.27,0.55,0.43,2026-09-01,750,N,VIIRS,n,2.0NRT,303.72,6.59,D
12.63548,79.86098,334.7,0.56,0.43,2026-09-01,750,N,VIIRS,n,2.0NRT,302.52,5.87,D
12.6515,79.40098,337.49,0.4,0.44,2026-09-01,750,N,VIIRS,n,2.0NRT,301.46,2.19,D
12.65554,79.40025,336.68,0.4,0.44,2026-09-01,750,N,VIIRS,n,2.0NRT,302.28,2.19,D
12.8083,79.95654,331.11,0.55,0.43,2026-09-01,750,N,VIIRS,l,2.0NRT,302.28,3.64,D
12.82044,79.10441,338.59,0.41,0.45,2026-09-01,750,N,VIIRS,n,2.0NRT,303.67,5.45,D
12.82455,79.10368,332.39,0.41,0.45,2026-09-01,750,N,VIIRS,l,2.0NRT,304.02,5.9,D
12.88371,78.21547,333.65,0.47,0.47,2026-09-01,750,N,VIIRS,n,2.0NRT,302.7,3.46,D
13.20734,79.73056,330.12,0.56,0.43,2026-09-01,750,N,VIIRS,l,2.0NRT,301.37,3.71,D
10.92252,78.51923,325.57,0.39,0.37,2026-09-01,2023,N,VIIRS,n,2.0NRT,293.57,1.96,N
10.94335,76.3877,303.97,0.47,0.4,2026-09-01,2023,N,VIIRS,n,2.0NRT,291.59,0.57,N
10.99278,79.23927,318.53,0.39,0.36,2026-09-01,2023,N,VIIRS,n,2.0NRT,291.83,2.33,N
10.99333,79.23576,307.67,0.39,0.36,2026-09-01,2023,N,VIIRS,n,2.0NRT,291.5,2.35,N
11.10827,79.43034,306.12,0.38,0.36,2026-09-01,2023,N,VIIRS,n,2.0NRT,291.65,1.26,N
11.2683,80.00274,312.46,0.38,0.36,2026-09-01,2023,N,VIIRS,n,2.0NRT,292.83,2.74,N
11.43151,77.16531,308.64,0.44,0.38,2026-09-01,2023,N,VIIRS,n,2.0NRT,293.07,1.7,N
11.58526,77.26942,302.45,0.43,0.38,2026-09-01,2023,N,VIIRS,n,2.0NRT,289.46,0.63,N
11.58561,77.26827,302.6,0.43,0.38,2026-09-01,2023,N,VIIRS,n,2.0NRT,289.36,0.71,N
11.58795,77.27676,328.51,0.43,0.38,2026-09-01,2023,N,VIIRS,n,2.0NRT,290.39,2.54,N
11.58907,77.26917,316.85,0.43,0.38,2026-09-01,2023,N,VIIRS,n,2.0NRT,288.53,1.3,N
11.592,77.27362,325.47,0.43,0.38,2026-09-01,2023,N,VIIRS,n,2.0NRT,290.18,2.54,N
11.59257,77.26982,304.87,0.43,0.38,2026-09-01,2023,N,VIIRS,n,2.0NRT,287.86,1.3,N
11.80976,77.92097,306.97,0.41,0.37,2026-09-01,2023,N,VIIRS,n,2.0NRT,292.26,2.29,N
11.81017,77.92106,307.2,0.41,0.37,2026-09-01,2023,N,VIIRS,n,2.0NRT,292.19,2.41,N
12.07241,79.15073,306.96,0.39,0.36,2026-09-01,2023,N,VIIRS,n,2.0NRT,290.91,1.83,N
12.29086,79.93877,311.05,0.38,0.36,2026-09-01,2023,N,VIIRS,n,2.0NRT,291.14,1.98,N
12.29417,79.93931,325.11,0.38,0.36,2026-09-01,2023,N,VIIRS,n,2.0NRT,291.53,1.98,N
12.74743,77.61809,300.42,0.43,0.38,2026-09-01,2023,N,VIIRS,n,2.0NRT,288.9,0.43,N
8.44806,80.39248,312.37,0.4,0.37,2026-09-01,2025,N,VIIRS,n,2.0NRT,282.87,0.65,N
8.6686,77.99117,299.21,0.39,0.37,2026-09-01,2025,N,VIIRS,n,2.0NRT,278.27,0.36,N
9.2637,77.50169,313.85,0.41,0.37,2026-09-01,2025,N,VIIRS,n,2.0NRT,293.16,1.36,N
9.56943,77.53551,308.38,0.41,0.37,2026-09-01,2025,N,VIIRS,n,2.0NRT,268.79,1.35,N
9.56999,77.5319,304.75,0.41,0.37,2026-09-01,2025,N,VIIRS,n,2.0NRT,267.28,1.35,N
9.5723,77.5396,299.71,0.41,0.37,2026-09-01,2025,N,VIIRS,n,2.0NRT,269.85,0.85,N
9.57284,77.53609,305.91,0.41,0.37,2026-09-01,2025,N,VIIRS,n,2.0NRT,268.13,1.24,N
9.58141,77.54852,311.48,0.41,0.37,2026-09-01,2025,N,VIIRS,n,2.0NRT,272.37,1.01,N
10.19173,77.64243,304.01,0.41,0.37,2026-09-01,2025,N,VIIRS,n,2.0NRT,291.74,0.42,N
8.41631,80.3227,350.19,0.42,0.61,2026-09-02,729,N,VIIRS,n,2.0NRT,293.83,8.01,D
8.417,80.32652,338.39,0.42,0.61,2026-09-02,729,N,VIIRS,n,2.0NRT,293.64,11.58,D
8.4979,80.15121,330.36,0.43,0.62,2026-09-02,729,N,VIIRS,n,2.0NRT,294.23,3.34,D
8.6888,80.35437,340.54,0.41,0.61,2026-09-02,729,N,VIIRS,n,2.0NRT,293.89,3.92,D
8.69176,80.35313,349.2,0.41,0.61,2026-09-02,729,N,VIIRS,n,2.0NRT,293.08,4.47,D
8.85165,80.32201,333.34,0.41,0.61,2026-09-02,729,N,VIIRS,n,2.0NRT,294.93,5.21,D
9.41724,80.38377,337.57,0.4,0.6,2026-09-02,729,N,VIIRS,n,2.0NRT,295.68,4.93,D
9.43089,80.39628,332.16,0.4,0.6,2026-09-02,729,N,VIIRS,n,2.0NRT,295.53,3.24,D
9.43142,80.39938,330.56,0.4,0.6,2026-09-02,729,N,VIIRS,n,2.0NRT,295.24,3.58,D
9.43211,80.3729,335.15,0.4,0.6,2026-09-02,729,N,VIIRS,n,2.0NRT,295.31,6.05,D
9.43242,80.37336,341.55,0.4,0.6,2026-09-02,729,N,VIIRS,n,2.0NRT,295.23,6.5,D
9.4328,80.37656,354.0,0.4,0.6,2026-09-02,729,N,VIIRS,n,2.0NRT,295.64,10.97,D
9.43308,80.37701,347.25,0.4,0.6,2026-09-02,729,N,VIIRS,n,2.0NRT,295.69,8.7,D
9.43506,80.38796,330.6,0.4,0.6,2026-09-02,729,N,VIIRS,n,2.0NRT,295.41,3.54,D
9.43638,80.39525,330.96,0.4,0.6,2026-09-02,729,N,VIIRS,n,2.0NRT,295.72,3.24,D
9.64267,80.31721,354.25,0.4,0.6,2026-09-02,729,N,VIIRS,n,2.0NRT,295.12,9.47,D
9.643,80.31789,367.0,0.4,0.6,2026-09-02,729,N,VIIRS,h,2.0NRT,295.82,8.95,D
9.64335,80.32085,353.27,0.4,0.6,2026-09-02,729,N,VIIRS,n,2.0NRT,295.09,11.93,D
9.64366,80.32153,345.81,0.4,0.6,2026-09-02,729,N,VIIRS,n,2.0NRT,294.88,8.44,D
9.94405,78.17075,330.98,0.55,0.68,2026-09-02,731,N,VIIRS,n,2.0NRT,292.36,8.81,D
9.99482,79.18996,341.62,0.47,0.64,2026-09-02,731,N,VIIRS,n,2.0NRT,287.05,4.89,D
12.1557,79.81212,330.94,0.39,0.59,2026-09-02,731,N,VIIRS,n,2.0NRT,288.02,2.65,D
9.92334,78.1786,333.46,0.72,0.75,2026-09-02,911,N,VIIRS,n,2.0NRT,287.09,8.28,D
11.34867,77.58162,343.48,0.68,0.74,2026-09-02,911,N,VIIRS,n,2.0NRT,291.66,6.73,D
9.55174,77.51925,300.72,0.49,0.49,2026-09-02,2006,N,VIIRS,n,2.0NRT,280.12,0.75,N
9.55315,77.52262,321.0,0.49,0.49,2026-09-02,2006,N,VIIRS,n,2.0NRT,280.86,2.59,N
9.55481,77.51051,305.7,0.49,0.49,2026-09-02,2006,N,VIIRS,n,2.0NRT,277.36,0.75,N
9.55874,77.51527,299.36,0.49,0.49,2026-09-02,2006,N,VIIRS,n,2.0NRT,278.95,2.55,N
9.55933,77.5109,299.08,0.49,0.49,2026-09-02,2006,N,VIIRS,n,2.0NRT,278.15,0.75,N
9.56071,77.53418,314.02,0.49,0.49,2026-09-02,2006,N,VIIRS,n,2.0NRT,281.53,2.32,N
9.56267,77.52,312.46,0.49,0.49,2026-09-02,2006,N,VIIRS,n,2.0NRT,278.52,2.11,N
11.17563,79.08776,304.65,0.41,0.45,2026-09-02,2006,N,VIIRS,n,2.0NRT,286.18,0.63,N
11.59482,77.264,308.29,0.55,0.51,2026-09-02,2006,N,VIIRS,n,2.0NRT,271.1,1.73,N
11.59569,77.25757,301.79,0.55,0.51,2026-09-02,2006,N,VIIRS,n,2.0NRT,268.93,1.73,N
11.80807,77.92142,313.58,0.5,0.49,2026-09-02,2006,N,VIIRS,n,2.0NRT,284.21,2.3,N
12.84852,79.90374,334.6,0.38,0.44,2026-09-02,2006,N,VIIRS,n,2.0NRT,288.54,4.0,N
12.85253,79.90434,343.13,0.38,0.44,2026-09-02,2006,N,VIIRS,n,2.0NRT,289.45,5.36,N
13.09088,79.98233,304.44,0.38,0.43,2026-09-02,2006,N,VIIRS,n,2.0NRT,285.15,0.52,N
8.284,80.23323,330.92,0.45,0.63,2026-09-03,852,N,VIIRS,n,2.0NRT,292.92,8.64,D
8.28842,80.23164,331.07,0.45,0.63,2026-09-03,852,N,VIIRS,n,2.0NRT,293.27,7.83,D
8.39178,80.16251,340.35,0.45,0.63,2026-09-03,852,N,VIIRS,n,2.0NRT,295.25,46.39,D
8.39199,80.16026,334.57,0.45,0.63,2026-09-03,852,N,VIIRS,n,2.0NRT,292.82,23.58,D
8.3923,80.16667,351.18,0.45,0.63,2026-09-03,852,N,VIIRS,n,2.0NRT,292.93,41.89,D
8.39254,80.16441,367.0,0.45,0.63,2026-09-03,852,N,VIIRS,h,2.0NRT,296.13,62.8,D
8.55929,80.3675,367.0,0.46,0.64,2026-09-03,852,N,VIIRS,h,2.0NRT,294.02,17.44,D
8.81097,78.0528,333.07,0.32,0.55,2026-09-03,852,N,VIIRS,n,2.0NRT,298.05,0.97,D
8.86421,78.08301,337.52,0.33,0.55,2026-09-03,852,N,VIIRS,n,2.0NRT,296.67,2.55,D
8.86688,78.08226,334.12,0.33,0.55,2026-09-03,852,N,VIIRS,n,2.0NRT,296.85,1.34,D
8.99572,78.11298,337.77,0.33,0.55,2026-09-03,852,N,VIIRS,n,2.0NRT,296.58,1.58,D
8.99612,78.11604,340.09,0.33,0.55,2026-09-03,852,N,VIIRS,n,2.0NRT,296.73,1.58,D
9.09281,79.79891,331.83,0.43,0.62,2026-09-03,852,N,VIIRS,n,2.0NRT,291.7,4.75,D
9.40996,78.80921,341.22,0.37,0.58,2026-09-03,852,N,VIIRS,n,2.0NRT,292.88,0.73,D
10.23653,79.19613,367.0,0.41,0.6,2026-09-03,852,N,VIIRS,h,2.0NRT,294.56,11.42,D
10.9525,78.43614,334.3,0.37,0.58,2026-09-03,852,N,VIIRS,n,2.0NRT,273.55,2.9,D
11.5078,79.52651,346.56,0.45,0.63,2026-09-03,852,N,VIIRS,n,2.0NRT,294.32,4.34,D
11.50817,79.52599,344.98,0.44,0.63,2026-09-03,852,N,VIIRS,n,2.0NRT,294.04,2.7,D
9.54534,77.51893,301.06,0.52,0.67,2026-09-03,1949,N,VIIRS,n,2.0NRT,279.69,2.19,N
9.54608,77.51984,305.2,0.52,0.66,2026-09-03,1949,N,VIIRS,n,2.0NRT,279.89,1.59,N
8.22376,79.9154,335.11,0.42,0.38,2026-08-25,820,N,VIIRS,n,2.0NRT,289.18,8.69,D
8.29243,80.20691,348.62,0.43,0.38,2026-08-25,820,N,VIIRS,n,2.0NRT,287.69,11.89,D
8.35752,80.23368,344.91,0.44,0.38,2026-08-25,820,N,VIIRS,n,2.0NRT,287.66,7.87,D
8.36105,80.23316,334.08,0.44,0.38,2026-08-25,820,N,VIIRS,n,2.0NRT,288.27,3.9,D
8.44314,80.35169,331.81,0.44,0.38,2026-08-25,820,N,VIIRS,n,2.0NRT,290.04,5.12,D
8.44372,80.35572,339.94,0.44,0.38,2026-08-25,820,N,VIIRS,n,2.0NRT,291.17,11.18,D
8.56757,80.34253,334.74,0.44,0.39,2026-08-25,820,N,VIIRS,n,2.0NRT,287.91,3.72,D
8.63257,80.34579,344.64,0.44,0.39,2026-08-25,820,N,VIIRS,n,2.0NRT,295.21,8.37,D
8.63329,80.34522,338.37,0.44,0.39,2026-08-25,820,N,VIIRS,n,2.0NRT,294.85,7.19,D
8.69478,80.34908,339.58,0.44,0.39,2026-08-25,820,N,VIIRS,n,2.0NRT,291.26,3.86,D
8.7244,80.32823,336.03,0.44,0.39,2026-08-25,820,N,VIIRS,n,2.0NRT,287.31,4.74,D
10.21385,79.24151,330.12,0.42,0.37,2026-08-25,822,N,VIIRS,n,2.0NRT,278.65,3.48,D
10.2144,79.2453,332.07,0.42,0.37,2026-08-25,822,N,VIIRS,n,2.0NRT,277.4,4.51,D
9.70498,77.43482,295.89,0.45,0.47,2026-08-25,2055,N,VIIRS,n,2.0NRT,271.73,1.89,N
9.15012,80.21935,335.19,0.42,0.37,2026-08-26,801,N,VIIRS,l,2.0NRT,296.34,6.6,D
9.34108,80.16885,334.89,0.42,0.37,2026-08-26,801,N,VIIRS,l,2.0NRT,299.04,4.26,D
9.38904,78.88414,334.56,0.47,0.4,2026-08-26,801,N,VIIRS,l,2.0NRT,299.26,5.44,D
9.38948,78.88505,336.31,0.47,0.4,2026-08-26,801,N,VIIRS,l,2.0NRT,299.69,6.1,D
9.6447,79.92132,332.66,0.42,0.38,2026-08-26,801,N,VIIRS,l,2.0NRT,297.66,4.9,D
9.80408,78.17467,337.02,0.5,0.41,2026-08-26,801,N,VIIRS,n,2.0NRT,296.81,4.0,D
9.90823,78.08034,333.85,0.51,0.41,2026-08-26,801,N,VIIRS,n,2.0NRT,295.48,5.5,D
9.90871,78.08326,333.9,0.51,0.41,2026-08-26,801,N,VIIRS,n,2.0NRT,295.44,5.83,D
10.05334,77.95324,348.01,0.51,0.41,2026-08-26,801,N,VIIRS,n,2.0NRT,296.96,10.17,D
12.13064,79.65323,333.44,0.41,0.37,2026-08-26,801,N,VIIRS,l,2.0NRT,306.63,24.35,D
11.18108,79.10128,303.57,0.43,0.38,2026-08-26,2038,N,VIIRS,n,2.0NRT,285.73,0.43,N
11.2694,80.00464,310.68,0.47,0.4,2026-08-26,2038,N,VIIRS,n,2.0NRT,285.63,1.4,N
11.80979,77.00835,302.99,0.38,0.36,2026-08-26,2038,N,VIIRS,n,2.0NRT,272.49,0.44,N
11.81618,77.91673,315.08,0.4,0.37,2026-08-26,2038,N,VIIRS,n,2.0NRT,286.24,2.03,N
8.53706,77.95217,335.66,0.37,0.58,2026-08-27,744,N,VIIRS,n,2.0NRT,291.67,2.88,D
8.53767,77.95551,330.37,0.37,0.58,2026-08-27,744,N,VIIRS,n,2.0NRT,291.3,2.88,D
8.93558,77.80733,336.01,0.37,0.58,2026-08-27,744,N,VIIRS,n,2.0NRT,294.19,2.63,D
9.13009,77.84245,341.07,0.36,0.58,2026-08-27,744,N,VIIRS,n,2.0NRT,296.5,4.92,D
9.1307,77.84574,335.59,0.36,0.58,2026-08-27,744,N,VIIRS,n,2.0NRT,296.02,4.28,D
9.13252,77.84334,338.51,0.36,0.58,2026-08-27,744,N,VIIRS,n,2.0NRT,296.56,3.68,D
9.20093,77.46384,331.96,0.38,0.59,2026-08-27,744,N,VIIRS,n,2.0NRT,295.68,1.61,D
9.30457,78.81348,334.81,0.62,0.54,2026-08-27,744,N,VIIRS,n,2.0NRT,296.26,0.98,D
9.30486,78.81577,336.81,0.62,0.54,2026-08-27,744,N,VIIRS,n,2.0NRT,296.38,6.54,D
9.42552,80.37328,340.3,0.49,0.48,2026-08-27,744,N,VIIRS,n,2.0NRT,295.98,7.33,D
9.91843,77.93557,335.55,0.35,0.56,2026-08-27,744,N,VIIRS,n,2.0NRT,294.03,2.57,D
9.9931,79.18903,333.06,0.57,0.52,2026-08-27,744,N,VIIRS,n,2.0NRT,295.75,1.7,D
10.02469,78.36389,334.84,0.32,0.55,2026-08-27,744,N,VIIRS,n,2.0NRT,295.39,2.55,D
10.28012,78.98431,339.64,0.58,0.52,2026-08-27,744,N,VIIRS,n,2.0NRT,296.95,7.07,D
10.87787,77.24078,330.18,0.37,0.58,2026-08-27,744,N,VIIRS,n,2.0NRT,295.55,3.26,D
10.99141,78.89906,338.6,0.57,0.52,2026-08-27,744,N,VIIRS,n,2.0NRT,298.76,10.52,D
11.69187,79.39234,332.69,0.52,0.5,2026-08-27,744,N,VIIRS,n,2.0NRT,295.48,1.98,D
12.19828,79.71751,331.74,0.48,0.48,2026-08-27,744,N,VIIRS,n,2.0NRT,293.89,2.89,D
9.49335,77.62408,304.15,0.47,0.4,2026-08-27,2017,N,VIIRS,n,2.0NRT,283.83,0.45,N
9.49338,77.62221,302.0,0.47,0.4,2026-08-27,2017,N,VIIRS,n,2.0NRT,281.79,0.44,N
10.14528,78.35623,306.72,0.44,0.38,2026-08-27,2017,N,VIIRS,n,2.0NRT,293.87,0.73,N
11.10949,77.76649,309.44,0.48,0.4,2026-08-27,2017,N,VIIRS,n,2.0NRT,292.92,1.12,N
11.17704,79.08945,307.88,0.42,0.38,2026-08-27,2017,N,VIIRS,n,2.0NRT,291.52,1.27,N
11.18222,79.10208,304.71,0.42,0.38,2026-08-27,2017,N,VIIRS,n,2.0NRT,290.78,2.06,N
11.26739,80.00417,312.59,0.4,0.37,2026-08-27,2017,N,VIIRS,n,2.0NRT,289.69,1.56,N
11.81603,77.91864,320.62,0.48,0.4,2026-08-27,2017,N,VIIRS,n,2.0NRT,290.36,2.43,N
11.81781,77.91653,311.73,0.48,0.4,2026-08-27,2017,N,VIIRS,n,2.0NRT,289.98,2.88,N
8.30407,77.63763,313.44,0.46,0.39,2026-08-27,2019,N,VIIRS,n,2.0NRT,293.13,1.33,N
8.30766,77.63818,310.18,0.46,0.39,2026-08-27,2019,N,VIIRS,n,2.0NRT,293.28,1.33,N
13.39244,80.10186,316.57,0.41,0.37,2026-08-27,2019,N,VIIRS,n,2.0NRT,295.63,2.51,N
8.57365,80.37617,329.17,0.52,0.67,2026-08-28,724,N,VIIRS,n,2.0NRT,282.05,3.95,D
8.71467,77.97586,332.45,0.75,0.77,2026-08-28,724,N,VIIRS,n,2.0NRT,291.91,6.6,D
8.72874,78.1054,335.79,0.73,0.76,2026-08-28,724,N,VIIRS,n,2.0NRT,291.61,9.62,D
8.73258,78.10741,334.15,0.73,0.76,2026-08-28,724,N,VIIRS,n,2.0NRT,291.19,7.04,D
9.277,78.39668,334.35,0.69,0.74,2026-08-28,724,N,VIIRS,n,2.0NRT,290.53,6.4,D
9.27714,78.39496,335.92,0.69,0.74,2026-08-28,724,N,VIIRS,n,2.0NRT,290.19,4.62,D
9.27846,78.39858,336.74,0.57,0.69,2026-08-28,905,N,VIIRS,n,2.0NRT,293.77,6.18,D
9.33079,77.52433,334.37,0.5,0.66,2026-08-28,905,N,VIIRS,n,2.0NRT,297.58,4.97,D
9.33131,77.52667,334.29,0.5,0.66,2026-08-28,905,N,VIIRS,n,2.0NRT,297.26,1.72,D
9.4159,77.509,332.41,0.5,0.66,2026-08-28,905,N,VIIRS,n,2.0NRT,296.85,1.46,D
9.41621,77.50993,334.29,0.5,0.66,2026-08-28,905,N,VIIRS,n,2.0NRT,297.25,2.78,D
10.61728,77.41994,301.09,0.33,0.55,2026-08-28,2000,N,VIIRS,n,2.0NRT,284.85,0.23,N
8.57969,77.66151,339.99,0.48,0.48,2026-08-29,845,N,VIIRS,n,2.0NRT,295.44,3.72,D
8.60485,77.9724,339.73,0.5,0.49,2026-08-29,845,N,VIIRS,n,2.0NRT,288.68,3.44,D
8.60874,77.96722,336.02,0.5,0.49,2026-08-29,845,N,VIIRS,n,2.0NRT,287.79,2.7,D
8.64795,77.83846,336.15,0.49,0.49,2026-08-29,845,N,VIIRS,n,2.0NRT,293.65,2.82,D
8.65245,77.83784,330.16,0.49,0.49,2026-08-29,845,N,VIIRS,n,2.0NRT,291.93,1.92,D
8.74677,78.08665,332.55,0.51,0.49,2026-08-29,845,N,VIIRS,n,2.0NRT,287.41,2.69,D
9.50563,77.60714,335.3,0.49,0.48,2026-08-29,845,N,VIIRS,n,2.0NRT,295.79,4.45,D
10.93459,78.47301,337.47,0.58,0.52,2026-08-29,845,N,VIIRS,n,2.0NRT,299.46,5.59,D
11.74922,79.71774,333.73,0.36,0.58,2026-08-29,845,N,VIIRS,n,2.0NRT,294.78,2.57,D
11.83292,79.64937,332.56,0.36,0.57,2026-08-29,845,N,VIIRS,n,2.0NRT,295.44,2.65,D
12.17967,79.73842,344.66,0.37,0.58,2026-08-29,845,N,VIIRS,n,2.0NRT,295.14,7.67,D
13.51015,78.18242,335.03,0.6,0.53,2026-08-29,848,N,VIIRS,n,2.0NRT,295.74,6.93,D
9.75551,77.517,308.74,0.66,0.73,2026-08-29,1940,N,VIIRS,n,2.0NRT,282.3,1.86,N
9.75605,77.51919,313.12,0.66,0.73,2026-08-29,1940,N,VIIRS,n,2.0NRT,282.92,1.18,N
10.93793,78.46664,321.14,0.59,0.7,2026-08-29,1940,N,VIIRS,n,2.0NRT,278.39,1.99,N
10.94446,78.46751,302.27,0.59,0.7,2026-08-29,1940,N,VIIRS,n,2.0NRT,277.97,1.99,N
12.07226,78.52171,302.25,0.63,0.72,2026-08-29,2121,N,VIIRS,n,2.0NRT,284.22,1.07,N
12.49513,76.73359,298.77,0.47,0.64,2026-08-29,2121,N,VIIRS,n,2.0NRT,284.16,0.38,N
13.03323,77.87466,295.27,0.55,0.68,2026-08-29,2121,N,VIIRS,n,2.0NRT,280.63,0.36,N
9.75523,77.51794,313.52,0.6,0.7,2026-08-29,2123,N,VIIRS,n,2.0NRT,288.15,2.38,N
10.94256,78.46865,309.17,0.65,0.73,2026-08-29,2123,N,VIIRS,n,2.0NRT,288.02,2.26,N
8.16379,79.83366,347.02,0.39,0.36,2026-08-20,813,N,VIIRS,n,2.0NRT,292.76,5.84,D
8.92556,77.96257,348.38,0.39,0.36,2026-08-20,813,N,VIIRS,n,2.0NRT,298.95,8.49,D
9.00053,79.86462,336.71,0.39,0.36,2026-08-20,813,N,VIIRS,n,2.0NRT,294.45,3.48,D
9.00601,79.87824,338.67,0.39,0.36,2026-08-20,813,N,VIIRS,n,2.0NRT,296.45,4.06,D
9.0254,79.83466,331.19,0.39,0.36,2026-08-20,813,N,VIIRS,n,2.0NRT,294.77,1.97,D
10.20464,78.83772,339.24,0.38,0.36,2026-08-20,813,N,VIIRS,n,2.0NRT,302.04,11.72,D
10.57315,79.49966,330.82,0.39,0.36,2026-08-20,813,N,VIIRS,n,2.0NRT,291.05,2.25,D
12.54274,79.87836,347.01,0.4,0.37,2026-08-20,816,N,VIIRS,n,2.0NRT,293.15,4.92,D
12.66698,79.70408,331.27,0.4,0.37,2026-08-20,816,N,VIIRS,n,2.0NRT,298.22,1.45,D
12.89302,78.87909,331.01,0.39,0.36,2026-08-20,816,N,VIIRS,n,2.0NRT,285.21,1.83,D
13.04383,79.59259,335.61,0.4,0.37,2026-08-20,816,N,VIIRS,n,2.0NRT,300.02,2.46,D
13.07203,79.95014,330.69,0.41,0.37,2026-08-20,816,N,VIIRS,n,2.0NRT,296.86,3.38,D
13.34752,79.09665,337.78,0.39,0.36,2026-08-20,816,N,VIIRS,n,2.0NRT,303.6,1.8,D
13.40582,80.21592,334.97,0.42,0.38,2026-08-20,816,N,VIIRS,n,2.0NRT,295.65,6.25,D
8.73957,77.60084,314.99,0.57,0.43,2026-08-20,2049,N,VIIRS,n,2.0NRT,270.0,2.37,N
12.66991,76.85605,302.15,0.46,0.39,2026-08-20,2049,N,VIIRS,n,2.0NRT,285.08,0.73,N
12.68449,76.45203,306.01,0.44,0.38,2026-08-20,2049,N,VIIRS,n,2.0NRT,287.99,0.81,N
8.07838,80.0887,331.6,0.51,0.41,2026-08-21,756,N,VIIRS,n,2.0NRT,294.15,15.5,D
8.43317,80.33639,334.3,0.49,0.4,2026-08-21,756,N,VIIRS,l,2.0NRT,295.35,14.02,D
8.58488,77.95021,335.12,0.45,0.47,2026-08-21,756,N,VIIRS,n,2.0NRT,298.77,2.49,D
9.31269,78.05367,338.9,0.43,0.46,2026-08-21,756,N,VIIRS,n,2.0NRT,305.16,7.06,D
9.3194,78.58262,336.47,0.4,0.44,2026-08-21,756,N,VIIRS,n,2.0NRT,303.54,1.47,D
9.34518,78.81236,335.72,0.38,0.44,2026-08-21,756,N,VIIRS,n,2.0NRT,301.64,1.58,D
9.36559,78.66248,367.0,0.39,0.44,2026-08-21,756,N,VIIRS,h,2.0NRT,306.38,10.37,D
9.46089,77.93649,343.41,0.43,0.46,2026-08-21,756,N,VIIRS,n,2.0NRT,304.98,2.92,D
9.74367,77.84486,336.43,0.43,0.46,2026-08-21,756,N,VIIRS,n,2.0NRT,303.98,1.11,D
9.74707,77.88758,336.81,0.43,0.46,2026-08-21,756,N,VIIRS,n,2.0NRT,305.26,1.44,D
10.04823,77.95352,349.94,0.42,0.45,2026-08-21,756,N,VIIRS,n,2.0NRT,300.86,5.9,D
10.05175,77.94893,344.09,0.42,0.45,2026-08-21,756,N,VIIRS,n,2.0NRT,300.57,7.89,D
10.05242,77.9528,337.08,0.42,0.45,2026-08-21,756,N,VIIRS,n,2.0NRT,296.24,5.9,D
10.06246,77.61354,338.53,0.44,0.46,2026-08-21,756,N,VIIRS,n,2.0NRT,301.37,3.37,D
10.40818,77.98702,344.36,0.42,0.45,2026-08-21,756,N,VIIRS,n,2.0NRT,300.35,8.58,D
10.46239,77.96943,332.02,0.42,0.45,2026-08-21,756,N,VIIRS,l,2.0NRT,302.17,2.2,D
10.8355,78.05512,348.83,0.41,0.45,2026-08-21,756,N,VIIRS,n,2.0NRT,306.32,5.12,D
10.86179,78.60693,332.53,0.56,0.43,2026-08-21,756,N,VIIRS,l,2.0NRT,303.6,3.75,D
10.86351,78.60498,334.68,0.56,0.43,2026-08-21,756,N,VIIRS,n,2.0NRT,304.43,3.6,D
10.89906,78.69358,335.4,0.56,0.43,2026-08-21,756,N,VIIRS,n,2.0NRT,303.41,8.39,D
10.90762,78.79076,339.02,0.55,0.43,2026-08-21,756,N,VIIRS,n,2.0NRT,306.52,4.54,D
10.94861,77.29926,332.62,0.45,0.47,2026-08-21,756,N,VIIRS,n,2.0NRT,302.59,1.82,D
11.17986,76.86322,352.61,0.48,0.48,2026-08-21,756,N,VIIRS,n,2.0NRT,299.65,7.75,D
11.25114,77.55007,335.0,0.43,0.46,2026-08-21,756,N,VIIRS,n,2.0NRT,302.87,1.81,D
11.3864,77.68139,337.39,0.42,0.45,2026-08-21,756,N,VIIRS,n,2.0NRT,302.13,3.66,D
11.52693,77.66856,331.72,0.42,0.45,2026-08-21,756,N,VIIRS,n,2.0NRT,300.84,1.03,D
11.71186,79.12611,335.37,0.51,0.41,2026-08-21,756,N,VIIRS,l,2.0NRT,306.57,49.23,D
11.71266,79.13078,335.7,0.51,0.41,2026-08-21,756,N,VIIRS,l,2.0NRT,299.97,13.01,D
12.05267,79.61187,334.23,0.48,0.4,2026-08-21,756,N,VIIRS,l,2.0NRT,300.37,4.25,D
12.0637,76.96976,336.06,0.45,0.47,2026-08-21,756,N,VIIRS,n,2.0NRT,299.1,6.65,D
12.30416,76.82388,339.02,0.46,0.47,2026-08-21,756,N,VIIRS,n,2.0NRT,296.98,6.57,D
12.35125,77.01255,340.97,0.45,0.47,2026-08-21,756,N,VIIRS,n,2.0NRT,293.35,5.9,D
10.93034,77.06337,300.84,0.39,0.36,2026-08-21,2029,N,VIIRS,n,2.0NRT,281.61,0.63,N
11.11709,77.75499,302.08,0.38,0.36,2026-08-21,2029,N,VIIRS,n,2.0NRT,277.9,0.46,N
11.42601,77.51267,301.37,0.39,0.36,2026-08-21,2029,N,VIIRS,n,2.0NRT,272.63,0.62,N
13.39369,80.10202,305.09,0.4,0.37,2026-08-21,2029,N,VIIRS,n,2.0NRT,284.92,0.81,N
8.59524,77.89958,300.64,0.39,0.36,2026-08-21,2032,N,VIIRS,n,2.0NRT,278.2,0.29,N
8.74044,77.60186,310.06,0.38,0.36,2026-08-21,2032,N,VIIRS,n,2.0NRT,281.68,0.68,N
8.74099,77.59838,309.44,0.38,0.36,2026-08-21,2032,N,VIIRS,n,2.0NRT,280.22,0.82,N
9.24785,77.32679,304.23,0.38,0.36,2026-08-21,2032,N,VIIRS,n,2.0NRT,264.54,0.4,N
10.04985,77.95205,302.63,0.38,0.36,2026-08-21,2032,N,VIIRS,n,2.0NRT,270.2,0.42,N
10.08768,77.23882,306.06,0.39,0.36,2026-08-21,2032,N,VIIRS,n,2.0NRT,282.22,0.84,N
10.08821,77.23543,341.68,0.39,0.36,2026-08-21,2032,N,VIIRS,n,2.0NRT,282.74,6.59,N
10.09154,77.23588,332.12,0.39,0.36,2026-08-21,2032,N,VIIRS,n,2.0NRT,283.06,1.76,N
10.09488,77.23631,300.78,0.39,0.36,2026-08-21,2032,N,VIIRS,n,2.0NRT,282.58,1.76,N
10.24319,77.2169,308.07,0.39,0.36,2026-08-21,2032,N,VIIRS,n,2.0NRT,272.56,3.49,N
10.24541,77.22453,299.32,0.39,0.36,2026-08-21,2032,N,VIIRS,n,2.0NRT,272.63,0.45,N
10.24596,77.22096,296.36,0.39,0.36,2026-08-21,2032,N,VIIRS,n,2.0NRT,273.85,0.45,N
10.24651,77.21736,330.64,0.39,0.36,2026-08-21,2032,N,VIIRS,n,2.0NRT,281.18,3.49,N
10.24707,77.21375,340.55,0.39,0.36,2026-08-21,2032,N,VIIRS,n,2.0NRT,281.06,3.49,N
10.24929,77.22139,301.71,0.39,0.36,2026-08-21,2032,N,VIIRS,n,2.0NRT,278.37,0.7,N
10.2504,77.21418,318.29,0.39,0.36,2026-08-21,2032,N,VIIRS,n,2.0NRT,281.29,2.02,N
10.61491,77.41926,300.63,0.39,0.36,2026-08-21,2032,N,VIIRS,n,2.0NRT,276.99,0.5,N
8.38548,77.54631,332.37,0.5,0.66,2026-08-22,735,N,VIIRS,n,2.0NRT,294.62,5.8,D
9.29744,77.75079,330.78,0.47,0.64,2026-08-22,735,N,VIIRS,n,2.0NRT,287.77,1.45,D
9.29351,77.3167,334.7,0.5,0.66,2026-08-22,737,N,VIIRS,n,2.0NRT,287.41,7.09,D
9.29573,77.75149,333.98,0.47,0.64,2026-08-22,737,N,VIIRS,n,2.0NRT,287.66,1.47,D
10.75991,79.65319,336.62,0.33,0.55,2026-08-22,737,N,VIIRS,n,2.0NRT,291.23,2.68,D
11.40803,78.71432,336.41,0.37,0.58,2026-08-22,737,N,VIIRS,n,2.0NRT,297.37,2.35,D
11.41039,78.7151,339.14,0.37,0.58,2026-08-22,737,N,VIIRS,n,2.0NRT,297.26,1.96,D
11.72656,78.68904,333.4,0.37,0.58,2026-08-22,737,N,VIIRS,n,2.0NRT,289.76,0.95,D
11.72925,78.6898,331.96,0.37,0.58,2026-08-22,737,N,VIIRS,n,2.0NRT,290.07,1.86,D
12.23923,79.42413,332.77,0.32,0.55,2026-08-22,737,N,VIIRS,n,2.0NRT,295.75,2.81,D
9.63003,77.42585,299.48,0.39,0.44,2026-08-22,2012,N,VIIRS,n,2.0NRT,270.94,0.75,N
10.0821,77.23841,305.95,0.41,0.45,2026-08-22,2012,N,VIIRS,n,2.0NRT,289.39,1.95,N
10.08541,77.24478,316.57,0.41,0.45,2026-08-22,2012,N,VIIRS,n,2.0NRT,289.35,1.5,N
10.2395,77.21495,306.04,0.41,0.45,2026-08-22,2012,N,VIIRS,n,2.0NRT,285.61,1.38,N
10.61528,77.4217,309.99,0.41,0.45,2026-08-22,2012,N,VIIRS,n,2.0NRT,292.12,0.7,N
10.68565,77.50634,316.98,0.4,0.44,2026-08-22,2012,N,VIIRS,n,2.0NRT,292.29,1.55,N
10.92703,77.06378,300.75,0.43,0.46,2026-08-22,2012,N,VIIRS,n,2.0NRT,289.03,0.53,N
10.93126,77.0644,306.28,0.43,0.46,2026-08-22,2012,N,VIIRS,n,2.0NRT,289.45,0.62,N
11.81559,77.91829,302.45,0.39,0.44,2026-08-22,2012,N,VIIRS,n,2.0NRT,280.35,1.22,N
8.20317,79.9137,338.28,0.55,0.68,2026-08-23,858,N,VIIRS,n,2.0NRT,282.14,9.28,D
8.60119,77.89647,336.19,0.41,0.6,2026-08-23,858,N,VIIRS,n,2.0NRT,297.6,3.94,D
9.11287,77.61896,331.28,0.39,0.6,2026-08-23,858,N,VIIRS,n,2.0NRT,297.74,1.9,D
9.30156,77.52041,337.02,0.39,0.59,2026-08-23,858,N,VIIRS,n,2.0NRT,298.79,2.15,D
9.33903,77.85733,333.04,0.41,0.61,2026-08-23,858,N,VIIRS,n,2.0NRT,296.88,3.16,D
9.40167,78.73985,338.39,0.47,0.64,2026-08-23,858,N,VIIRS,n,2.0NRT,292.39,4.17,D
9.75798,77.86183,333.4,0.42,0.61,2026-08-23,858,N,VIIRS,n,2.0NRT,290.13,4.86,D
11.1382,77.34947,295.69,0.43,0.62,2026-08-23,1951,N,VIIRS,n,2.0NRT,265.86,0.63,N
10.07071,77.25803,298.24,0.42,0.61,2026-08-23,1953,N,VIIRS,n,2.0NRT,276.35,1.65,N
10.0711,77.255,318.01,0.43,0.62,2026-08-23,1953,N,VIIRS,n,2.0NRT,277.2,1.65,N
10.07149,77.25207,301.66,0.43,0.62,2026-08-23,1953,N,VIIRS,n,2.0NRT,276.97,2.47,N
10.07236,77.25639,313.63,0.43,0.62,2026-08-23,1953,N,VIIRS,n,2.0NRT,276.72,1.63,N
10.07274,77.25336,313.23,0.43,0.62,2026-08-23,1953,N,VIIRS,n,2.0NRT,276.82,1.63,N
8.01957,80.31305,342.68,0.55,0.51,2026-08-24,839,N,VIIRS,n,2.0NRT,289.59,6.13,D
8.86698,78.08605,332.97,0.41,0.45,2026-08-24,839,N,VIIRS,n,2.0NRT,286.72,3.33,D
8.86875,78.15804,341.5,0.41,0.45,2026-08-24,839,N,VIIRS,n,2.0NRT,289.45,5.2,D
9.41015,80.39861,349.18,0.59,0.53,2026-08-24,839,N,VIIRS,n,2.0NRT,295.47,11.22,D
9.42267,80.38055,330.97,0.58,0.52,2026-08-24,839,N,VIIRS,n,2.0NRT,293.91,3.37,D
9.61047,80.29727,338.24,0.58,0.52,2026-08-24,839,N,VIIRS,n,2.0NRT,296.02,3.54,D
9.61269,80.30055,334.09,0.58,0.52,2026-08-24,839,N,VIIRS,n,2.0NRT,294.89,1.85,D
8.34802,80.2693,347.84,0.39,0.36,2026-08-15,807,N,VIIRS,n,2.0NRT,296.14,8.35,D
8.35009,80.26845,343.95,0.39,0.36,2026-08-15,807,N,VIIRS,n,2.0NRT,296.93,5.07,D
8.35063,80.27195,343.95,0.39,0.36,2026-08-15,807,N,VIIRS,n,2.0NRT,296.75,4.58,D
8.80854,80.32371,330.01,0.39,0.36,2026-08-15,807,N,VIIRS,n,2.0NRT,295.99,1.44,D
9.04828,80.18815,331.15,0.39,0.36,2026-08-15,807,N,VIIRS,n,2.0NRT,297.36,4.05,D
11.4172,79.66978,336.37,0.39,0.36,2026-08-15,807,N,VIIRS,n,2.0NRT,289.86,2.76,D
12.37895,76.98724,330.87,0.45,0.39,2026-08-15,807,N,VIIRS,n,2.0NRT,296.66,3.01,D
12.23028,79.20409,303.61,0.51,0.41,2026-08-15,2042,N,VIIRS,n,2.0NRT,280.63,0.65,N
12.28915,78.93369,299.95,0.49,0.4,2026-08-15,2042,N,VIIRS,n,2.0NRT,275.68,0.9,N
12.29187,78.93195,300.29,0.49,0.4,2026-08-15,2042,N,VIIRS,n,2.0NRT,275.58,0.84,N
13.15892,80.28419,338.12,0.57,0.43,2026-08-15,2042,N,VIIRS,n,2.0NRT,291.24,11.5,N
13.16287,80.28493,313.34,0.57,0.43,2026-08-15,2042,N,VIIRS,n,2.0NRT,290.47,5.01,N
9.33741,78.60825,304.15,0.52,0.41,2026-08-15,2044,N,VIIRS,n,2.0NRT,277.2,1.12,N
10.61674,77.42191,296.05,0.44,0.38,2026-08-15,2044,N,VIIRS,n,2.0NRT,272.09,0.44,N
10.62393,79.12068,300.22,0.53,0.42,2026-08-15,2044,N,VIIRS,n,2.0NRT,272.74,1.55,N
10.62608,79.11906,310.41,0.53,0.42,2026-08-15,2044,N,VIIRS,n,2.0NRT,272.97,1.41,N
10.92917,77.06458,302.5,0.42,0.38,2026-08-15,2044,N,VIIRS,n,2.0NRT,277.82,0.54,N
11.21336,77.89606,304.47,0.45,0.39,2026-08-15,2044,N,VIIRS,n,2.0NRT,274.78,0.91,N
11.80888,77.9234,309.59,0.45,0.39,2026-08-15,2044,N,VIIRS,n,2.0NRT,270.04,1.75,N
11.8096,77.92503,308.4,0.45,0.39,2026-08-15,2044,N,VIIRS,n,2.0NRT,269.92,0.81,N
11.81028,77.92094,296.33,0.45,0.39,2026-08-15,2044,N,VIIRS,n,2.0NRT,269.71,0.81,N
11.8396,78.97262,306.04,0.5,0.41,2026-08-15,2044,N,VIIRS,n,2.0NRT,280.59,0.92,N
12.09803,78.35358,295.31,0.46,0.39,2026-08-15,2044,N,VIIRS,n,2.0NRT,267.92,0.7,N
8.76996,78.10783,335.8,0.55,0.51,2026-08-16,750,N,VIIRS,n,2.0NRT,286.4,2.39,D
9.319,79.30539,337.47,0.45,0.47,2026-08-16,750,N,VIIRS,n,2.0NRT,272.45,4.67,D
9.3233,80.19555,333.77,0.39,0.44,2026-08-16,750,N,VIIRS,n,2.0NRT,290.77,3.18,D
9.45774,77.60921,339.95,0.58,0.52,2026-08-16,750,N,VIIRS,n,2.0NRT,297.11,5.97,D
9.45867,77.61446,342.14,0.58,0.52,2026-08-16,750,N,VIIRS,n,2.0NRT,296.88,5.97,D
9.6554,80.30992,355.1,0.38,0.43,2026-08-16,750,N,VIIRS,n,2.0NRT,292.62,9.63,D
9.85071,77.88331,332.78,0.55,0.51,2026-08-16,750,N,VIIRS,n,2.0NRT,297.59,1.3,D
9.85307,77.88065,335.86,0.55,0.51,2026-08-16,750,N,VIIRS,n,2.0NRT,297.51,1.64,D
10.20671,78.83601,333.99,0.47,0.47,2026-08-16,750,N,VIIRS,n,2.0NRT,298.64,3.96,D
10.53129,79.73779,332.24,0.4,0.44,2026-08-16,750,N,VIIRS,n,2.0NRT,299.65,2.77,D
10.8337,79.31152,342.14,0.42,0.46,2026-08-16,750,N,VIIRS,n,2.0NRT,300.7,4.59,D
10.85651,79.07156,335.25,0.44,0.46,2026-08-16,750,N,VIIRS,n,2.0NRT,301.56,6.22,D
10.92125,78.4465,333.11,0.48,0.48,2026-08-16,750,N,VIIRS,n,2.0NRT,300.93,3.75,D
10.95975,78.94122,336.56,0.45,0.47,2026-08-16,750,N,VIIRS,n,2.0NRT,298.68,2.66,D
11.08317,79.47999,338.97,0.41,0.45,2026-08-16,750,N,VIIRS,n,2.0NRT,293.66,4.53,D
11.40386,79.70392,332.63,0.39,0.44,2026-08-16,750,N,VIIRS,n,2.0NRT,299.83,2.19,D
11.46932,79.35802,332.09,0.41,0.45,2026-08-16,750,N,VIIRS,n,2.0NRT,299.45,2.64,D
11.92912,79.67993,340.8,0.39,0.44,2026-08-16,750,N,VIIRS,n,2.0NRT,298.78,4.37,D
11.94788,79.04879,336.96,0.42,0.45,2026-08-16,750,N,VIIRS,n,2.0NRT,299.72,4.56,D
12.03929,79.50043,339.7,0.4,0.44,2026-08-16,750,N,VIIRS,n,2.0NRT,300.91,3.09,D
12.21654,79.85169,337.97,0.56,0.43,2026-08-16,750,N,VIIRS,n,2.0NRT,299.27,3.2,D
12.32878,78.75077,349.65,0.44,0.46,2026-08-16,750,N,VIIRS,n,2.0NRT,303.03,15.33,D
12.3682,78.99841,335.85,0.42,0.45,2026-08-16,750,N,VIIRS,n,2.0NRT,301.54,6.01,D
12.43197,79.43339,339.44,0.39,0.44,2026-08-16,750,N,VIIRS,n,2.0NRT,299.32,3.07,D
12.61864,80.07019,331.42,0.54,0.42,2026-08-16,750,N,VIIRS,l,2.0NRT,301.49,3.24,D
9.55242,80.3984,307.71,0.39,0.36,2026-08-16,2023,N,VIIRS,n,2.0NRT,291.82,2.52,N
10.35551,77.15921,298.6,0.43,0.38,2026-08-16,2023,N,VIIRS,n,2.0NRT,279.64,0.65,N
10.35654,77.1524,312.75,0.43,0.38,2026-08-16,2023,N,VIIRS,n,2.0NRT,278.28,0.97,N
10.35705,77.14909,300.2,0.43,0.38,2026-08-16,2023,N,VIIRS,n,2.0NRT,277.8,0.97,N
10.36002,77.15292,305.9,0.43,0.38,2026-08-16,2023,N,VIIRS,n,2.0NRT,278.2,0.97,N
10.36054,77.14954,307.66,0.43,0.38,2026-08-16,2023,N,VIIRS,n,2.0NRT,278.32,0.97,N
11.00697,78.65388,301.05,0.39,0.36,2026-08-16,2023,N,VIIRS,n,2.0NRT,275.21,0.34,N
11.17648,79.08794,299.38,0.39,0.36,2026-08-16,2023,N,VIIRS,n,2.0NRT,272.57,0.41,N
11.81462,77.91779,306.86,0.41,0.37,2026-08-16,2023,N,VIIRS,n,2.0NRT,284.95,1.68,N
9.42494,77.81399,332.66,0.58,0.7,2026-08-17,729,N,VIIRS,n,2.0NRT,287.59,5.99,D
9.75891,78.5976,337.94,0.51,0.66,2026-08-17,729,N,VIIRS,n,2.0NRT,290.03,6.91,D
9.75952,78.60124,343.8,0.51,0.66,2026-08-17,729,N,VIIRS,n,2.0NRT,290.07,8.81,D
9.88751,77.86655,338.98,0.69,0.74,2026-08-17,909,N,VIIRS,n,2.0NRT,289.24,7.76,D
9.88916,77.87049,337.09,0.69,0.74,2026-08-17,909,N,VIIRS,n,2.0NRT,288.9,3.89,D
8.67061,77.99346,308.12,0.44,0.46,2026-08-17,2006,N,VIIRS,n,2.0NRT,292.31,1.29,N
10.35866,77.14888,302.98,0.53,0.5,2026-08-17,2006,N,VIIRS,n,2.0NRT,287.41,0.99,N
10.36136,77.14999,309.71,0.53,0.5,2026-08-17,2006,N,VIIRS,n,2.0NRT,288.08,1.65,N
10.36181,77.14661,304.57,0.53,0.5,2026-08-17,2006,N,VIIRS,n,2.0NRT,287.55,1.65,N
10.36333,77.14931,310.09,0.53,0.5,2026-08-17,2006,N,VIIRS,n,2.0NRT,288.41,0.99,N
10.91686,78.14649,306.58,0.46,0.47,2026-08-17,2006,N,VIIRS,n,2.0NRT,289.32,1.49,N
10.92123,78.14713,310.07,0.46,0.47,2026-08-17,2006,N,VIIRS,n,2.0NRT,290.63,1.49,N
8.61775,77.96022,334.7,0.32,0.55,2026-08-18,852,N,VIIRS,n,2.0NRT,300.56,1.25,D
8.88123,77.79373,331.3,0.63,0.54,2026-08-18,852,N,VIIRS,n,2.0NRT,299.67,2.78,D
8.9135,77.99487,340.4,0.33,0.55,2026-08-18,852,N,VIIRS,n,2.0NRT,301.01,2.98,D
8.91391,77.99789,341.03,0.33,0.55,2026-08-18,852,N,VIIRS,n,2.0NRT,301.42,4.37,D
8.91704,80.38799,332.03,0.47,0.64,2026-08-18,852,N,VIIRS,n,2.0NRT,292.31,2.73,D
8.92865,77.50169,342.66,0.6,0.53,2026-08-18,852,N,VIIRS,n,2.0NRT,296.3,9.79,D
8.92939,77.50723,341.8,0.6,0.53,2026-08-18,852,N,VIIRS,n,2.0NRT,296.25,13.39,D
8.96803,78.03201,342.35,0.33,0.55,2026-08-18,852,N,VIIRS,n,2.0NRT,302.05,6.52,D
8.99168,77.85832,335.44,0.32,0.55,2026-08-18,852,N,VIIRS,n,2.0NRT,301.12,0.67,D
9.02396,78.0217,339.33,0.33,0.55,2026-08-18,852,N,VIIRS,n,2.0NRT,301.52,5.37,D
9.06209,80.29271,333.93,0.47,0.64,2026-08-18,852,N,VIIRS,n,2.0NRT,291.04,3.01,D
9.08152,78.16898,337.52,0.34,0.56,2026-08-18,852,N,VIIRS,n,2.0NRT,299.57,0.54,D
9.31592,77.47726,344.24,0.61,0.53,2026-08-18,852,N,VIIRS,n,2.0NRT,301.44,13.56,D
9.31616,78.82542,347.61,0.38,0.58,2026-08-18,852,N,VIIRS,n,2.0NRT,296.54,2.23,D
9.31747,77.48039,343.13,0.61,0.53,2026-08-18,852,N,VIIRS,n,2.0NRT,300.83,13.78,D
9.32526,77.54498,331.97,0.61,0.54,2026-08-18,852,N,VIIRS,n,2.0NRT,300.07,2.5,D
9.32631,77.54832,337.57,0.62,0.54,2026-08-18,852,N,VIIRS,n,2.0NRT,300.39,3.32,D
9.3803,77.76629,347.32,0.32,0.54,2026-08-18,852,N,VIIRS,n,2.0NRT,303.89,7.4,D
9.57292,78.26406,340.68,0.35,0.56,2026-08-18,852,N,VIIRS,n,2.0NRT,301.01,1.93,D
9.97656,77.62728,344.36,0.32,0.54,2026-08-18,852,N,VIIRS,n,2.0NRT,296.89,2.57,D
9.97747,77.62643,333.17,0.64,0.54,2026-08-18,852,N,VIIRS,n,2.0NRT,296.86,1.96,D
9.98813,77.85934,333.85,0.33,0.55,2026-08-18,852,N,VIIRS,n,2.0NRT,299.78,1.89,D
10.01453,77.60332,335.04,0.63,0.54,2026-08-18,852,N,VIIRS,n,2.0NRT,296.38,3.89,D
10.02321,79.23365,330.52,0.41,0.61,2026-08-18,852,N,VIIRS,n,2.0NRT,289.62,2.57,D
10.08387,77.69878,342.31,0.32,0.55,2026-08-18,852,N,VIIRS,n,2.0NRT,295.81,2.46,D
10.08427,77.70177,367.0,0.32,0.55,2026-08-18,852,N,VIIRS,h,2.0NRT,295.49,5.9,D
10.08683,77.69904,354.14,0.32,0.55,2026-08-18,852,N,VIIRS,n,2.0NRT,294.99,4.08,D
10.08721,77.70203,347.07,0.32,0.55,2026-08-18,852,N,VIIRS,n,2.0NRT,294.59,4.08,D
10.58747,78.2113,332.8,0.36,0.57,2026-08-18,852,N,VIIRS,n,2.0NRT,298.46,2.74,D
10.90674,78.5377,342.06,0.38,0.59,2026-08-18,852,N,VIIRS,n,2.0NRT,292.74,2.85,D
11.14147,78.58251,367.0,0.38,0.59,2026-08-18,852,N,VIIRS,h,2.0NRT,290.57,5.09,D
11.14221,78.58167,367.0,0.38,0.59,2026-08-18,852,N,VIIRS,h,2.0NRT,291.46,9.24,D
11.14694,78.58183,334.73,0.38,0.59,2026-08-18,852,N,VIIRS,n,2.0NRT,289.91,5.09,D
11.66187,78.67394,353.32,0.4,0.6,2026-08-18,852,N,VIIRS,n,2.0NRT,288.24,25.85,D
11.66242,78.67835,367.0,0.4,0.6,2026-08-18,852,N,VIIRS,h,2.0NRT,295.2,25.85,D
11.66789,78.67705,356.8,0.4,0.6,2026-08-18,852,N,VIIRS,l,2.0NRT,286.88,25.85,D
11.70585,78.76863,334.85,0.4,0.6,2026-08-18,852,N,VIIRS,n,2.0NRT,287.81,3.09,D
11.70775,78.76962,340.29,0.4,0.6,2026-08-18,852,N,VIIRS,n,2.0NRT,288.77,5.77,D
11.72489,78.6914,350.81,0.4,0.6,2026-08-18,852,N,VIIRS,n,2.0NRT,283.05,9.96,D
10.48666,79.32134,317.51,0.4,0.6,2026-08-18,1947,N,VIIRS,n,2.0NRT,287.78,1.88,N
10.48713,79.31767,311.88,0.4,0.6,2026-08-18,1947,N,VIIRS,n,2.0NRT,287.65,2.41,N
9.31313,77.44205,313.02,0.51,0.66,2026-08-18,1949,N,VIIRS,n,2.0NRT,288.76,1.7,N
8.41088,80.18614,334.15,0.43,0.46,2026-08-19,833,N,VIIRS,n,2.0NRT,295.23,4.33,D
8.47491,80.3939,334.07,0.45,0.47,2026-08-19,833,N,VIIRS,n,2.0NRT,296.32,5.73,D
8.47922,80.3933,341.14,0.45,0.47,2026-08-19,833,N,VIIRS,n,2.0NRT,295.83,5.73,D
8.60867,77.97512,338.07,0.48,0.4,2026-08-19,835,N,VIIRS,n,2.0NRT,301.3,4.86,D
8.63544,78.02991,333.63,0.49,0.4,2026-08-19,835,N,VIIRS,n,2.0NRT,299.02,3.21,D
8.64296,77.89849,349.3,0.48,0.4,2026-08-19,835,N,VIIRS,n,2.0NRT,303.38,8.57,D
8.64359,77.90287,342.47,0.48,0.4,2026-08-19,835,N,VIIRS,n,2.0NRT,303.55,12.23,D
8.71568,77.94273,351.14,0.48,0.4,2026-08-19,835,N,VIIRS,n,2.0NRT,305.18,5.73,D
8.71631,77.94712,343.37,0.48,0.4,2026-08-19,835,N,VIIRS,n,2.0NRT,306.07,10.01,D
8.71938,77.94218,345.04,0.48,0.4,2026-08-19,835,N,VIIRS,n,2.0NRT,305.13,5.73,D
8.74087,77.59978,336.15,0.46,0.39,2026-08-19,835,N,VIIRS,n,2.0NRT,302.15,5.47,D
8.80154,80.3954,345.86,0.45,0.47,2026-08-19,835,N,VIIRS,n,2.0NRT,297.36,10.19,D
8.83535,77.7394,337.15,0.47,0.4,2026-08-19,835,N,VIIRS,n,2.0NRT,302.31,3.06,D
8.89859,77.86332,350.18,0.48,0.4,2026-08-19,835,N,VIIRS,n,2.0NRT,302.22,9.44,D
8.89924,77.86769,340.38,0.48,0.4,2026-08-19,835,N,VIIRS,n,2.0NRT,301.81,7.97,D
8.8998,77.85522,341.75,0.48,0.4,2026-08-19,835,N,VIIRS,n,2.0NRT,304.64,7.59,D
8.90038,77.80621,349.37,0.48,0.4,2026-08-19,835,N,VIIRS,n,2.0NRT,303.92,8.58,D
8.90042,77.8596,351.01,0.48,0.4,2026-08-19,835,N,VIIRS,n,2.0NRT,304.5,6.75,D
8.90104,77.86399,348.91,0.48,0.4,2026-08-19,835,N,VIIRS,n,2.0NRT,303.75,6.75,D
8.9035,77.85469,348.35,0.48,0.4,2026-08-19,835,N,VIIRS,n,2.0NRT,304.9,15.94,D
8.90407,77.80566,349.6,0.48,0.4,2026-08-19,835,N,VIIRS,n,2.0NRT,303.82,7.93,D
8.90412,77.85908,356.97,0.48,0.4,2026-08-19,835,N,VIIRS,l,2.0NRT,305.53,9.84,D
8.90469,77.81,354.05,0.48,0.4,2026-08-19,835,N,VIIRS,n,2.0NRT,304.26,7.93,D
8.90474,77.86346,341.44,0.48,0.4,2026-08-19,835,N,VIIRS,n,2.0NRT,305.68,9.84,D
8.90883,77.7077,336.15,0.47,0.4,2026-08-19,835,N,VIIRS,n,2.0NRT,303.21,2.39,D
8.91504,78.00077,342.35,0.49,0.4,2026-08-19,835,N,VIIRS,n,2.0NRT,304.47,11.0,D
8.97893,77.73409,343.11,0.47,0.4,2026-08-19,835,N,VIIRS,n,2.0NRT,303.8,6.63,D
9.03106,77.75757,345.88,0.48,0.4,2026-08-19,835,N,VIIRS,n,2.0NRT,306.08,9.32,D
9.03169,77.76192,344.0,0.48,0.4,2026-08-19,835,N,VIIRS,n,2.0NRT,305.97,11.65,D
9.03474,77.75704,350.59,0.48,0.4,2026-08-19,835,N,VIIRS,n,2.0NRT,305.75,11.46,D
9.03537,77.76139,345.75,0.48,0.4,2026-08-19,835,N,VIIRS,n,2.0NRT,305.95,9.87,D
9.13059,77.62038,339.34,0.47,0.4,2026-08-19,835,N,VIIRS,n,2.0NRT,298.57,2.56,D
9.36352,78.6637,341.86,0.54,0.42,2026-08-19,835,N,VIIRS,n,2.0NRT,300.46,4.18,D
9.38257,78.68613,338.68,0.54,0.42,2026-08-19,835,N,VIIRS,n,2.0NRT,300.46,6.44,D
9.42854,80.37435,344.88,0.46,0.47,2026-08-19,835,N,VIIRS,n,2.0NRT,295.23,5.7,D
9.45543,78.69313,337.51,0.54,0.42,2026-08-19,835,N,VIIRS,n,2.0NRT,299.76,5.02,D
9.51772,78.22963,337.42,0.51,0.41,2026-08-19,835,N,VIIRS,n,2.0NRT,298.46,2.82,D
9.52153,78.22908,341.77,0.51,0.41,2026-08-19,835,N,VIIRS,n,2.0NRT,297.44,2.82,D
9.52219,78.23375,336.27,0.51,0.41,2026-08-19,835,N,VIIRS,n,2.0NRT,297.65,2.82,D
9.52467,78.22387,342.78,0.51,0.41,2026-08-19,835,N,VIIRS,n,2.0NRT,298.01,5.7,D
9.57684,78.31702,340.72,0.52,0.41,2026-08-19,835,N,VIIRS,n,2.0NRT,301.62,10.51,D
9.78078,80.23373,336.93,0.45,0.47,2026-08-19,835,N,VIIRS,n,2.0NRT,294.03,4.99,D
10.03752,78.66753,330.97,0.55,0.43,2026-08-19,835,N,VIIRS,n,2.0NRT,295.48,2.84,D
10.75007,78.63698,339.53,0.56,0.43,2026-08-19,835,N,VIIRS,n,2.0NRT,301.41,9.85,D
10.93714,78.49078,341.28,0.55,0.43,2026-08-19,835,N,VIIRS,n,2.0NRT,300.71,8.01,D
10.95679,78.40086,335.84,0.54,0.42,2026-08-19,835,N,VIIRS,n,2.0NRT,300.64,6.15,D
11.14616,76.89647,336.2,0.46,0.39,2026-08-19,835,N,VIIRS,n,2.0NRT,294.92,4.96,D
11.14976,76.89596,331.53,0.46,0.39,2026-08-19,835,N,VIIRS,n,2.0NRT,297.02,4.96,D
8.73686,77.60081,337.37,0.39,0.59,2026-08-19,2108,N,VIIRS,n,2.0NRT,290.24,7.27,N
8.73753,77.59727,329.03,0.39,0.59,2026-08-19,2108,N,VIIRS,n,2.0NRT,289.86,7.6,N
8.74163,77.60539,307.47,0.39,0.59,2026-08-19,2108,N,VIIRS,n,2.0NRT,289.76,9.46,N
8.7423,77.60185,355.88,0.39,0.59,2026-08-19,2108,N,VIIRS,n,2.0NRT,292.11,9.46,N
8.74296,77.59831,367.0,0.39,0.59,2026-08-19,2108,N,VIIRS,h,2.0NRT,291.41,21.46,N
8.28735,80.1686,334.38,0.42,0.38,2026-08-10,801,N,VIIRS,n,2.0NRT,298.45,5.09,D
8.66499,77.87334,340.85,0.54,0.42,2026-08-10,801,N,VIIRS,n,2.0NRT,301.71,6.53,D
8.67884,80.29721,335.32,0.42,0.37,2026-08-10,801,N,VIIRS,n,2.0NRT,297.9,2.98,D
8.74038,77.72398,332.77,0.55,0.43,2026-08-10,801,N,VIIRS,n,2.0NRT,301.52,2.94,D
9.11507,77.54341,346.35,0.55,0.43,2026-08-10,801,N,VIIRS,n,2.0NRT,301.99,5.08,D
9.42565,78.80767,336.8,0.47,0.4,2026-08-10,801,N,VIIRS,l,2.0NRT,299.57,8.7,D
9.53488,78.5205,330.49,0.48,0.4,2026-08-10,801,N,VIIRS,l,2.0NRT,300.86,2.49,D
9.65751,78.09645,338.99,0.51,0.41,2026-08-10,801,N,VIIRS,n,2.0NRT,304.84,4.57,D
9.65848,78.09887,336.36,0.51,0.41,2026-08-10,801,N,VIIRS,n,2.0NRT,304.93,5.64,D
9.67706,77.40768,353.93,0.55,0.43,2026-08-10,801,N,VIIRS,n,2.0NRT,300.22,27.78,D
9.70958,77.59943,339.29,0.54,0.42,2026-08-10,801,N,VIIRS,n,2.0NRT,295.83,6.59,D
9.90223,78.1714,335.02,0.5,0.41,2026-08-10,801,N,VIIRS,n,2.0NRT,302.49,2.8,D
10.007,78.03323,355.73,0.51,0.41,2026-08-10,801,N,VIIRS,n,2.0NRT,303.39,19.23,D
10.40051,79.41708,346.89,0.43,0.38,2026-08-10,801,N,VIIRS,n,2.0NRT,298.99,8.13,D
11.73288,79.25768,339.42,0.43,0.38,2026-08-10,801,N,VIIRS,n,2.0NRT,303.89,6.56,D
12.09698,79.78356,346.95,0.41,0.37,2026-08-10,801,N,VIIRS,n,2.0NRT,296.78,8.28,D
12.56739,76.95238,341.37,0.54,0.42,2026-08-10,801,N,VIIRS,n,2.0NRT,296.74,6.39,D
8.29562,80.34652,320.93,0.54,0.42,2026-08-10,2038,N,VIIRS,n,2.0NRT,291.09,2.86,N
8.69899,78.05886,316.48,0.42,0.38,2026-08-10,2038,N,VIIRS,n,2.0NRT,293.48,1.16,N
9.20653,77.49845,310.68,0.4,0.37,2026-08-10,2038,N,VIIRS,n,2.0NRT,293.23,1.56,N
9.28078,77.39169,329.87,0.4,0.37,2026-08-10,2038,N,VIIRS,n,2.0NRT,291.78,2.94,N
9.52627,77.44958,320.1,0.4,0.37,2026-08-10,2038,N,VIIRS,n,2.0NRT,292.59,3.14,N
9.52684,77.44609,315.95,0.4,0.37,2026-08-10,2038,N,VIIRS,n,2.0NRT,293.58,3.14,N
9.52966,77.44995,337.96,0.4,0.37,2026-08-10,2038,N,VIIRS,n,2.0NRT,293.68,3.14,N
9.53022,77.44653,342.64,0.4,0.37,2026-08-10,2038,N,VIIRS,n,2.0NRT,294.87,3.14,N
9.70315,77.58917,344.88,0.4,0.37,2026-08-10,2038,N,VIIRS,n,2.0NRT,294.0,6.37,N
9.70653,77.58966,309.63,0.4,0.37,2026-08-10,2038,N,VIIRS,n,2.0NRT,292.62,1.61,N
9.71671,77.59083,305.73,0.4,0.37,2026-08-10,2038,N,VIIRS,n,2.0NRT,290.88,1.08,N
9.72326,77.61427,303.75,0.4,0.37,2026-08-10,2038,N,VIIRS,n,2.0NRT,290.64,0.32,N
9.89699,77.68813,321.31,0.4,0.37,2026-08-10,2038,N,VIIRS,n,2.0NRT,290.67,2.01,N
9.90036,77.68868,330.49,0.4,0.37,2026-08-10,2038,N,VIIRS,n,2.0NRT,290.67,2.83,N
9.16179,77.91492,341.92,0.36,0.57,2026-08-11,741,N,VIIRS,n,2.0NRT,272.28,3.53,D
10.83465,78.6193,340.31,0.6,0.53,2026-08-11,744,N,VIIRS,n,2.0NRT,288.36,11.21,D
10.93295,78.50113,335.0,0.6,0.53,2026-08-11,744,N,VIIRS,n,2.0NRT,295.8,2.47,D
10.93614,78.50137,334.18,0.61,0.53,2026-08-11,744,N,VIIRS,n,2.0NRT,295.06,7.51,D
11.65238,79.1266,341.69,0.53,0.5,2026-08-11,744,N,VIIRS,n,2.0NRT,291.4,9.66,D
12.29835,78.21772,331.88,0.6,0.53,2026-08-11,744,N,VIIRS,n,2.0NRT,295.98,3.83,D
13.35804,80.23712,330.27,0.42,0.46,2026-08-11,744,N,VIIRS,n,2.0NRT,298.49,4.38,D
13.36924,80.1537,333.26,0.43,0.46,2026-08-11,744,N,VIIRS,n,2.0NRT,296.81,1.87,D
13.46839,79.86543,330.21,0.45,0.47,2026-08-11,744,N,VIIRS,n,2.0NRT,297.42,5.22,D
9.52184,77.45166,305.29,0.48,0.4,2026-08-11,2017,N,VIIRS,n,2.0NRT,290.26,0.75,N
9.53687,77.45146,318.31,0.48,0.4,2026-08-11,2017,N,VIIRS,n,2.0NRT,290.55,3.07,N
10.61676,77.42188,305.01,0.49,0.4,2026-08-11,2017,N,VIIRS,n,2.0NRT,291.08,0.72,N
10.93105,77.06483,305.29,0.52,0.41,2026-08-11,2017,N,VIIRS,n,2.0NRT,281.43,1.31,N
12.74482,77.6194,297.44,0.51,0.41,2026-08-11,2019,N,VIIRS,n,2.0NRT,278.88,0.42,N
13.39368,80.10179,304.89,0.41,0.37,2026-08-11,2019,N,VIIRS,n,2.0NRT,284.2,1.0,N
8.72599,77.55264,335.39,0.5,0.65,2026-08-12,905,N,VIIRS,n,2.0NRT,282.5,4.2,D
8.72601,77.55209,336.48,0.5,0.65,2026-08-12,905,N,VIIRS,n,2.0NRT,282.7,5.69,D
8.89707,77.86404,335.18,0.52,0.67,2026-08-12,905,N,VIIRS,n,2.0NRT,292.34,7.0,D
8.9007,77.85759,353.63,0.52,0.67,2026-08-12,905,N,VIIRS,n,2.0NRT,292.7,7.56,D
8.90267,77.85844,353.95,0.52,0.67,2026-08-12,905,N,VIIRS,n,2.0NRT,292.49,8.51,D
9.03714,77.75275,343.0,0.52,0.67,2026-08-12,905,N,VIIRS,n,2.0NRT,290.36,3.41,D
9.07997,77.74262,336.58,0.52,0.66,2026-08-12,905,N,VIIRS,n,2.0NRT,291.71,1.53,D
9.08511,77.74313,336.57,0.52,0.67,2026-08-12,905,N,VIIRS,n,2.0NRT,291.66,3.19,D
9.39539,78.73707,344.08,0.61,0.71,2026-08-12,905,N,VIIRS,n,2.0NRT,289.38,4.63,D
9.39776,78.73965,354.56,0.61,0.71,2026-08-12,905,N,VIIRS,n,2.0NRT,289.32,12.13,D
9.40201,78.73626,338.73,0.61,0.71,2026-08-12,905,N,VIIRS,n,2.0NRT,289.02,4.63,D
10.92167,78.51196,310.24,0.56,0.51,2026-08-12,2000,N,VIIRS,n,2.0NRT,278.06,1.22,N
10.94375,76.38715,297.97,0.39,0.59,2026-08-12,2000,N,VIIRS,n,2.0NRT,271.91,0.45,N
10.94384,76.3857,301.34,0.39,0.59,2026-08-12,2000,N,VIIRS,n,2.0NRT,271.92,0.58,N
8.38041,80.17516,330.13,0.35,0.57,2026-08-13,845,N,VIIRS,n,2.0NRT,291.27,1.57,D
8.50201,80.25056,346.28,0.36,0.57,2026-08-13,845,N,VIIRS,n,2.0NRT,291.65,8.17,D
8.50331,80.26043,330.37,0.36,0.57,2026-08-13,845,N,VIIRS,n,2.0NRT,290.69,3.89,D
8.76691,77.69192,337.11,0.48,0.48,2026-08-13,845,N,VIIRS,n,2.0NRT,296.64,2.92,D
8.96516,80.32503,333.72,0.37,0.58,2026-08-13,845,N,VIIRS,n,2.0NRT,290.98,3.03,D
9.47122,78.82121,336.94,0.59,0.53,2026-08-13,845,N,VIIRS,n,2.0NRT,289.42,4.56,D
9.67933,78.15241,343.29,0.54,0.5,2026-08-13,845,N,VIIRS,n,2.0NRT,298.39,7.88,D
10.16619,78.93098,335.29,0.61,0.54,2026-08-13,845,N,VIIRS,n,2.0NRT,293.51,5.27,D
10.77735,79.65633,351.27,0.35,0.57,2026-08-13,845,N,VIIRS,n,2.0NRT,292.13,5.45,D
11.04338,78.72183,330.37,0.61,0.53,2026-08-13,845,N,VIIRS,n,2.0NRT,294.1,2.94,D
11.54044,79.12389,339.14,0.33,0.55,2026-08-13,845,N,VIIRS,n,2.0NRT,278.6,2.58,D
8.69729,77.84816,337.29,0.41,0.37,2026-08-14,826,N,VIIRS,n,2.0NRT,299.86,1.51,D
8.76233,77.79604,339.05,0.41,0.37,2026-08-14,826,N,VIIRS,n,2.0NRT,301.72,2.81,D
9.0321,80.0744,338.55,0.52,0.42,2026-08-14,826,N,VIIRS,n,2.0NRT,296.03,7.09,D
9.31116,80.1535,342.32,0.53,0.42,2026-08-14,826,N,VIIRS,n,2.0NRT,296.78,5.96,D
9.41698,77.81709,344.56,0.42,0.37,2026-08-14,826,N,VIIRS,n,2.0NRT,300.93,14.1,D
9.49049,78.61933,342.11,0.45,0.39,2026-08-14,826,N,VIIRS,n,2.0NRT,301.52,6.35,D
9.57608,78.31172,335.35,0.43,0.38,2026-08-14,826,N,VIIRS,n,2.0NRT,300.96,4.92,D
9.57666,78.31569,336.05,0.43,0.38,2026-08-14,826,N,VIIRS,n,2.0NRT,300.88,5.44,D
9.94017,78.72459,338.41,0.46,0.39,2026-08-14,828,N,VIIRS,n,2.0NRT,298.15,3.47,D
9.94318,78.71989,337.56,0.46,0.39,2026-08-14,828,N,VIIRS,n,2.0NRT,298.43,3.47,D
9.94619,78.71519,344.65,0.46,0.39,2026-08-14,828,N,VIIRS,n,2.0NRT,298.15,4.78,D
10.15349,78.50438,335.53,0.45,0.39,2026-08-14,828,N,VIIRS,n,2.0NRT,298.72,3.96,D
10.16352,78.93459,335.38,0.47,0.4,2026-08-14,828,N,VIIRS,n,2.0NRT,300.67,3.95,D
10.6441,79.07843,342.53,0.48,0.4,2026-08-14,828,N,VIIRS,n,2.0NRT,291.63,5.06,D
10.79085,77.71056,334.83,0.42,0.38,2026-08-14,828,N,VIIRS,n,2.0NRT,293.83,0.61,D
11.10117,78.03844,330.35,0.44,0.38,2026-08-14,828,N,VIIRS,n,2.0NRT,288.39,1.67,D
12.34427,76.94675,332.13,0.41,0.37,2026-08-14,828,N,VIIRS,n,2.0NRT,290.9,2.02,D
12.92848,80.18225,340.81,0.39,0.44,2026-08-14,828,N,VIIRS,n,2.0NRT,293.11,3.63,D
13.13813,79.96019,341.06,0.39,0.44,2026-08-14,828,N,VIIRS,n,2.0NRT,290.79,4.8,D
10.70914,79.85674,295.3,0.4,0.6,2026-08-14,2101,N,VIIRS,n,2.0NRT,283.98,4.8,N
8.89853,79.95344,332.44,0.5,0.41,2026-08-05,756,N,VIIRS,n,2.0NRT,292.79,2.36,D
9.11885,77.59209,351.96,0.46,0.47,2026-08-05,756,N,VIIRS,n,2.0NRT,296.13,11.22,D
9.47616,78.53864,335.0,0.39,0.44,2026-08-05,756,N,VIIRS,n,2.0NRT,299.74,4.1,D
9.49282,78.58743,338.87,0.39,0.44,2026-08-05,756,N,VIIRS,n,2.0NRT,298.53,2.54,D
9.56233,77.6048,340.82,0.45,0.47,2026-08-05,756,N,VIIRS,n,2.0NRT,295.38,3.81,D
9.62131,78.80132,347.9,0.57,0.43,2026-08-05,756,N,VIIRS,n,2.0NRT,302.4,12.57,D
9.62481,78.86961,338.14,0.56,0.43,2026-08-05,756,N,VIIRS,n,2.0NRT,299.51,3.43,D
9.7414,78.95979,331.18,0.55,0.43,2026-08-05,756,N,VIIRS,n,2.0NRT,297.62,1.9,D
9.76804,78.0972,337.65,0.42,0.45,2026-08-05,756,N,VIIRS,n,2.0NRT,298.47,2.63,D
9.87739,78.25546,330.53,0.41,0.45,2026-08-05,756,N,VIIRS,n,2.0NRT,292.01,4.92,D
9.88149,78.25475,333.28,0.41,0.45,2026-08-05,756,N,VIIRS,n,2.0NRT,290.72,5.39,D
9.96715,78.24461,347.06,0.4,0.45,2026-08-05,756,N,VIIRS,n,2.0NRT,285.67,4.27,D
10.0521,77.96274,331.0,0.42,0.45,2026-08-05,756,N,VIIRS,n,2.0NRT,292.12,3.78,D
10.10864,78.09402,341.61,0.41,0.45,2026-08-05,756,N,VIIRS,n,2.0NRT,289.35,3.84,D
10.21352,77.844,333.73,0.42,0.46,2026-08-05,756,N,VIIRS,n,2.0NRT,296.16,4.9,D
9.89198,78.10873,310.02,0.38,0.36,2026-08-05,2029,N,VIIRS,n,2.0NRT,286.71,0.85,N
11.18289,79.10062,301.17,0.39,0.36,2026-08-05,2029,N,VIIRS,n,2.0NRT,279.29,0.72,N
11.77638,78.05933,315.9,0.38,0.36,2026-08-05,2029,N,VIIRS,n,2.0NRT,288.74,2.18,N
12.60402,77.88007,300.19,0.39,0.36,2026-08-05,2029,N,VIIRS,n,2.0NRT,281.33,0.7,N
8.86704,78.12225,306.96,0.39,0.36,2026-08-05,2032,N,VIIRS,n,2.0NRT,290.65,2.03,N
9.46912,78.57309,305.76,0.39,0.36,2026-08-05,2032,N,VIIRS,n,2.0NRT,288.35,0.87,N
9.47245,78.57364,305.05,0.39,0.36,2026-08-05,2032,N,VIIRS,n,2.0NRT,288.48,0.8,N
8.82624,80.33823,345.51,0.63,0.54,2026-08-06,735,N,VIIRS,n,2.0NRT,283.04,10.46,D
8.75627,78.18294,351.99,0.43,0.62,2026-08-07,858,N,VIIRS,n,2.0NRT,275.14,5.28,D
8.76202,78.18221,335.65,0.43,0.62,2026-08-07,858,N,VIIRS,n,2.0NRT,274.04,5.28,D
9.75537,77.6293,367.0,0.39,0.44,2026-08-08,839,N,VIIRS,h,2.0NRT,295.44,10.98,D
9.77946,77.68204,333.54,0.4,0.44,2026-08-08,839,N,VIIRS,n,2.0NRT,296.72,2.63,D
9.75953,77.62386,309.37,0.48,0.65,2026-08-08,2114,N,VIIRS,n,2.0NRT,261.47,0.89,N
8.2831,80.20823,347.16,0.44,0.38,2026-08-09,820,N,VIIRS,n,2.0NRT,291.85,8.29,D
8.67597,80.36073,339.48,0.45,0.39,2026-08-09,820,N,VIIRS,n,2.0NRT,287.28,3.28,D
8.67835,80.37698,335.78,0.45,0.39,2026-08-09,820,N,VIIRS,n,2.0NRT,283.81,5.08,D
8.71225,80.35955,339.92,0.45,0.39,2026-08-09,820,N,VIIRS,n,2.0NRT,292.38,6.61,D
8.71466,80.3596,331.0,0.45,0.39,2026-08-09,820,N,VIIRS,n,2.0NRT,291.55,2.51,D
8.89835,78.04342,335.75,0.39,0.36,2026-08-09,820,N,VIIRS,n,2.0NRT,298.13,1.95,D
8.90778,77.70798,331.91,0.38,0.36,2026-08-09,820,N,VIIRS,n,2.0NRT,300.39,1.5,D
9.23388,78.68824,333.0,0.4,0.37,2026-08-09,820,N,VIIRS,n,2.0NRT,298.5,2.14,D
9.23726,78.68773,340.37,0.4,0.37,2026-08-09,820,N,VIIRS,n,2.0NRT,299.91,2.14,D
9.25581,78.76631,338.32,0.4,0.37,2026-08-09,820,N,VIIRS,n,2.0NRT,297.49,2.38,D
9.25919,78.76579,331.52,0.4,0.37,2026-08-09,820,N,VIIRS,n,2.0NRT,296.74,1.43,D
9.27793,79.12687,335.7,0.41,0.37,2026-08-09,820,N,VIIRS,n,2.0NRT,300.72,6.85,D
9.30707,78.76228,334.15,0.4,0.37,2026-08-09,820,N,VIIRS,n,2.0NRT,300.15,1.64,D
9.40249,77.86951,344.04,0.39,0.36,2026-08-09,820,N,VIIRS,n,2.0NRT,307.92,8.77,D
9.50695,78.22846,338.61,0.39,0.36,2026-08-09,820,N,VIIRS,n,2.0NRT,304.76,7.49,D
9.55556,77.81236,341.93,0.39,0.36,2026-08-09,820,N,VIIRS,n,2.0NRT,308.12,12.87,D
9.64156,80.321,339.23,0.45,0.39,2026-08-09,820,N,VIIRS,n,2.0NRT,292.17,5.12,D
9.65162,78.06435,337.75,0.39,0.36,2026-08-09,820,N,VIIRS,n,2.0NRT,304.25,3.22,D
9.76124,80.20286,334.41,0.45,0.39,2026-08-09,820,N,VIIRS,n,2.0NRT,285.06,3.86,D
9.80894,78.38943,336.39,0.39,0.36,2026-08-09,820,N,VIIRS,n,2.0NRT,302.68,2.49,D
9.83043,78.55554,330.15,0.4,0.37,2026-08-09,820,N,VIIRS,n,2.0NRT,294.59,1.93,D
9.88524,78.29355,335.89,0.39,0.36,2026-08-09,820,N,VIIRS,n,2.0NRT,295.04,19.84,D
9.88578,78.29712,347.52,0.39,0.36,2026-08-09,820,N,VIIRS,n,2.0NRT,298.6,19.84,D
10.70734,79.56654,347.98,0.43,0.38,2026-08-09,820,N,VIIRS,n,2.0NRT,273.54,16.49,D
10.8716,79.0443,352.09,0.41,0.37,2026-08-09,820,N,VIIRS,n,2.0NRT,303.67,10.47,D
10.9494,78.43846,338.87,0.4,0.37,2026-08-09,820,N,VIIRS,n,2.0NRT,302.18,2.47,D
10.96547,78.87568,336.29,0.41,0.37,2026-08-09,820,N,VIIRS,n,2.0NRT,280.52,4.12,D
11.19703,78.23231,336.41,0.4,0.37,2026-08-09,822,N,VIIRS,n,2.0NRT,302.37,5.29,D
12.07076,79.81661,338.9,0.46,0.39,2026-08-09,822,N,VIIRS,n,2.0NRT,297.28,4.54,D
12.71801,77.46906,339.87,0.39,0.36,2026-08-09,822,N,VIIRS,n,2.0NRT,298.49,8.87,D
9.71063,77.60217,307.3,0.46,0.47,2026-08-09,2055,N,VIIRS,n,2.0NRT,290.09,3.01,N
9.71142,77.59763,326.39,0.46,0.47,2026-08-09,2055,N,VIIRS,n,2.0NRT,289.48,3.01,N
9.71238,77.60028,342.1,0.46,0.47,2026-08-09,2055,N,VIIRS,n,2.0NRT,290.56,5.68,N
9.7151,77.60211,318.67,0.46,0.47,2026-08-09,2055,N,VIIRS,n,2.0NRT,289.84,3.01,N
9.71592,77.59735,333.99,0.46,0.47,2026-08-09,2055,N,VIIRS,n,2.0NRT,290.27,3.01,N
9.71691,77.59991,322.27,0.46,0.47,2026-08-09,2055,N,VIIRS,n,2.0NRT,289.49,5.68,N
9.71963,77.60168,307.9,0.46,0.47,2026-08-09,2055,N,VIIRS,n,2.0NRT,288.83,0.83,N
9.71971,77.60912,316.36,0.46,0.47,2026-08-09,2055,N,VIIRS,n,2.0NRT,289.45,1.92,N
9.72057,77.60439,325.17,0.46,0.47,2026-08-09,2055,N,VIIRS,n,2.0NRT,289.69,1.92,N
9.72244,77.61123,314.72,0.46,0.47,2026-08-09,2055,N,VIIRS,n,2.0NRT,289.24,3.78,N
9.72325,77.60651,334.47,0.46,0.47,2026-08-09,2055,N,VIIRS,n,2.0NRT,289.84,3.78,N
9.72415,77.60929,319.58,0.46,0.47,2026-08-09,2055,N,VIIRS,n,2.0NRT,289.29,1.92,N
9.725,77.60458,302.41,0.46,0.47,2026-08-09,2055,N,VIIRS,n,2.0NRT,288.54,1.92,N
10.41551,77.10945,320.29,0.42,0.45,2026-08-09,2055,N,VIIRS,n,2.0NRT,287.16,2.55,N
8.66885,77.66387,331.98,0.59,0.53,2026-07-31,748,N,VIIRS,n,2.0NRT,293.37,7.91,D
8.70496,80.17019,333.4,0.4,0.44,2026-07-31,748,N,VIIRS,n,2.0NRT,295.53,3.55,D
8.71281,80.39138,333.83,0.39,0.44,2026-07-31,748,N,VIIRS,n,2.0NRT,296.13,2.01,D
8.7604,78.18185,344.37,0.54,0.51,2026-07-31,748,N,VIIRS,n,2.0NRT,296.78,6.34,D
8.76957,80.2338,344.2,0.4,0.44,2026-07-31,748,N,VIIRS,n,2.0NRT,297.55,7.51,D
8.77019,80.23743,330.45,0.4,0.44,2026-07-31,748,N,VIIRS,n,2.0NRT,295.61,6.23,D
8.83767,77.92315,341.05,0.56,0.52,2026-07-31,748,N,VIIRS,n,2.0NRT,296.06,3.91,D
8.99046,78.12581,333.42,0.54,0.51,2026-07-31,748,N,VIIRS,n,2.0NRT,295.13,4.64,D
9.32005,80.24164,342.39,0.39,0.44,2026-07-31,748,N,VIIRS,n,2.0NRT,297.06,5.55,D
9.14486,77.69183,343.81,0.57,0.52,2026-07-31,750,N,VIIRS,n,2.0NRT,295.34,14.7,D
9.33359,77.53848,340.66,0.58,0.52,2026-07-31,750,N,VIIRS,n,2.0NRT,294.35,3.51,D
9.47484,78.82008,334.41,0.48,0.48,2026-07-31,750,N,VIIRS,n,2.0NRT,297.02,1.78,D
9.58715,78.81624,335.8,0.48,0.48,2026-07-31,750,N,VIIRS,n,2.0NRT,297.87,5.07,D
9.58817,78.81823,340.71,0.48,0.48,2026-07-31,750,N,VIIRS,n,2.0NRT,297.83,3.72,D
9.62345,78.86769,342.63,0.47,0.48,2026-07-31,750,N,VIIRS,n,2.0NRT,296.42,3.38,D
9.64574,77.77657,339.75,0.56,0.51,2026-07-31,750,N,VIIRS,n,2.0NRT,292.53,6.1,D
9.74879,80.14474,343.66,0.39,0.44,2026-07-31,750,N,VIIRS,n,2.0NRT,295.8,5.12,D
9.79466,78.26758,330.11,0.51,0.5,2026-07-31,750,N,VIIRS,n,2.0NRT,296.68,3.56,D
9.91725,78.21863,331.44,0.51,0.5,2026-07-31,750,N,VIIRS,n,2.0NRT,298.07,2.08,D
9.93693,78.2229,332.89,0.51,0.5,2026-07-31,750,N,VIIRS,n,2.0NRT,298.67,2.75,D
9.93738,78.25173,332.09,0.51,0.49,2026-07-31,750,N,VIIRS,n,2.0NRT,298.69,3.26,D
9.97583,78.28342,346.58,0.51,0.49,2026-07-31,750,N,VIIRS,n,2.0NRT,299.24,7.39,D
9.9851,78.17575,333.11,0.52,0.5,2026-07-31,750,N,VIIRS,n,2.0NRT,296.97,2.44,D
10.00652,78.03616,335.89,0.53,0.5,2026-07-31,750,N,VIIRS,n,2.0NRT,294.56,3.45,D
10.07881,79.13869,332.04,0.45,0.47,2026-07-31,750,N,VIIRS,n,2.0NRT,297.38,2.58,D
10.08159,79.13962,331.3,0.44,0.46,2026-07-31,750,N,VIIRS,n,2.0NRT,297.37,2.0,D
10.21354,78.87036,337.28,0.46,0.47,2026-07-31,750,N,VIIRS,n,2.0NRT,300.13,6.51,D
10.49704,77.81037,332.78,0.53,0.5,2026-07-31,750,N,VIIRS,n,2.0NRT,296.93,4.68,D
10.81289,79.84407,333.21,0.39,0.44,2026-07-31,750,N,VIIRS,n,2.0NRT,296.08,3.63,D
10.9477,78.91599,332.32,0.45,0.47,2026-07-31,750,N,VIIRS,n,2.0NRT,294.87,5.58,D
11.49961,79.54979,337.72,0.4,0.44,2026-07-31,750,N,VIIRS,n,2.0NRT,294.8,2.93,D
11.64794,79.75954,330.83,0.39,0.44,2026-07-31,750,N,VIIRS,n,2.0NRT,296.71,3.57,D
11.6909,79.25605,334.65,0.41,0.45,2026-07-31,750,N,VIIRS,n,2.0NRT,297.52,3.15,D
11.73174,79.21313,331.83,0.41,0.45,2026-07-31,750,N,VIIRS,n,2.0NRT,294.04,3.21,D
10.98539,79.1058,313.79,0.39,0.36,2026-07-31,2023,N,VIIRS,n,2.0NRT,291.14,2.37,N
11.17744,79.08931,307.22,0.39,0.36,2026-07-31,2023,N,VIIRS,n,2.0NRT,292.11,0.45,N
11.18243,79.10094,312.37,0.39,0.36,2026-07-31,2023,N,VIIRS,n,2.0NRT,292.12,0.85,N
11.24144,77.88069,313.56,0.41,0.37,2026-07-31,2023,N,VIIRS,n,2.0NRT,289.72,1.41,N
11.26684,80.00278,312.0,0.38,0.36,2026-07-31,2023,N,VIIRS,n,2.0NRT,291.05,1.68,N
11.66297,77.83739,308.17,0.41,0.37,2026-07-31,2023,N,VIIRS,n,2.0NRT,289.85,0.95,N
12.4093,79.18157,330.32,0.39,0.36,2026-07-31,2023,N,VIIRS,n,2.0NRT,286.47,3.65,N
13.37985,80.11409,310.24,0.38,0.36,2026-07-31,2023,N,VIIRS,n,2.0NRT,292.55,2.1,N
13.392,80.10162,321.33,0.38,0.36,2026-07-31,2023,N,VIIRS,n,2.0NRT,294.39,4.03,N
13.39259,80.07638,309.72,0.38,0.36,2026-07-31,2023,N,VIIRS,n,2.0NRT,292.23,3.43,N
13.44714,80.09624,313.23,0.38,0.36,2026-07-31,2023,N,VIIRS,n,2.0NRT,290.12,3.42,N
9.25059,78.28757,331.5,0.54,0.68,2026-08-01,729,N,VIIRS,n,2.0NRT,286.25,3.55,D
9.7793,80.18807,345.44,0.4,0.6,2026-08-01,729,N,VIIRS,n,2.0NRT,289.34,4.4,D
10.53246,79.23427,335.62,0.45,0.63,2026-08-01,729,N,VIIRS,n,2.0NRT,287.48,3.88,D
11.05063,79.35343,339.95,0.43,0.62,2026-08-01,729,N,VIIRS,n,2.0NRT,289.63,6.21,D
11.05169,79.3529,342.3,0.43,0.62,2026-08-01,729,N,VIIRS,n,2.0NRT,289.33,7.35,D
11.29512,79.7821,337.98,0.4,0.6,2026-08-01,729,N,VIIRS,n,2.0NRT,289.25,4.08,D
11.30795,78.57752,333.94,0.48,0.65,2026-08-01,729,N,VIIRS,n,2.0NRT,286.09,2.75,D
12.16273,79.51328,335.62,0.4,0.6,2026-08-01,729,N,VIIRS,n,2.0NRT,290.2,2.43,D
12.16129,79.51262,332.86,0.4,0.6,2026-08-01,731,N,VIIRS,n,2.0NRT,289.72,4.49,D
12.28848,79.43398,336.2,0.4,0.6,2026-08-01,731,N,VIIRS,n,2.0NRT,289.96,2.66,D
11.28438,79.75117,315.05,0.56,0.43,2026-08-01,2004,N,VIIRS,n,2.0NRT,290.22,2.23,N
11.65214,78.03033,304.86,0.48,0.48,2026-08-01,2004,N,VIIRS,n,2.0NRT,281.41,0.83,N
11.80772,77.92508,305.82,0.49,0.49,2026-08-01,2004,N,VIIRS,n,2.0NRT,281.73,1.05,N
11.81063,77.9237,307.7,0.49,0.49,2026-08-01,2004,N,VIIRS,n,2.0NRT,281.93,1.56,N
8.04788,79.85087,303.55,0.5,0.41,2026-08-01,2006,N,VIIRS,n,2.0NRT,274.0,2.51,N
8.75715,78.183,326.49,0.43,0.46,2026-08-01,2006,N,VIIRS,n,2.0NRT,284.82,2.06,N
8.75772,78.17909,306.04,0.43,0.46,2026-08-01,2006,N,VIIRS,n,2.0NRT,282.65,2.06,N
8.82639,78.08728,349.32,0.44,0.46,2026-08-01,2006,N,VIIRS,n,2.0NRT,290.19,22.26,N
11.17522,79.08694,307.05,0.4,0.45,2026-08-01,2006,N,VIIRS,n,2.0NRT,289.7,2.63,N
11.18186,79.0993,306.32,0.4,0.45,2026-08-01,2006,N,VIIRS,n,2.0NRT,290.03,2.34,N
9.02032,77.84805,333.75,0.32,0.55,2026-08-02,852,N,VIIRS,n,2.0NRT,277.47,2.17,D
12.33321,79.90759,338.17,0.49,0.65,2026-08-02,852,N,VIIRS,n,2.0NRT,287.0,2.98,D
8.17175,77.59212,332.25,0.39,0.59,2026-07-26,741,N,VIIRS,n,2.0NRT,295.69,2.93,D
8.5549,78.07254,330.36,0.35,0.57,2026-07-26,741,N,VIIRS,n,2.0NRT,297.23,2.2,D
8.60272,78.06735,342.45,0.35,0.57,2026-07-26,741,N,VIIRS,n,2.0NRT,296.19,3.66,D
8.66401,77.87219,342.13,0.36,0.58,2026-07-26,741,N,VIIRS,n,2.0NRT,291.52,4.27,D
8.68839,80.39858,339.54,0.49,0.49,2026-07-26,741,N,VIIRS,n,2.0NRT,297.79,14.75,D
9.37899,77.92585,341.89,0.35,0.57,2026-07-26,741,N,VIIRS,n,2.0NRT,289.9,3.84,D
9.3792,77.92735,332.05,0.35,0.57,2026-07-26,741,N,VIIRS,n,2.0NRT,288.14,4.58,D
9.50276,78.04283,338.15,0.34,0.56,2026-07-26,741,N,VIIRS,n,2.0NRT,287.97,3.53,D
9.50334,78.04597,341.55,0.34,0.56,2026-07-26,741,N,VIIRS,n,2.0NRT,287.03,3.53,D
9.71292,77.92689,334.83,0.35,0.56,2026-07-26,741,N,VIIRS,n,2.0NRT,293.68,3.9,D
9.8234,78.24072,331.01,0.33,0.55,2026-07-26,741,N,VIIRS,n,2.0NRT,291.11,1.48,D
9.91835,78.31232,330.65,0.32,0.55,2026-07-26,741,N,VIIRS,n,2.0NRT,297.9,1.6,D
9.95631,78.26261,337.4,0.32,0.55,2026-07-26,741,N,VIIRS,n,2.0NRT,296.51,1.53,D
10.05153,78.7318,331.66,0.6,0.53,2026-07-26,741,N,VIIRS,n,2.0NRT,293.25,4.34,D
10.44197,79.70836,331.85,0.51,0.49,2026-07-26,741,N,VIIRS,n,2.0NRT,296.17,1.76,D
10.89877,78.70602,344.86,0.58,0.52,2026-07-26,744,N,VIIRS,n,2.0NRT,293.9,8.75,D
11.34114,79.71289,333.47,0.49,0.49,2026-07-26,744,N,VIIRS,n,2.0NRT,290.15,5.08,D
11.6474,79.32397,332.03,0.52,0.5,2026-07-26,744,N,VIIRS,n,2.0NRT,294.64,2.78,D
11.78077,79.44133,331.21,0.5,0.49,2026-07-26,744,N,VIIRS,n,2.0NRT,293.12,4.18,D
11.78529,79.4405,330.25,0.5,0.49,2026-07-26,744,N,VIIRS,n,2.0NRT,292.05,7.16,D
11.78611,79.44511,367.0,0.5,0.49,2026-07-26,744,N,VIIRS,h,2.0NRT,295.27,7.16,D
12.053,79.83413,342.9,0.47,0.48,2026-07-26,744,N,VIIRS,n,2.0NRT,286.71,5.56,D
8.304,77.86613,332.02,0.44,0.38,2026-07-26,2017,N,VIIRS,n,2.0NRT,296.31,5.05,N
8.63548,80.32524,313.75,0.38,0.36,2026-07-26,2017,N,VIIRS,n,2.0NRT,293.43,1.69,N
8.67029,77.99158,309.42,0.44,0.38,2026-07-26,2017,N,VIIRS,n,2.0NRT,294.25,1.55,N
8.8669,78.12173,308.55,0.44,0.38,2026-07-26,2017,N,VIIRS,n,2.0NRT,295.38,0.42,N
8.92476,78.16695,324.18,0.43,0.38,2026-07-26,2017,N,VIIRS,n,2.0NRT,294.9,2.09,N
9.75601,77.50282,306.64,0.47,0.4,2026-07-26,2017,N,VIIRS,n,2.0NRT,292.81,1.96,N
9.76393,77.57449,307.94,0.47,0.4,2026-07-26,2017,N,VIIRS,n,2.0NRT,292.48,1.63,N
10.00952,78.04739,312.94,0.45,0.39,2026-07-26,2017,N,VIIRS,n,2.0NRT,288.85,1.54,N
13.3918,80.10241,312.54,0.4,0.37,2026-07-26,2017,N,VIIRS,n,2.0NRT,282.64,1.06,N
11.1092,79.2571,306.66,0.41,0.37,2026-07-26,2019,N,VIIRS,n,2.0NRT,278.54,0.74,N
11.11263,79.25764,306.65,0.41,0.37,2026-07-26,2019,N,VIIRS,n,2.0NRT,278.38,0.66,N
12.53053,78.22664,313.26,0.47,0.4,2026-07-26,2019,N,VIIRS,n,2.0NRT,272.56,1.67,N
9.11902,77.53432,336.06,0.5,0.66,2026-07-27,905,N,VIIRS,n,2.0NRT,290.98,2.29,D
9.96835,78.28912,338.31,0.58,0.7,2026-07-27,905,N,VIIRS,n,2.0NRT,290.5,6.09,D
11.83739,79.73386,304.55,0.47,0.48,2026-07-27,1957,N,VIIRS,n,2.0NRT,281.83,1.53,N
13.21387,80.26139,308.42,0.46,0.47,2026-07-27,1957,N,VIIRS,n,2.0NRT,287.12,3.4,N
13.21473,80.26047,307.78,0.46,0.47,2026-07-27,1957,N,VIIRS,n,2.0NRT,287.24,2.69,N
8.37231,80.20104,331.63,0.35,0.57,2026-07-28,845,N,VIIRS,n,2.0NRT,288.98,2.92,D
8.37311,80.19904,332.15,0.35,0.57,2026-07-28,845,N,VIIRS,n,2.0NRT,290.06,3.76,D
9.43212,77.73875,338.75,0.5,0.49,2026-07-28,845,N,VIIRS,n,2.0NRT,301.21,3.9,D
9.43271,77.73971,339.09,0.5,0.49,2026-07-28,845,N,VIIRS,n,2.0NRT,300.77,3.94,D
9.51827,77.78963,335.87,0.51,0.49,2026-07-28,845,N,VIIRS,n,2.0NRT,301.53,24.4,D
9.52283,77.789,347.79,0.51,0.49,2026-07-28,845,N,VIIRS,n,2.0NRT,303.57,24.4,D
9.73477,78.41372,341.75,0.56,0.52,2026-07-28,845,N,VIIRS,n,2.0NRT,297.19,9.66,D
9.73544,78.4189,341.99,0.56,0.52,2026-07-28,845,N,VIIRS,n,2.0NRT,297.05,9.66,D
9.73558,78.41689,351.74,0.56,0.52,2026-07-28,845,N,VIIRS,n,2.0NRT,297.82,15.96,D
9.76147,78.24873,330.94,0.55,0.51,2026-07-28,845,N,VIIRS,n,2.0NRT,299.03,2.84,D
9.79294,77.4472,337.49,0.48,0.48,2026-07-28,845,N,VIIRS,n,2.0NRT,297.13,10.8,D
9.79743,77.44672,354.56,0.48,0.48,2026-07-28,845,N,VIIRS,n,2.0NRT,296.92,10.8,D
9.80197,78.22791,339.14,0.55,0.51,2026-07-28,845,N,VIIRS,n,2.0NRT,300.06,7.44,D
9.80313,78.22618,332.76,0.55,0.51,2026-07-28,845,N,VIIRS,n,2.0NRT,299.46,2.27,D
9.82735,78.48631,332.45,0.57,0.52,2026-07-28,845,N,VIIRS,n,2.0NRT,298.02,1.45,D
9.97086,78.28806,344.29,0.55,0.51,2026-07-28,845,N,VIIRS,n,2.0NRT,299.29,13.0,D
9.97502,77.99715,342.3,0.53,0.5,2026-07-28,845,N,VIIRS,n,2.0NRT,297.0,8.77,D
9.97569,78.00208,342.24,0.53,0.5,2026-07-28,845,N,VIIRS,n,2.0NRT,296.65,8.77,D
8.74475,80.23344,309.37,0.42,0.61,2026-07-28,1940,N,VIIRS,n,2.0NRT,289.5,1.43,N
9.52289,77.7887,329.19,0.62,0.71,2026-07-28,1940,N,VIIRS,n,2.0NRT,286.83,6.1,N
12.09085,77.04575,296.82,0.75,0.77,2026-07-28,1940,N,VIIRS,n,2.0NRT,277.43,1.2,N
12.09363,77.04418,296.1,0.75,0.77,2026-07-28,1940,N,VIIRS,n,2.0NRT,275.79,1.11,N
12.84878,79.90265,320.6,0.5,0.65,2026-07-28,1940,N,VIIRS,n,2.0NRT,284.81,1.97,N
12.85486,79.90347,311.46,0.5,0.65,2026-07-28,1940,N,VIIRS,n,2.0NRT,285.09,1.97,N
8.29751,77.85287,339.11,0.41,0.37,2026-07-29,826,N,VIIRS,n,2.0NRT,301.63,4.1,D
8.58268,77.97133,336.84,0.42,0.37,2026-07-29,826,N,VIIRS,n,2.0NRT,302.47,1.81,D
8.75761,78.18333,332.21,0.42,0.38,2026-07-29,826,N,VIIRS,l,2.0NRT,304.4,4.22,D
8.76182,78.11587,334.4,0.42,0.38,2026-07-29,826,N,VIIRS,l,2.0NRT,306.33,3.45,D
8.7653,78.11536,342.28,0.42,0.38,2026-07-29,826,N,VIIRS,n,2.0NRT,307.42,3.45,D
8.82257,77.99003,338.02,0.42,0.38,2026-07-29,826,N,VIIRS,n,2.0NRT,304.25,2.84,D
8.88115,78.08689,337.1,0.42,0.38,2026-07-29,826,N,VIIRS,n,2.0NRT,303.85,1.99,D
8.8852,78.14909,338.73,0.42,0.38,2026-07-29,826,N,VIIRS,n,2.0NRT,302.93,3.18,D
8.90893,77.81869,341.62,0.41,0.37,2026-07-29,826,N,VIIRS,n,2.0NRT,302.7,10.84,D
8.97896,77.77712,337.65,0.41,0.37,2026-07-29,826,N,VIIRS,n,2.0NRT,301.85,2.59,D
9.0831,79.75172,346.38,0.5,0.41,2026-07-29,826,N,VIIRS,n,2.0NRT,297.86,10.9,D
9.1993,77.54581,337.29,0.41,0.37,2026-07-29,826,N,VIIRS,n,2.0NRT,305.47,2.05,D
9.25136,77.66355,338.1,0.41,0.37,2026-07-29,826,N,VIIRS,n,2.0NRT,306.83,4.31,D
9.3046,77.64411,334.57,0.41,0.37,2026-07-29,826,N,VIIRS,l,2.0NRT,304.77,2.91,D
9.47316,77.58399,331.22,0.41,0.37,2026-07-29,826,N,VIIRS,n,2.0NRT,297.16,1.3,D
9.47729,78.72331,347.9,0.45,0.39,2026-07-29,826,N,VIIRS,n,2.0NRT,294.87,7.04,D
9.52072,77.78873,338.12,0.42,0.37,2026-07-29,826,N,VIIRS,n,2.0NRT,292.18,4.67,D
9.58143,78.25474,336.96,0.43,0.38,2026-07-29,826,N,VIIRS,n,2.0NRT,298.28,4.08,D
9.58553,78.25816,341.53,0.43,0.38,2026-07-29,826,N,VIIRS,n,2.0NRT,298.37,4.08,D
9.66807,77.62719,340.58,0.41,0.37,2026-07-29,826,N,VIIRS,n,2.0NRT,286.89,5.53,D
9.80126,78.333,342.03,0.44,0.38,2026-07-29,826,N,VIIRS,n,2.0NRT,294.11,56.82,D
9.80157,78.23517,332.59,0.43,0.38,2026-07-29,826,N,VIIRS,n,2.0NRT,296.11,5.94,D
9.81908,78.28135,332.5,0.44,0.38,2026-07-29,826,N,VIIRS,n,2.0NRT,296.22,1.38,D
10.81956,78.61797,330.54,0.46,0.39,2026-07-29,826,N,VIIRS,n,2.0NRT,295.85,1.7,D
10.86712,79.06342,330.87,0.49,0.4,2026-07-29,826,N,VIIRS,n,2.0NRT,282.62,1.98,D
11.02335,79.08336,348.61,0.49,0.4,2026-07-29,826,N,VIIRS,n,2.0NRT,292.04,10.91,D
8.75877,78.18235,309.25,0.33,0.56,2026-07-29,2101,N,VIIRS,n,2.0NRT,281.3,0.68,N
8.76074,78.18166,304.88,0.33,0.56,2026-07-29,2101,N,VIIRS,n,2.0NRT,281.08,0.79,N
9.67876,78.34206,308.0,0.33,0.55,2026-07-29,2101,N,VIIRS,n,2.0NRT,268.94,0.73,N
10.07832,77.46371,302.69,0.57,0.52,2026-07-29,2101,N,VIIRS,n,2.0NRT,268.42,1.38,N
10.07843,77.46563,297.81,0.57,0.52,2026-07-29,2101,N,VIIRS,n,2.0NRT,268.17,0.97,N
8.76042,78.18317,348.9,0.43,0.38,2026-07-30,807,N,VIIRS,n,2.0NRT,303.97,17.24,D
8.79642,77.38033,338.12,0.47,0.4,2026-07-30,807,N,VIIRS,n,2.0NRT,301.18,6.88,D
9.38353,78.76695,340.52,0.41,0.37,2026-07-30,807,N,VIIRS,l,2.0NRT,301.84,5.79,D
9.38694,78.7664,342.31,0.41,0.37,2026-07-30,807,N,VIIRS,l,2.0NRT,300.94,5.79,D
9.4207,77.59469,335.14,0.45,0.39,2026-07-30,807,N,VIIRS,l,2.0NRT,300.14,4.93,D
9.42457,78.00139,340.54,0.43,0.38,2026-07-30,807,N,VIIRS,n,2.0NRT,303.21,11.45,D
9.43894,78.78815,336.46,0.41,0.37,2026-07-30,807,N,VIIRS,l,2.0NRT,301.03,2.5,D
9.44644,78.11435,339.45,0.43,0.38,2026-07-30,807,N,VIIRS,l,2.0NRT,304.63,10.3,D
9.75948,80.2087,331.85,0.38,0.36,2026-07-30,807,N,VIIRS,n,2.0NRT,292.84,2.82,D
11.80949,77.92529,332.04,0.42,0.37,2026-07-30,807,N,VIIRS,l,2.0NRT,290.43,2.64,D
11.18101,79.10186,309.47,0.52,0.42,2026-07-30,2042,N,VIIRS,n,2.0NRT,291.65,1.02,N
11.38616,79.683,311.95,0.56,0.43,2026-07-30,2042,N,VIIRS,n,2.0NRT,290.97,1.23,N
11.81484,77.91745,306.28,0.45,0.39,2026-07-30,2042,N,VIIRS,n,2.0NRT,274.94,1.22,N
12.05815,79.04545,309.65,0.5,0.41,2026-07-30,2042,N,VIIRS,n,2.0NRT,286.37,1.01,N
8.75744,78.18471,318.65,0.5,0.41,2026-07-30,2044,N,VIIRS,n,2.0NRT,291.46,2.68,N
8.75825,78.18236,322.93,0.5,0.41,2026-07-30,2044,N,VIIRS,n,2.0NRT,291.61,2.79,N
10.06893,77.45542,304.87,0.45,0.39,2026-07-30,2044,N,VIIRS,n,2.0NRT,289.51,1.52,N
10.06937,77.45595,315.82,0.45,0.39,2026-07-30,2044,N,VIIRS,n,2.0NRT,289.7,1.57,N
10.07186,77.45966,316.99,0.45,0.39,2026-07-30,2044,N,VIIRS,n,2.0NRT,289.88,2.08,N
10.07229,77.46024,315.86,0.45,0.39,2026-07-30,2044,N,VIIRS,n,2.0NRT,290.16,1.69,N
10.07259,77.45537,314.65,0.45,0.39,2026-07-30,2044,N,VIIRS,n,2.0NRT,289.73,1.52,N
10.073,77.45592,304.93,0.45,0.39,2026-07-30,2044,N,VIIRS,n,2.0NRT,289.51,1.57,N
10.1495,77.43031,302.15,0.44,0.39,2026-07-30,2044,N,VIIRS,n,2.0NRT,287.93,0.47,N
10.48855,77.36834,312.42,0.44,0.38,2026-07-30,2044,N,VIIRS,n,2.0NRT,285.55,1.32,N
10.62847,77.43987,308.52,0.44,0.38,2026-07-30,2044,N,VIIRS,n,2.0NRT,286.02,0.88,N
11.18424,77.27874,298.74,0.43,0.38,2026-07-30,2044,N,VIIRS,n,2.0NRT,274.7,0.45,N
9.45786,78.62679,340.37,0.4,0.6,2026-07-21,735,N,VIIRS,n,2.0NRT,276.45,3.77,D
9.4586,78.62737,338.9,0.4,0.6,2026-07-21,735,N,VIIRS,n,2.0NRT,276.05,3.84,D
9.54116,78.7685,335.35,0.39,0.59,2026-07-21,735,N,VIIRS,n,2.0NRT,268.8,11.88,D
9.54182,78.77206,357.19,0.39,0.59,2026-07-21,735,N,VIIRS,l,2.0NRT,275.21,11.88,D
9.54248,78.77563,356.42,0.39,0.59,2026-07-21,735,N,VIIRS,n,2.0NRT,273.77,17.56,D
9.54728,78.77107,358.04,0.39,0.59,2026-07-21,735,N,VIIRS,l,2.0NRT,269.9,11.88,D
9.54794,78.77464,358.05,0.39,0.59,2026-07-21,735,N,VIIRS,l,2.0NRT,270.3,17.56,D
12.13372,77.06586,351.57,0.46,0.63,2026-07-21,737,N,VIIRS,n,2.0NRT,282.15,6.15,D
12.74624,77.61856,306.17,0.42,0.45,2026-07-21,2010,N,VIIRS,n,2.0NRT,284.47,0.85,N
13.29847,78.88514,305.11,0.53,0.42,2026-07-21,2010,N,VIIRS,n,2.0NRT,288.92,0.6,N
10.61256,77.49836,303.25,0.4,0.44,2026-07-21,2012,N,VIIRS,n,2.0NRT,273.66,0.4,N
10.61532,77.42051,299.7,0.4,0.44,2026-07-21,2012,N,VIIRS,n,2.0NRT,276.19,0.5,N
9.61574,80.34721,329.97,0.63,0.72,2026-07-22,718,N,VIIRS,n,2.0NRT,286.07,1.87,D
8.62434,77.78712,340.33,0.4,0.6,2026-07-22,858,N,VIIRS,n,2.0NRT,296.9,2.92,D
8.62484,77.79086,334.04,0.4,0.6,2026-07-22,858,N,VIIRS,n,2.0NRT,296.5,7.21,D
8.62754,77.78538,333.88,0.4,0.6,2026-07-22,858,N,VIIRS,n,2.0NRT,296.66,3.76,D
8.62802,77.78912,367.0,0.4,0.6,2026-07-22,858,N,VIIRS,h,2.0NRT,297.66,9.48,D
8.62995,77.78645,344.03,0.4,0.6,2026-07-22,858,N,VIIRS,n,2.0NRT,296.45,2.92,D
8.76218,77.69276,352.45,0.4,0.6,2026-07-22,858,N,VIIRS,n,2.0NRT,297.36,4.78,D
8.75839,78.18192,334.92,0.41,0.45,2026-07-23,837,N,VIIRS,n,2.0NRT,302.86,6.29,D
8.75995,78.18253,335.62,0.41,0.45,2026-07-23,837,N,VIIRS,n,2.0NRT,303.04,3.79,D
8.83569,77.65315,335.29,0.38,0.44,2026-07-23,837,N,VIIRS,n,2.0NRT,301.26,2.27,D
9.02358,78.04476,333.35,0.41,0.45,2026-07-23,837,N,VIIRS,n,2.0NRT,299.8,3.0,D
9.04247,78.23987,332.42,0.42,0.45,2026-07-23,837,N,VIIRS,n,2.0NRT,300.34,1.39,D
9.07191,77.80376,344.78,0.4,0.44,2026-07-23,837,N,VIIRS,n,2.0NRT,307.02,6.25,D
9.12108,77.88631,339.71,0.4,0.44,2026-07-23,837,N,VIIRS,n,2.0NRT,305.6,4.6,D
9.22084,77.77129,344.85,0.4,0.44,2026-07-23,837,N,VIIRS,n,2.0NRT,307.47,9.03,D
9.22492,77.77073,347.18,0.4,0.44,2026-07-23,837,N,VIIRS,n,2.0NRT,308.54,10.59,D
9.2478,78.51723,333.1,0.44,0.46,2026-07-23,837,N,VIIRS,n,2.0NRT,300.93,1.0,D
9.2689,77.47028,342.03,0.57,0.43,2026-07-23,837,N,VIIRS,n,2.0NRT,301.5,6.16,D
9.30218,78.09783,351.68,0.42,0.45,2026-07-23,837,N,VIIRS,n,2.0NRT,308.66,10.42,D
9.30635,78.09724,342.67,0.42,0.45,2026-07-23,837,N,VIIRS,n,2.0NRT,310.26,10.42,D
9.37534,77.57722,332.64,0.39,0.44,2026-07-23,837,N,VIIRS,n,2.0NRT,301.23,1.99,D
11.43772,77.28219,330.99,0.4,0.44,2026-07-23,839,N,VIIRS,n,2.0NRT,293.75,1.61,D
12.16714,77.35521,335.16,0.41,0.45,2026-07-23,839,N,VIIRS,n,2.0NRT,300.02,5.2,D
12.34391,76.98788,330.82,0.39,0.44,2026-07-23,839,N,VIIRS,n,2.0NRT,294.62,1.68,D
12.67344,79.98261,333.41,0.62,0.54,2026-07-23,839,N,VIIRS,n,2.0NRT,298.78,5.3,D
12.98165,79.26957,337.19,0.56,0.51,2026-07-23,839,N,VIIRS,n,2.0NRT,300.29,6.37,D
12.98173,79.2668,331.16,0.56,0.51,2026-07-23,839,N,VIIRS,n,2.0NRT,299.01,7.93,D
13.19946,80.29171,338.71,0.33,0.55,2026-07-23,839,N,VIIRS,n,2.0NRT,293.48,1.69,D
13.20152,80.29202,342.76,0.33,0.55,2026-07-23,839,N,VIIRS,n,2.0NRT,293.61,3.96,D
13.41916,80.11427,332.24,0.32,0.55,2026-07-23,839,N,VIIRS,n,2.0NRT,297.52,1.87,D
8.59833,78.12394,304.12,0.73,0.76,2026-07-23,1934,N,VIIRS,n,2.0NRT,291.5,1.61,N
8.75791,78.17783,305.81,0.73,0.76,2026-07-23,1934,N,VIIRS,n,2.0NRT,287.03,0.78,N
8.11884,80.22372,334.62,0.44,0.38,2026-07-24,820,N,VIIRS,n,2.0NRT,301.51,2.53,D
8.47279,80.16,337.23,0.44,0.38,2026-07-24,820,N,VIIRS,n,2.0NRT,296.84,2.26,D
8.60631,80.25991,336.7,0.44,0.39,2026-07-24,820,N,VIIRS,n,2.0NRT,300.59,3.61,D
8.61075,78.0201,344.25,0.39,0.36,2026-07-24,820,N,VIIRS,n,2.0NRT,308.99,3.17,D
8.61782,77.95454,344.93,0.39,0.36,2026-07-24,820,N,VIIRS,n,2.0NRT,308.95,8.05,D
8.66097,80.38425,338.61,0.45,0.39,2026-07-24,820,N,VIIRS,n,2.0NRT,300.88,5.9,D
8.66808,80.35825,330.41,0.45,0.39,2026-07-24,820,N,VIIRS,l,2.0NRT,303.48,2.64,D
8.67269,78.09673,343.61,0.39,0.36,2026-07-24,820,N,VIIRS,n,2.0NRT,308.49,2.48,D
8.70154,80.32458,330.6,0.45,0.39,2026-07-24,820,N,VIIRS,l,2.0NRT,302.33,1.59,D
8.70443,80.36985,336.65,0.45,0.39,2026-07-24,820,N,VIIRS,n,2.0NRT,304.35,3.59,D
8.72783,77.36877,343.08,0.38,0.36,2026-07-24,820,N,VIIRS,n,2.0NRT,306.38,5.21,D
8.76761,80.3772,346.87,0.45,0.39,2026-07-24,820,N,VIIRS,n,2.0NRT,305.29,7.76,D
8.77119,80.37666,346.16,0.45,0.39,2026-07-24,820,N,VIIRS,n,2.0NRT,303.69,6.57,D
8.81372,77.97733,350.89,0.39,0.36,2026-07-24,820,N,VIIRS,n,2.0NRT,318.06,16.7,D
8.81493,80.06245,340.89,0.44,0.38,2026-07-24,820,N,VIIRS,n,2.0NRT,303.99,6.28,D
8.86807,78.15605,339.89,0.39,0.36,2026-07-24,820,N,VIIRS,n,2.0NRT,308.0,6.87,D
8.87846,78.08958,340.23,0.39,0.36,2026-07-24,820,N,VIIRS,n,2.0NRT,307.98,7.14,D
8.9351,80.14677,332.91,0.44,0.38,2026-07-24,820,N,VIIRS,n,2.0NRT,303.33,2.64,D
8.94032,80.38223,334.44,0.45,0.39,2026-07-24,820,N,VIIRS,n,2.0NRT,301.75,2.58,D
8.94914,77.84123,339.46,0.39,0.36,2026-07-24,820,N,VIIRS,l,2.0NRT,312.84,4.83,D
9.13713,77.96883,344.46,0.39,0.36,2026-07-24,820,N,VIIRS,n,2.0NRT,313.96,12.82,D
9.247,77.60338,341.22,0.38,0.36,2026-07-24,820,N,VIIRS,l,2.0NRT,313.14,6.22,D
9.26605,79.06191,339.53,0.41,0.37,2026-07-24,820,N,VIIRS,n,2.0NRT,306.99,7.21,D
9.31198,80.22139,335.45,0.45,0.39,2026-07-24,820,N,VIIRS,n,2.0NRT,303.16,2.47,D
9.36788,78.71719,339.67,0.4,0.37,2026-07-24,820,N,VIIRS,n,2.0NRT,307.57,5.8,D
9.39855,77.5326,353.41,0.38,0.36,2026-07-24,820,N,VIIRS,n,2.0NRT,313.12,16.75,D
9.42289,77.71505,350.22,0.39,0.36,2026-07-24,820,N,VIIRS,n,2.0NRT,313.75,12.71,D
9.42739,78.55258,338.83,0.4,0.37,2026-07-24,820,N,VIIRS,n,2.0NRT,308.51,6.28,D
9.43342,78.82613,339.34,0.4,0.37,2026-07-24,820,N,VIIRS,n,2.0NRT,306.4,4.3,D
9.458,78.68839,337.56,0.4,0.37,2026-07-24,820,N,VIIRS,n,2.0NRT,307.22,5.77,D
9.47744,78.03043,344.73,0.39,0.36,2026-07-24,820,N,VIIRS,l,2.0NRT,315.23,12.92,D
9.48597,78.08695,343.27,0.39,0.36,2026-07-24,820,N,VIIRS,l,2.0NRT,314.12,8.43,D
9.49454,78.58665,341.9,0.4,0.37,2026-07-24,820,N,VIIRS,n,2.0NRT,311.22,8.39,D
9.49535,78.58585,349.21,0.4,0.37,2026-07-24,820,N,VIIRS,n,2.0NRT,311.34,10.41,D
9.4967,78.71597,340.61,0.4,0.37,2026-07-24,820,N,VIIRS,n,2.0NRT,308.76,7.01,D
9.52567,78.32798,342.89,0.39,0.36,2026-07-24,820,N,VIIRS,l,2.0NRT,312.94,8.54,D
9.53733,78.52048,344.64,0.4,0.37,2026-07-24,820,N,VIIRS,n,2.0NRT,307.93,7.58,D
9.72999,77.35467,343.29,0.38,0.36,2026-07-24,820,N,VIIRS,n,2.0NRT,303.8,4.13,D
9.73117,78.23415,342.13,0.39,0.36,2026-07-24,820,N,VIIRS,l,2.0NRT,312.75,11.26,D
9.80689,78.36104,338.55,0.39,0.36,2026-07-24,820,N,VIIRS,n,2.0NRT,306.99,2.97,D
9.84783,78.06303,336.5,0.39,0.36,2026-07-24,820,N,VIIRS,n,2.0NRT,304.67,2.58,D
9.85525,78.22561,340.14,0.39,0.36,2026-07-24,820,N,VIIRS,n,2.0NRT,308.35,4.74,D
9.87134,77.70849,339.45,0.39,0.36,2026-07-24,820,N,VIIRS,l,2.0NRT,310.59,3.91,D
9.89849,78.06915,339.38,0.39,0.36,2026-07-24,820,N,VIIRS,l,2.0NRT,309.55,6.09,D
9.94998,78.64573,340.05,0.4,0.37,2026-07-24,820,N,VIIRS,n,2.0NRT,306.71,5.05,D
10.00549,78.03773,340.01,0.39,0.36,2026-07-24,820,N,VIIRS,l,2.0NRT,310.07,5.54,D
10.00883,78.03722,341.97,0.39,0.36,2026-07-24,820,N,VIIRS,n,2.0NRT,309.71,5.58,D
10.01349,78.09101,343.1,0.39,0.36,2026-07-24,820,N,VIIRS,n,2.0NRT,305.63,3.11,D
10.02995,77.95058,334.38,0.39,0.36,2026-07-24,820,N,VIIRS,l,2.0NRT,307.13,2.05,D
10.03784,78.02551,344.83,0.39,0.36,2026-07-24,820,N,VIIRS,n,2.0NRT,309.11,5.79,D
10.19416,77.27584,347.72,0.38,0.36,2026-07-24,820,N,VIIRS,n,2.0NRT,307.77,15.68,D
10.28285,78.82413,336.81,0.41,0.37,2026-07-24,820,N,VIIRS,n,2.0NRT,303.36,4.26,D
10.34789,77.17265,332.6,0.38,0.36,2026-07-24,820,N,VIIRS,l,2.0NRT,305.96,3.36,D
10.35121,77.17213,331.82,0.38,0.36,2026-07-24,820,N,VIIRS,l,2.0NRT,304.34,2.96,D
10.38708,79.22437,336.59,0.42,0.38,2026-07-24,820,N,VIIRS,n,2.0NRT,300.15,4.1,D
10.39054,79.22385,337.14,0.42,0.38,2026-07-24,820,N,VIIRS,n,2.0NRT,298.25,4.1,D
10.41716,77.5604,335.7,0.39,0.36,2026-07-24,820,N,VIIRS,l,2.0NRT,308.54,4.18,D
10.42837,77.37106,337.28,0.38,0.36,2026-07-24,820,N,VIIRS,n,2.0NRT,305.76,4.13,D
10.65981,77.15834,330.59,0.38,0.36,2026-07-24,820,N,VIIRS,l,2.0NRT,303.61,2.06,D
10.67069,79.61633,337.22,0.43,0.38,2026-07-24,820,N,VIIRS,n,2.0NRT,302.95,3.44,D
10.67364,79.61184,339.44,0.43,0.38,2026-07-24,820,N,VIIRS,n,2.0NRT,304.36,5.43,D
10.80428,79.6702,332.83,0.44,0.38,2026-07-24,820,N,VIIRS,n,2.0NRT,302.08,3.45,D
10.80448,78.6274,342.82,0.4,0.37,2026-07-24,820,N,VIIRS,n,2.0NRT,307.72,5.96,D
10.84654,78.79582,331.0,0.41,0.37,2026-07-24,820,N,VIIRS,l,2.0NRT,302.79,2.75,D
10.84708,78.79957,337.74,0.41,0.37,2026-07-24,820,N,VIIRS,n,2.0NRT,304.45,2.75,D
10.90938,79.82526,338.68,0.45,0.39,2026-07-24,820,N,VIIRS,n,2.0NRT,300.23,3.46,D
11.01471,77.62794,340.1,0.39,0.36,2026-07-24,820,N,VIIRS,n,2.0NRT,305.83,6.21,D
11.23178,78.38319,336.22,0.4,0.37,2026-07-24,820,N,VIIRS,n,2.0NRT,301.67,2.8,D
11.39055,79.72801,337.34,0.45,0.39,2026-07-24,820,N,VIIRS,n,2.0NRT,301.33,6.47,D
11.39208,79.72757,336.65,0.45,0.39,2026-07-24,820,N,VIIRS,n,2.0NRT,301.04,5.59,D
11.47362,79.22565,338.12,0.43,0.38,2026-07-24,820,N,VIIRS,n,2.0NRT,302.87,3.1,D
11.58556,78.77619,349.28,0.41,0.37,2026-07-24,820,N,VIIRS,n,2.0NRT,306.47,5.58,D
11.70297,78.74607,341.63,0.41,0.37,2026-07-24,820,N,VIIRS,n,2.0NRT,296.04,7.09,D
11.72358,78.74298,338.48,0.41,0.37,2026-07-24,820,N,VIIRS,n,2.0NRT,297.36,3.09,D
11.74709,78.71194,335.32,0.41,0.37,2026-07-24,820,N,VIIRS,n,2.0NRT,295.65,3.63,D
12.93804,79.10506,333.83,0.43,0.38,2026-07-24,822,N,VIIRS,n,2.0NRT,277.75,3.64,D
13.25182,78.5679,348.15,0.42,0.37,2026-07-24,822,N,VIIRS,n,2.0NRT,296.56,10.37,D
12.74686,77.61757,301.81,0.42,0.45,2026-07-24,2053,N,VIIRS,n,2.0NRT,285.55,0.49,N
8.57124,78.07296,316.73,0.52,0.5,2026-07-24,2055,N,VIIRS,n,2.0NRT,293.57,1.59,N
8.67019,77.99132,307.45,0.51,0.49,2026-07-24,2055,N,VIIRS,n,2.0NRT,293.35,0.78,N
9.20877,77.49895,307.72,0.46,0.47,2026-07-24,2055,N,VIIRS,n,2.0NRT,292.91,1.67,N
10.27937,77.44356,299.7,0.44,0.46,2026-07-24,2055,N,VIIRS,n,2.0NRT,288.32,0.7,N
10.98197,78.15816,313.22,0.48,0.48,2026-07-24,2055,N,VIIRS,n,2.0NRT,282.45,3.1,N
10.98564,78.15651,304.45,0.48,0.48,2026-07-24,2055,N,VIIRS,n,2.0NRT,283.22,1.26,N
10.98638,78.15899,306.52,0.48,0.48,2026-07-24,2055,N,VIIRS,n,2.0NRT,282.49,1.27,N
11.69529,78.85291,314.31,0.52,0.5,2026-07-24,2055,N,VIIRS,n,2.0NRT,286.19,3.2,N
11.81571,77.91763,305.63,0.45,0.47,2026-07-24,2055,N,VIIRS,n,2.0NRT,283.7,1.16,N
8.64045,77.52097,334.25,0.56,0.43,2026-07-25,801,N,VIIRS,n,2.0NRT,303.82,4.7,D
8.70248,77.7755,335.54,0.54,0.42,2026-07-25,801,N,VIIRS,n,2.0NRT,304.31,5.31,D
8.76868,78.05202,331.39,0.52,0.42,2026-07-25,801,N,VIIRS,n,2.0NRT,300.75,2.13,D
8.84527,77.95808,346.88,0.53,0.42,2026-07-25,801,N,VIIRS,n,2.0NRT,305.91,25.65,D
8.95624,77.78273,342.83,0.54,0.42,2026-07-25,801,N,VIIRS,n,2.0NRT,305.38,13.6,D
9.11794,77.59937,343.19,0.55,0.42,2026-07-25,801,N,VIIRS,n,2.0NRT,301.79,5.93,D
9.12185,77.59873,337.44,0.55,0.42,2026-07-25,801,N,VIIRS,n,2.0NRT,302.94,4.15,D
9.16651,78.04524,354.62,0.52,0.41,2026-07-25,801,N,VIIRS,n,2.0NRT,308.91,45.04,D
9.16966,78.04662,344.33,0.52,0.41,2026-07-25,801,N,VIIRS,n,2.0NRT,303.76,54.42,D
9.28329,77.55848,340.84,0.55,0.43,2026-07-25,801,N,VIIRS,n,2.0NRT,306.86,12.89,D
9.30537,77.71668,341.0,0.54,0.42,2026-07-25,801,N,VIIRS,n,2.0NRT,306.93,13.48,D
9.39433,77.50125,332.79,0.55,0.43,2026-07-25,801,N,VIIRS,n,2.0NRT,302.69,3.82,D
9.42737,77.53471,334.75,0.55,0.42,2026-07-25,801,N,VIIRS,n,2.0NRT,304.66,2.31,D
9.49523,78.58398,347.48,0.48,0.4,2026-07-25,801,N,VIIRS,n,2.0NRT,301.68,12.5,D
9.52778,78.80358,335.32,0.47,0.39,2026-07-25,801,N,VIIRS,n,2.0NRT,298.89,2.14,D
9.53532,78.75868,337.37,0.47,0.4,2026-07-25,801,N,VIIRS,n,2.0NRT,299.32,5.58,D
9.57775,77.87535,342.88,0.52,0.42,2026-07-25,801,N,VIIRS,n,2.0NRT,307.66,20.73,D
9.57965,77.87807,350.71,0.52,0.42,2026-07-25,801,N,VIIRS,n,2.0NRT,308.46,20.25,D
9.59479,78.18553,339.56,0.5,0.41,2026-07-25,801,N,VIIRS,n,2.0NRT,303.0,8.05,D
9.60717,79.97973,348.33,0.42,0.37,2026-07-25,801,N,VIIRS,n,2.0NRT,302.44,9.54,D
9.80423,77.72384,337.42,0.53,0.42,2026-07-25,801,N,VIIRS,n,2.0NRT,305.39,10.58,D
9.90724,78.1565,335.29,0.5,0.41,2026-07-25,801,N,VIIRS,n,2.0NRT,299.66,2.25,D
9.91396,78.17397,341.92,0.5,0.41,2026-07-25,801,N,VIIRS,n,2.0NRT,304.36,9.66,D
9.96975,77.78606,346.89,0.52,0.42,2026-07-25,801,N,VIIRS,n,2.0NRT,303.11,18.36,D
10.43495,78.55267,335.68,0.47,0.4,2026-07-25,801,N,VIIRS,n,2.0NRT,302.44,7.04,D
10.53204,79.40388,337.7,0.43,0.38,2026-07-25,801,N,VIIRS,n,2.0NRT,298.19,3.07,D
10.90932,77.99366,343.26,0.49,0.4,2026-07-25,801,N,VIIRS,n,2.0NRT,298.59,16.6,D
10.94315,77.17971,338.42,0.55,0.42,2026-07-25,801,N,VIIRS,n,2.0NRT,302.67,4.5,D
11.1397,78.27433,338.4,0.47,0.4,2026-07-25,801,N,VIIRS,n,2.0NRT,304.21,4.8,D
11.19282,77.49533,334.85,0.52,0.41,2026-07-25,801,N,VIIRS,n,2.0NRT,303.03,4.01,D
11.20836,77.91418,334.62,0.49,0.41,2026-07-25,801,N,VIIRS,n,2.0NRT,302.39,3.24,D
11.28183,78.36697,332.18,0.47,0.4,2026-07-25,801,N,VIIRS,n,2.0NRT,290.25,3.98,D
11.28244,78.37044,332.85,0.47,0.4,2026-07-25,801,N,VIIRS,n,2.0NRT,291.8,5.29,D
11.45378,78.45736,337.28,0.46,0.39,2026-07-25,801,N,VIIRS,n,2.0NRT,302.05,1.91,D
11.68872,78.70228,333.34,0.45,0.39,2026-07-25,801,N,VIIRS,l,2.0NRT,296.12,5.05,D
11.73022,78.68802,334.37,0.45,0.39,2026-07-25,801,N,VIIRS,l,2.0NRT,299.17,12.06,D
12.00109,78.78092,334.49,0.44,0.38,2026-07-25,801,N,VIIRS,n,2.0NRT,299.07,3.0,D
12.00164,78.77988,333.77,0.44,0.38,2026-07-25,801,N,VIIRS,n,2.0NRT,298.38,3.48,D
9.78116,78.40366,332.87,0.42,0.38,2026-07-25,2036,N,VIIRS,n,2.0NRT,292.68,2.36,N
10.18617,77.27609,301.65,0.39,0.36,2026-07-25,2036,N,VIIRS,n,2.0NRT,283.3,0.33,N
10.61676,77.42206,307.21,0.39,0.36,2026-07-25,2036,N,VIIRS,n,2.0NRT,292.6,0.69,N
10.92849,77.0655,302.39,0.39,0.36,2026-07-25,2036,N,VIIRS,n,2.0NRT,290.88,0.93,N
11.42285,77.44472,308.95,0.39,0.36,2026-07-25,2036,N,VIIRS,n,2.0NRT,290.49,1.02,N
11.81078,77.92224,306.49,0.4,0.37,2026-07-25,2036,N,VIIRS,n,2.0NRT,291.69,1.16,N
8.84475,77.52363,330.39,0.4,0.37,2026-07-25,2038,N,VIIRS,n,2.0NRT,295.85,1.67,N
9.20834,77.50013,312.16,0.4,0.37,2026-07-25,2038,N,VIIRS,n,2.0NRT,295.61,1.06,N
9.61007,78.25507,313.98,0.42,0.38,2026-07-25,2038,N,VIIRS,n,2.0NRT,293.7,0.98,N
9.6107,78.25127,311.69,0.42,0.38,2026-07-25,2038,N,VIIRS,n,2.0NRT,293.51,0.98,N
