osm_id,region,type,name,latitude,longitude,sipcot_verified,sipcot_sector,cpcb_verified,cpcb_name,cpcb_sector
23186326,tn_north,industrial,unnamed,13.0530913,80.2401556,False,,False,,
23648236,tn_north,industrial,Madras Export Processing Zone MEPZ,12.9429222,80.1214177,False,,False,,
25670561,tn_north,industrial,SIPCOT Irungattukottai,12.997417,80.0112007,True,Auto,False,,
25850550,tn_north,construction,Ennore SEZ Super Critical Thermal Power Project (Vayalur),13.2823822,80.310264,False,,False,,
27347413,tn_north,industrial,KK Nagar Container Freight Station,13.0459866,80.1952359,False,,False,,
27347551,tn_north,industrial,Vadapalani MTC Depot,13.0503887,80.2066617,False,,False,,
27434308,tn_north,industrial,AVM Studio,13.0463976,80.2049566,False,,False,,
27768970,tn_north,industrial,Central Medical Depot,13.0817596,80.265279,False,,False,,
27877926,tn_north,industrial,Anna Nagar West MTC Depot,13.0951554,80.1981042,False,,False,,
27954946,tn_north,industrial,Adyar Bus Depot,13.0067179,80.2532777,False,,False,,
28067383,tn_north,industrial,Saidapet MTC Depot,13.0146892,80.2256551,False,,False,,
28225364,tn_north,industrial,Audco Ltd,13.0248325,80.1804789,False,,False,,
28225370,tn_north,industrial,Larsen & Toubro,13.0258115,80.1785038,False,,False,,
28295518,tn_north,industrial,Corporation Asphalt Plant,13.0749634,80.2514177,False,,False,,
28295519,tn_north,industrial,FCI Godown,13.0745961,80.2491907,False,,False,,
28309779,tn_north,industrial,unnamed,12.9684486,80.1738452,False,,False,,
28342600,tn_north,industrial,Perambur MTC Depot,13.1015361,80.2491261,False,,False,,
28342737,tn_north,industrial,Basin Bridge Gas Turbine Power Station,13.0981662,80.2697294,False,,False,,
28347365,tn_north,industrial,Integral Coach Factory Carriage Works - ICF Chennai,13.1054074,80.2250691,False,,False,,
28348128,tn_north,industrial,Integral Coach Factory,13.098065,80.207667,False,,False,,
28350371,tn_north,industrial,Civil Supplies Godown,13.0870577,80.2164382,False,,False,,
29115918,tn_north,industrial,Corporation of Chennai - Pudupet Depot,13.0700186,80.2652801,False,,False,,
29200131,tn_north,industrial,Manali Petro Chemicals,13.1517928,80.2724237,False,,False,,
29200185,tn_north,industrial,Indian Oil Corporation,13.1420862,80.2807303,False,,False,,
29200202,tn_north,industrial,Container Corporation of India - CONCOR,13.147266,80.2870023,False,,False,,
29200357,tn_north,industrial,Bharath Petroleum,13.1258258,80.2826793,False,,False,,
29200367,tn_north,industrial,Hindustan Petroleum,13.122892,80.2812854,False,,False,,
29200386,tn_north,industrial,Indian Oil,13.122177,80.2781299,False,,False,,
29200536,tn_north,industrial,Carborundum Universal,13.1699051,80.309006,False,,False,,
29200545,tn_north,industrial,Thiruvottiyur MTC Depot,13.1722396,80.3045558,False,,False,,
29200667,tn_north,industrial,unnamed,13.184626,80.2997079,False,,False,,
29200671,tn_north,industrial,unnamed,13.1601565,80.2938837,False,,False,,
29200915,tn_north,industrial,unnamed,13.1562405,80.3047977,False,,False,,
29200955,tn_north,industrial,STP Container Terminal,13.164013,80.3080916,False,,False,,
29200958,tn_north,industrial,unnamed,13.1646984,80.3063941,False,,False,,
29200963,tn_north,industrial,Ananda Industries,13.1666483,80.3071002,False,,False,,
29201616,tn_north,industrial,unnamed,13.1802113,80.3113399,False,,False,,
29201694,tn_north,industrial,unnamed,13.15403,80.3015975,False,,False,,
29201863,tn_north,industrial,MRF Tyres,13.176676,80.3094279,False,,False,,
29201864,tn_north,industrial,unnamed,13.1746246,80.3088427,False,,False,,
29201865,tn_north,industrial,ITC Packaging,13.1829182,80.305251,False,,False,,
29202121,tn_north,industrial,Ennore Foundries,13.2119328,80.3217157,False,,False,,
29202122,tn_north,industrial,Ennore Foundries,13.2126907,80.3193326,False,,False,,
29202225,tn_north,industrial,EID Parry Fertilizers,13.2159452,80.3239761,False,,False,,
29202311,tn_north,industrial,Ennore MTC Depot,13.2151278,80.320893,False,,False,,
29245914,tn_north,industrial,Manali Fertilizers Limited - MFL,13.1717143,80.267823,False,,False,,
29246211,tn_north,industrial,unnamed,13.1700147,80.2571715,False,,False,,
29246499,tn_north,industrial,Madhavaram MTC Depot,13.1315179,80.2358382,False,,False,,
30078054,tn_north,industrial,Avadi MTC Depot,13.1210649,80.1020956,False,,False,,
30738573,tn_north,industrial,Ennore Thermal Power Station,13.1995006,80.3094811,False,,False,,
30749076,tn_north,industrial,MTC Workshop - Chrompet,12.9479658,80.1427747,False,,False,,
30750568,tn_north,industrial,FCI Warehouse - Chrompet,12.9389845,80.1368648,False,,False,,
30799480,tn_north,industrial,unnamed,13.1865414,80.2413602,False,,False,,
30889997,tn_north,industrial,Prasad Color Labs,13.0557869,80.2056092,False,,False,,
30973298,tn_north,industrial,Ayanavaram MTC Depot,13.0987302,80.2406601,False,,False,,
31004472,tn_north,industrial,Food Corporation of India - FCI Avadi,13.1240012,80.0732546,False,,False,,
31011639,tn_north,industrial,Ashok Leyland Vehicle Test Centre,13.2334306,80.2801366,False,,False,,
31012197,tn_north,industrial,SICAL Container Freight Station,13.2461259,80.2794757,False,,False,,
31012200,tn_north,industrial,Bay Container Storage Yard,13.2449646,80.2756047,False,,False,,
31252824,tn_north,industrial,Spartek Granites,13.0903615,79.9932355,False,,False,,
31253716,tn_north,industrial,Balaji Brewery,13.1058438,79.9611949,False,,False,,
31255897,tn_north,industrial,Indira cotton mills,12.9447443,80.13686,False,,False,,
31256393,tn_north,industrial,Avadi Carshed,13.1163523,80.122029,False,,False,,
31256674,tn_north,industrial,Tube Products of India,13.1208119,80.1142883,False,,False,,
31257284,tn_north,industrial,All India Radio Station,13.1392008,80.128828,False,,False,,
31723904,tn_north,industrial,TNSTC Bus Depot,12.5026914,80.1531349,False,,False,,
32254408,tn_north,industrial,Tambaram MTC Depot,12.932456,80.121215,False,,False,,
32541372,tn_north,industrial,Bharat Electronics Ltd.,13.02446,80.1928497,False,,False,,
32544980,tn_north,industrial,All India Radio,13.0109515,80.2264746,False,,False,,
32613777,tn_north,industrial,"MTC Bus Depot, KK Nagar",13.0347474,80.2053988,False,,False,,
32686524,tn_north,industrial,unnamed,13.0264659,80.2056649,False,,False,,
32686738,tn_north,industrial,unnamed,13.0137509,80.2016599,False,,False,,
32686766,tn_north,industrial,unnamed,13.0128747,80.2156829,False,,False,,
33016953,tn_north,industrial,International Flavour & Fragrances,13.0093027,80.192279,False,,False,,
33630018,tn_north,industrial,Poonamallee MTC Depot,13.0522938,80.0908077,False,,False,,
33631841,tn_north,industrial,unnamed,13.042142,80.12053,False,,False,,
33744324,tn_north,industrial,Government Civil Supplies Warehouse,13.0314288,80.2428116,False,,False,,
34019466,tn_north,industrial,KK Nagar Pumping Station,13.0417816,80.2031707,False,,False,,
34060137,tn_north,industrial,KK Nagar West MTC Terminus,13.0441885,80.1933418,False,,False,,
34097369,tn_north,industrial,TNEB Site,13.1039325,80.2680966,False,,False,,
34097514,tn_north,industrial,unnamed,13.0917499,80.2679295,False,,False,,
34327606,tn_north,industrial,Southern Railways Printing Press,13.1026208,80.292419,False,,False,,
34327607,tn_north,industrial,IOC Fuel Yard,13.1037376,80.2916809,False,,False,,
34621271,tn_north,industrial,Kolathur Water Works,13.1282922,80.2124125,False,,False,,
35070255,tn_north,industrial,Majestic Studios,13.0493932,80.2004592,False,,False,,
38444699,tn_north,works,unnamed,12.9955031,80.0028694,True,Auto,False,,
39394349,tn_north,industrial,TAFE,13.0580983,80.2553411,False,,False,,
41429068,tn_north,industrial,unnamed,13.0307723,80.0195739,False,,False,,
44034279,tn_north,industrial,balsons,12.9453546,80.1362346,False,,False,,
47415280,tn_north,industrial,Corporation Lorry Depot,13.1047509,80.2749965,False,,False,,
47415297,tn_north,industrial,Government Press,13.104342,80.2792257,False,,False,,
48048706,tn_north,industrial,unnamed,13.1037287,80.2617963,False,,False,,
48048745,tn_north,industrial,unnamed,13.1084645,80.2610532,False,,False,,
48048782,tn_north,industrial,TNEB Site,13.1018093,80.2694169,False,,False,,
48132795,tn_north,industrial,Century Mills,13.1010996,80.247876,False,,False,,
53482205,tn_north,industrial,TVS Group Companies,13.1062596,80.1916901,False,,False,,
64423794,tn_north,industrial,unnamed,12.7452895,79.9963384,False,,False,,
84086831,tn_north,industrial,unnamed,12.9023052,80.022825,False,,False,,
85588694,tn_north,industrial,unnamed,13.0707396,80.0315493,False,,False,,
92071983,tn_north,industrial,unnamed,13.4188286,80.1177181,True,General,True,T.C.P. Limited - Gummidipoondi,Powerplant
92071992,tn_north,industrial,SIPCOT Gummidipundi,13.4143037,80.104668,True,General,True,T.C.P. Limited - Gummidipoondi,Powerplant
93693981,tn_north,industrial,unnamed,13.20325,80.1508896,False,,False,,
95639895,tn_north,industrial,unnamed,13.0443277,80.0582061,False,,False,,
97686666,tn_north,industrial,unnamed,13.1715301,80.3035105,False,,False,,
97686683,tn_north,industrial,unnamed,13.1767665,80.3053382,False,,False,,
98357304,tn_north,industrial,unnamed,12.8611079,80.0712029,False,,False,,
98357611,tn_north,industrial,unnamed,12.9013845,80.1823332,False,,False,,
98366375,tn_north,industrial,Madras Atomic Power Station,12.5570495,80.1723948,False,,False,,
101233633,tn_north,industrial,Bus Parking,13.070512,80.2003907,False,,False,,
102163116,tn_north,industrial,unnamed,13.0389212,80.1636051,False,,False,,
102164751,tn_north,industrial,unnamed,13.0391542,80.1635993,False,,False,,
102459239,tn_north,industrial,TI Cycles Of India,13.1117962,80.1468684,False,,False,,
102459274,tn_north,industrial,unnamed,13.1124208,80.1565831,False,,False,,
102545468,tn_north,industrial,unnamed,13.1293682,80.2838308,False,,False,,
102545478,tn_north,industrial,Korukkupet Goods Shed,13.1190888,80.2702097,False,,False,,
102545479,tn_north,industrial,unnamed,13.1328416,80.2848978,False,,False,,
102546589,tn_north,industrial,North Chennai Thermal Station,13.2489467,80.3277584,False,,False,,
102546591,tn_north,industrial,unnamed,13.2544564,80.3003342,False,,False,,
102553769,tn_north,industrial,unnamed,13.1558839,80.2718507,False,,False,,
102553799,tn_north,industrial,unnamed,13.1888567,80.2673352,False,,False,,
102553846,tn_north,industrial,unnamed,13.1874753,80.2720235,False,,False,,
102553850,tn_north,industrial,unnamed,13.1845254,80.2663366,False,,False,,
102565496,tn_north,industrial,unnamed,13.1784992,80.2749772,False,,False,,
102565503,tn_north,industrial,unnamed,13.2070037,80.2647277,False,,False,,
102565505,tn_north,industrial,CPCL Refinery,13.1741056,80.2749395,False,,False,,
102565509,tn_north,industrial,unnamed,13.1680192,80.2861585,False,,False,,
102575791,tn_north,industrial,unnamed,13.0529809,80.1357624,False,,False,,
102575794,tn_north,industrial,unnamed,13.0540703,80.1194469,False,,False,,
102575798,tn_north,industrial,unnamed,13.0540569,80.1315278,False,,False,,
102575803,tn_north,industrial,unnamed,13.0494773,80.1204185,False,,False,,
102575804,tn_north,industrial,unnamed,13.0556542,80.1414368,False,,False,,
102577038,tn_north,industrial,unnamed,13.0373444,80.0416542,False,,False,,
102577042,tn_north,industrial,unnamed,13.0546976,80.094813,False,,False,,
102577044,tn_north,industrial,unnamed,13.0415029,80.0615913,False,,False,,
102577050,tn_north,industrial,unnamed,13.0581202,80.0983303,False,,False,,
102577053,tn_north,industrial,unnamed,13.0592895,80.1081887,False,,False,,
102577055,tn_north,industrial,unnamed,13.0558263,80.1081619,False,,False,,
102577056,tn_north,industrial,unnamed,13.0576706,80.0962459,False,,False,,
102577057,tn_north,industrial,unnamed,13.041764,80.062983,False,,False,,
102577059,tn_north,industrial,unnamed,13.0551963,80.0986365,False,,False,,
102577062,tn_north,industrial,unnamed,13.058321,80.1006187,False,,False,,
102577585,tn_north,industrial,unnamed,13.0327927,80.050764,False,,False,,
102580568,tn_north,industrial,IITM Research Park,12.9908454,80.2427657,False,,False,,
102591607,tn_north,industrial,Tondiarpet Diesel Loco Shed,13.1331854,80.2819076,False,,False,,
102663584,tn_north,industrial,unnamed,13.1583274,80.2652729,False,,False,,
102663615,tn_north,industrial,unnamed,13.1754936,80.2598091,False,,False,,
102664278,tn_north,industrial,unnamed,13.1751037,80.1972059,False,,False,,
102664280,tn_north,industrial,unnamed,13.151624,80.2204354,False,,False,,
102664281,tn_north,industrial,unnamed,13.1430968,80.2174011,False,,False,,
102664283,tn_north,industrial,unnamed,13.1472209,80.2264593,False,,False,,
102664285,tn_north,industrial,unnamed,13.1505702,80.2077778,False,,False,,
102664286,tn_north,industrial,unnamed,13.1271056,80.2371456,False,,False,,
102664287,tn_north,industrial,unnamed,13.1486124,80.2079084,False,,False,,
102664288,tn_north,industrial,unnamed,13.1768457,80.1953523,False,,False,,
102664290,tn_north,industrial,unnamed,13.1527666,80.2061462,False,,False,,
102664291,tn_north,industrial,unnamed,13.1549684,80.207232,False,,False,,
102664292,tn_north,industrial,unnamed,13.1413395,80.2225558,False,,False,,
102667266,tn_north,industrial,unnamed,13.0693718,80.2033527,False,,False,,
103427918,tn_north,industrial,unnamed,13.5382445,80.0045303,False,,False,,
122063529,tn_north,industrial,unnamed,13.0261109,80.1719707,False,,False,,
122063608,tn_north,industrial,unnamed,13.0383274,80.1757718,False,,False,,
122063610,tn_north,industrial,unnamed,13.035386,80.1757195,False,,False,,
122063611,tn_north,industrial,unnamed,13.0249169,80.17533,False,,False,,
125180610,tn_north,industrial,Iyyapanthangal MTC Depot,13.0372598,80.1347966,False,,False,,
125180634,tn_north,industrial,Tondiarpet-II MTC Depot,13.1342454,80.2907674,False,,False,,
125180638,tn_north,industrial,Vyasarpadi MTC Depot,13.1201826,80.2585688,False,,False,,
125180701,tn_north,industrial,unnamed,13.1354214,80.230306,False,,False,,
125180704,tn_north,industrial,unnamed,13.1674607,80.2256714,False,,False,,
125180709,tn_north,industrial,unnamed,13.1425798,80.2675039,False,,False,,
125180712,tn_north,industrial,unnamed,13.1522865,80.2284391,False,,False,,
125180713,tn_north,industrial,unnamed,13.1589101,80.2269999,False,,False,,
125221016,tn_north,industrial,Basin Bridge MTC Depot,13.1023516,80.2738542,False,,False,,
125234690,tn_north,industrial,unnamed,13.0378337,80.1348934,False,,False,,
125234695,tn_north,industrial,Anna Nagar West Depot,13.093925,80.198087,False,,False,,
125234704,tn_north,industrial,Kelambakkam Bus Station,12.7862465,80.2220073,True,IT,False,,
125234709,tn_north,industrial,unnamed,13.2147136,80.3208341,False,,False,,
125234714,tn_north,industrial,Thiruverkadu Bus Depot,13.0695032,80.12401,False,,False,,
125234717,tn_north,industrial,unnamed,13.139057,80.2821304,False,,False,,
125234725,tn_north,industrial,unnamed,13.1478834,80.3011918,False,,False,,
128920963,tn_north,industrial,unnamed,12.7221342,80.187696,False,,False,,
130109235,tn_north,industrial,unnamed,12.8753369,80.2239992,False,,False,,
131425286,tn_north,industrial,Perungudi Sewage Treatment Plant,12.9572257,80.2339153,False,,False,,
131425306,tn_north,industrial,Nehru Nagar Industrial Estate,12.9745906,80.2472774,False,,False,,
131425310,tn_north,industrial,unnamed,12.9580337,80.2466899,False,,False,,
131963518,tn_north,industrial,unnamed,12.9734603,80.2514107,False,,False,,
131963520,tn_north,industrial,unnamed,12.9647131,80.2488939,False,,False,,
132065409,tn_north,industrial,Dr VSI Estate,12.9790789,80.2509381,False,,False,,
132075318,tn_north,industrial,unnamed,12.9791885,80.2524814,False,,False,,
132190829,tn_north,industrial,unnamed,12.9717435,80.2459542,False,,False,,
132190830,tn_north,industrial,Tirumalai Nagar,12.9722437,80.2440599,False,,False,,
132192515,tn_north,industrial,Dr VSI Estate,12.9819637,80.2509787,False,,False,,
132476828,tn_north,industrial,unnamed,12.8778227,79.7680654,False,,False,,
132476829,tn_north,industrial,unnamed,12.872363,79.7492675,False,,False,,
132481079,tn_north,industrial,unnamed,12.9408056,79.3503659,True,Leather/Chemical,True,Bhavani Distilleries and Chemicals Ltd,Distillery
132510303,tn_north,industrial,TNEB Substation,12.9848424,80.2507803,False,,False,,
132510312,tn_north,industrial,PWD,12.9851599,80.2442316,False,,False,,
133591371,tn_north,industrial,unnamed,13.2417535,80.2943193,False,,False,,
133591372,tn_north,industrial,Vallur Thermal Power Station,13.2369124,80.3067214,False,,False,,
133591375,tn_north,industrial,The Indian Cement Ltd.,13.2349559,80.2837406,False,,False,,
133591383,tn_north,industrial,unnamed,13.2427506,80.2869541,False,,False,,
133593256,tn_north,industrial,unnamed,13.1935679,80.3163191,False,,False,,
133593258,tn_north,industrial,unnamed,13.189868,80.3149293,False,,False,,
133600829,tn_north,industrial,unnamed,13.162675,80.2661763,False,,False,,
133602708,tn_north,industrial,unnamed,13.1837517,80.2764574,False,,False,,
133602710,tn_north,industrial,unnamed,13.1918767,80.2478785,False,,False,,
136720406,tn_north,industrial,unnamed,13.0771393,79.6487439,False,,False,,
138307550,tn_north,industrial,TNEB,13.0998421,80.1819377,False,,False,,
138307551,tn_north,industrial,VSNL,13.1291148,80.16646,False,,False,,
138307618,tn_north,industrial,unnamed,13.1125522,80.2040681,False,,False,,
138337696,tn_north,industrial,unnamed,13.2837212,80.0667306,False,,False,,
138337698,tn_north,industrial,unnamed,13.3889758,80.0203426,False,,False,,
138337699,tn_north,industrial,unnamed,13.1259518,80.016412,False,,False,,
138337700,tn_north,industrial,unnamed,13.2916621,80.063118,False,,False,,
138337702,tn_north,industrial,unnamed,13.2651155,80.0221485,False,,False,,
138337703,tn_north,industrial,unnamed,13.2852717,80.0718843,False,,False,,
138986555,tn_north,industrial,unnamed,12.8682734,79.0900247,False,,False,,
154969592,tn_north,industrial,Metrowater,12.9834379,80.2632646,False,,False,,
155210899,tn_north,industrial,unnamed,13.281881,80.322066,False,,False,,
155210900,tn_north,industrial,unnamed,13.2604976,80.3042516,False,,False,,
155210901,tn_north,industrial,unnamed,13.2865686,80.338279,False,,False,,
155210902,tn_north,industrial,unnamed,13.2896886,80.3349113,False,,False,,
155219391,tn_north,industrial,Sriperumbudur Industrial Park,12.9272239,79.9123046,False,,False,,
155219393,tn_north,industrial,unnamed,12.9450348,79.9395753,True,Auto/Electronics,False,,
155219394,tn_north,industrial,unnamed,12.9247348,79.8838946,False,,False,,
169297851,tn_north,industrial,Wipro CDC7,12.7370555,80.0104568,False,,False,,
174970714,tn_north,industrial,unnamed,12.9884079,79.8962251,False,,False,,
174970718,tn_north,industrial,TVS Delphi,13.0166228,79.9232525,False,,False,,
174970719,tn_north,industrial,unnamed,13.0945382,79.8949775,False,,False,,
174970720,tn_north,industrial,unnamed,13.1248443,79.7714021,False,,False,,
174970721,tn_north,industrial,unnamed,13.0964665,79.9042067,False,,False,,
174970722,tn_north,industrial,unnamed,12.9904003,79.9030437,False,,False,,
174970723,tn_north,industrial,unnamed,12.9854817,79.8994545,False,,False,,
175799894,tn_north,industrial,Thirumudivakkam SIDCO Industrial Estate,12.9720254,80.0894428,False,,False,,
177370708,tn_north,industrial,Dunlop Tyres,13.1033538,80.1531998,False,,False,,
177370813,tn_north,industrial,unnamed,13.0652939,80.1501683,False,,False,,
177370814,tn_north,industrial,unnamed,12.7669305,80.0285085,False,,False,,
177370815,tn_north,industrial,unnamed,13.1007667,80.1519933,False,,False,,
177370817,tn_north,industrial,unnamed,12.7673268,80.0096833,False,,False,,
177370818,tn_north,industrial,unnamed,13.1389447,80.2387737,False,,False,,
177370825,tn_north,industrial,unnamed,13.1400734,80.24301,False,,False,,
177370826,tn_north,industrial,unnamed,13.1446795,80.2346715,False,,False,,
177370827,tn_north,industrial,unnamed,12.7670937,80.0241858,False,,False,,
178473260,tn_north,industrial,unnamed,13.1735576,80.217242,False,,False,,
178495073,tn_north,industrial,unnamed,12.6671547,79.2968187,False,,False,,
178747901,tn_north,industrial,unnamed,13.0577108,80.1316179,False,,False,,
178747902,tn_north,industrial,unnamed,13.0588367,80.1513004,False,,False,,
178747903,tn_north,industrial,unnamed,13.0575244,80.138284,False,,False,,
178752246,tn_north,industrial,unnamed,12.9387172,80.0019839,True,Auto,False,,
178752247,tn_north,industrial,unnamed,13.0461158,80.0233906,False,,False,,
178752248,tn_north,industrial,unnamed,13.0387234,80.0215728,False,,False,,
178752250,tn_north,industrial,unnamed,13.0475087,80.0146855,False,,False,,
178752251,tn_north,industrial,unnamed,13.0375832,80.0149565,False,,False,,
178752252,tn_north,industrial,unnamed,13.04709,80.01025,False,,False,,
178752253,tn_north,industrial,unnamed,13.0353714,80.0245302,False,,False,,
180145734,tn_north,industrial,unnamed,12.9589666,80.1383427,False,,False,,
180145735,tn_north,industrial,unnamed,12.9645251,80.1326147,False,,False,,
187763078,tn_north,works,Brakes India,12.7343599,80.0158393,False,,False,,
187763079,tn_north,industrial,Mahindra Research Valley,12.7192875,80.01468,False,,False,,
187763080,tn_north,works,Sundaram Fasteners,12.7331626,80.0142285,False,,False,,
191527885,tn_north,industrial,Daimler India Commercial Vehicles,12.8396041,79.9538594,False,,False,,
191527886,tn_north,industrial,Renault Nissan,12.835853,79.9422981,False,,False,,
194295085,tn_north,industrial,unnamed,12.7770143,79.8666209,False,,False,,
202471880,tn_north,industrial,Oragadam Industrial Park,12.8555875,79.9321809,False,,False,,
202471881,tn_north,industrial,SIPCOT Industrial Growth Centre,12.8673122,79.9659156,False,,False,,
209535299,tn_north,industrial,unnamed,13.0524332,80.2426482,False,,False,,
209535323,tn_north,industrial,unnamed,13.0517198,80.2443832,False,,False,,
211638793,tn_north,industrial,unnamed,13.0194302,80.2634472,False,,False,,
211669395,tn_north,industrial,TNEB,13.045125,80.2658584,False,,False,,
214188222,tn_north,industrial,unnamed,13.017718,80.2205716,False,,False,,
214188225,tn_north,industrial,unnamed,13.018334,80.2203592,False,,False,,
214599705,tn_north,industrial,unnamed,13.0165515,80.2111405,False,,False,,
214599719,tn_north,industrial,unnamed,13.0128054,80.2118868,False,,False,,
214599722,tn_north,industrial,unnamed,13.0221356,80.2086435,False,,False,,
214599732,tn_north,industrial,unnamed,13.0106827,80.2070338,False,,False,,
214599800,tn_north,industrial,unnamed,13.010655,80.2108182,False,,False,,
214599802,tn_north,industrial,unnamed,13.0049632,80.2120238,False,,False,,
214599803,tn_north,industrial,unnamed,13.017794,80.2133955,False,,False,,
214599813,tn_north,industrial,unnamed,13.0074819,80.2105223,False,,False,,
217722049,tn_north,industrial,unnamed,13.0931093,80.2482853,False,,False,,
217723247,tn_north,industrial,Binny Mills,13.1015417,80.2582831,False,,False,,
217753845,tn_north,industrial,unnamed,13.0637436,80.2151896,False,,False,,
217753846,tn_north,industrial,unnamed,13.0631223,80.2152285,False,,False,,
217760902,tn_north,industrial,unnamed,13.0684713,80.2168855,False,,False,,
217767220,tn_north,industrial,unnamed,13.0625359,80.2547876,False,,False,,
217845816,tn_north,industrial,unnamed,13.098012,80.2745819,False,,False,,
217860905,tn_north,industrial,unnamed,13.1069473,80.29227,False,,False,,
217860909,tn_north,industrial,unnamed,13.1168198,80.2960815,False,,False,,
217860910,tn_north,industrial,unnamed,13.1080457,80.2952018,False,,False,,
217860911,tn_north,industrial,unnamed,13.1176369,80.2943638,False,,False,,
217864785,tn_north,industrial,unnamed,13.1228489,80.2947795,False,,False,,
217864787,tn_north,industrial,unnamed,13.1123678,80.2900457,False,,False,,
217864789,tn_north,industrial,unnamed,13.1233807,80.290783,False,,False,,
217864790,tn_north,industrial,unnamed,13.1217776,80.29562,False,,False,,
217864791,tn_north,industrial,unnamed,13.119707,80.291413,False,,False,,
217865452,tn_north,industrial,unnamed,13.125862,80.2914385,False,,False,,
217868670,tn_north,industrial,unnamed,13.103038,80.2911332,False,,False,,
217868671,tn_north,industrial,unnamed,13.103315,80.2902746,False,,False,,
217880142,tn_north,industrial,unnamed,13.112446,80.2522319,False,,False,,
217906525,tn_north,industrial,unnamed,13.1211614,80.2571289,False,,False,,
217921150,tn_north,industrial,unnamed,13.0884631,80.2503964,False,,False,,
217927402,tn_north,industrial,MTC Depot,13.0870713,80.21925,False,,False,,
217930032,tn_north,industrial,unnamed,13.1052052,80.1999847,False,,False,,
217930033,tn_north,industrial,unnamed,13.1054166,80.1987683,False,,False,,
217940544,tn_north,industrial,unnamed,13.1157602,80.2643878,False,,False,,
217950386,tn_north,industrial,unnamed,13.1281072,80.276455,False,,False,,
217950387,tn_north,industrial,unnamed,13.1226148,80.2763996,False,,False,,
217952450,tn_north,industrial,unnamed,13.117216,80.2752471,False,,False,,
218204240,tn_north,industrial,unnamed,13.1304765,80.2940546,False,,False,,
218205268,tn_north,industrial,unnamed,13.1272962,80.2867395,False,,False,,
218205270,tn_north,industrial,unnamed,13.1329265,80.2958734,False,,False,,
218205272,tn_north,industrial,unnamed,13.1404382,80.2983955,False,,False,,
218205274,tn_north,industrial,unnamed,13.1365695,80.2949452,False,,False,,
218206842,tn_north,industrial,unnamed,13.1078968,80.2873168,False,,False,,
218208878,tn_north,industrial,unnamed,13.1301958,80.2885724,False,,False,,
218208880,tn_north,industrial,unnamed,13.1305314,80.2863048,False,,False,,
218208882,tn_north,industrial,unnamed,13.129276,80.2855914,False,,False,,
218208887,tn_north,industrial,unnamed,13.1378056,80.2882653,False,,False,,
218208892,tn_north,industrial,unnamed,13.136583,80.2864928,False,,False,,
218212406,tn_north,industrial,unnamed,13.1563844,80.2884764,False,,False,,
218212408,tn_north,industrial,unnamed,13.1245469,80.284545,False,,False,,
218212410,tn_north,industrial,unnamed,13.134341,80.260846,False,,False,,
219516140,tn_north,industrial,MTC Depot,13.1005668,80.1937768,False,,False,,
219561456,tn_north,industrial,unnamed,13.1327756,80.2544561,False,,False,,
223094122,tn_north,industrial,Kubs Locks,12.8505123,79.938029,False,,False,,
223094123,tn_north,works,unnamed,12.8536892,79.936111,False,,False,,
223094124,tn_north,industrial,Royal Enfield Oragadam,12.8493278,79.9343066,False,,False,,
223094128,tn_north,industrial,TVT,12.852156,79.9379478,False,,False,,
230865950,tn_north,industrial,Depot,12.6908601,79.9817035,False,,True,Mohan Breweries and Distilleries Ltd,Distillery
240461920,tn_north,industrial,unnamed,13.05185,80.2582654,False,,False,,
241027993,tn_north,industrial,unnamed,13.0712617,80.2425523,False,,False,,
241540258,tn_north,industrial,unnamed,13.0942934,80.2677537,False,,False,,
261183475,tn_north,industrial,Parryware Factory,12.9243198,79.3273257,True,Leather/Chemical,True,Bhavani Distilleries and Chemicals Ltd,Distillery
265041039,tn_north,industrial,Sipcot,12.9613946,79.4691863,False,,False,,
275926236,tn_north,industrial,Industrial Hub,12.9602809,79.462228,False,,False,,
297545906,tn_north,industrial,SIPCOT Industrial Complex,12.9554404,79.3189323,True,Leather/Chemical,False,,
297545907,tn_north,industrial,SIPCOT Industrial Complex,12.9623228,79.3064306,True,Leather/Chemical,False,,
297545908,tn_north,industrial,unnamed,13.1132363,79.1321289,False,,False,,
297545911,tn_north,industrial,unnamed,13.0020538,79.2943895,False,,False,,
319249721,tn_north,industrial,Gold Winner Oil Company,12.901324,80.1820874,False,,False,,
319249898,tn_north,industrial,Ramarao Body Works,12.9018718,80.1834812,False,,False,,
331617992,tn_north,industrial,NTC Logistics India (P) Ltd.,13.0402689,80.0419287,False,,False,,
350602548,tn_north,industrial,Cristo Blocks,12.5697794,80.1410962,False,,False,,
350602549,tn_north,industrial,Balaji Hallo Blocks,12.5694345,80.1413531,False,,False,,
354200295,tn_north,industrial,unnamed,13.108204,80.2963341,False,,False,,
354575639,tn_north,industrial,unnamed,13.0093027,80.1922699,False,,False,,
355047979,tn_north,works,Visewham Electricals,13.0654964,80.2206408,False,,False,,
355048412,tn_north,works,Alpha Industries Factory,13.0661114,80.2199405,False,,False,,
355658639,tn_north,works,Flowserve Sanmar,12.9212165,80.2308202,False,,False,,
366448519,tn_north,industrial,Maruthi Suzuki,13.0549595,80.1479911,False,,False,,
368728456,tn_north,industrial,unnamed,12.7629765,79.9077687,False,,False,,
368728457,tn_north,industrial,unnamed,12.7594318,79.918915,False,,False,,
368728462,tn_north,industrial,unnamed,12.7653941,79.9073918,False,,False,,
368728465,tn_north,industrial,unnamed,12.7621769,79.9099063,False,,False,,
368728469,tn_north,industrial,unnamed,12.7582136,79.9189219,False,,False,,
369648065,tn_north,industrial,Treatment plant,13.0117715,80.1899979,False,,False,,
383833228,tn_north,industrial,unnamed,13.0155161,80.0818057,False,,False,,
384976317,tn_north,industrial,unnamed,13.2356943,80.1983221,False,,False,,
385014621,tn_north,industrial,unnamed,13.1971293,80.1552102,False,,False,,
385014642,tn_north,industrial,unnamed,13.198101,80.152474,False,,False,,
385113121,tn_north,industrial,unnamed,13.218716,80.1633776,False,,False,,
385145168,tn_north,industrial,unnamed,13.1830311,80.1273256,False,,False,,
385229041,tn_north,industrial,unnamed,13.193648,80.1128512,False,,False,,
385229059,tn_north,industrial,unnamed,13.1832648,80.1042386,False,,False,,
397915364,tn_north,industrial,திருவான்மியூர் எம்.டி.சி. டிப்போ,12.9868334,80.2587347,False,,False,,
399619793,tn_north,works,Vellore Aavin Milk Cooperative Society,12.9358675,79.1578427,False,,True,Tirupattur Co-operative Sugar Mills,Sugar
422432456,tn_north,industrial,unnamed,13.0048589,80.2031195,False,,False,,
422432457,tn_north,industrial,unnamed,13.001955,80.2012357,False,,False,,
428440761,tn_north,industrial,unnamed,12.9562091,80.0422413,False,,False,,
441925316,tn_north,industrial,unnamed,13.0081112,80.1554843,False,,False,,
462909802,tn_north,industrial,Timber Cutting Yard,13.2772779,80.2316301,False,,False,,
462909803,tn_north,industrial,Chandra CFS And Terminal Operators PVT LTD,13.2807097,80.2324577,False,,False,,
462909804,tn_north,industrial,Bricks Company,13.2816225,80.2131994,False,,False,,
465577316,tn_north,industrial,unnamed,12.8748421,79.6622105,False,,False,,
465577317,tn_north,industrial,unnamed,12.8768459,79.6629066,False,,False,,
525999402,tn_north,industrial,unnamed,12.7070708,79.9480623,False,,False,,
525999403,tn_north,industrial,unnamed,12.7034521,79.950605,False,,True,Mohan Breweries and Distilleries Ltd,Distillery
525999407,tn_north,industrial,unnamed,12.7145225,79.9462276,False,,False,,
525999410,tn_north,industrial,unnamed,12.7102002,79.9462773,False,,False,,
525999412,tn_north,industrial,unnamed,12.7215671,79.9410845,False,,False,,
525999418,tn_north,industrial,unnamed,12.7242607,79.9394296,False,,False,,
525999425,tn_north,industrial,unnamed,12.7261105,79.9341993,False,,False,,
526761962,tn_north,industrial,unnamed,12.697856,79.9035162,False,,False,,
553897151,tn_north,industrial,TI Metal Forming,13.1259394,80.0482535,False,,False,,
554919771,tn_north,industrial,unnamed,13.2761354,80.3427192,False,,False,,
554919776,tn_north,industrial,Nemmeli Seawater Desalination Plant,12.7034391,80.2251318,False,,False,,
555507811,tn_north,industrial,unnamed,13.4212687,80.3266958,False,,False,,
556746546,tn_north,industrial,nelcast,13.3064502,80.1685061,False,,True,North Chennai Thermal Power Station,Powerplant
559461118,tn_north,industrial,Mamallapuram Telephone Exchange,12.6218808,80.1924848,False,,False,,
582426322,tn_north,works,Faurecia Automotive,12.9458236,79.9385971,True,Auto/Electronics,False,,
597913161,tn_north,industrial,Cheyyar SEZ Developers Pvt. Ltd.,12.7220708,79.666881,False,,False,,
604135762,tn_north,industrial,unnamed,13.0058227,80.208478,False,,False,,
608623097,tn_north,industrial,Resource Recovery Park - Sriperumbudur,12.9813983,79.9310424,True,Auto/Electronics,False,,
625243648,tn_north,industrial,VRV Asia Pacific Private Limited,13.5558195,80.0132916,False,,False,,
625243650,tn_north,industrial,Foxconn,13.5513864,80.0211837,False,,False,,
625248966,tn_north,industrial,Mondelez International,13.5490558,79.9944578,False,,False,,
625248967,tn_north,industrial,Unicharm Private Limited,13.5481742,80.0059166,False,,False,,
625248968,tn_north,industrial,Nippon Seiki,13.5481168,80.0111031,False,,False,,
625248969,tn_north,industrial,Nittan India Tech Private Limited,13.5473136,80.0090187,False,,False,,
625248973,tn_north,industrial,Danieli,13.5375429,79.993624,False,,False,,
625565535,tn_north,industrial,unnamed,13.2085223,80.2549112,False,,False,,
625565538,tn_north,industrial,RMS Ropheka Multi Speciality Hospital,13.201945,80.2634391,False,,False,,
627421734,tn_north,industrial,VRL Logistics Ltd,13.5601795,80.0177269,False,,False,,
636898416,tn_north,industrial,unnamed,13.4165579,80.0575439,False,,False,,
636898419,tn_north,industrial,unnamed,13.3581058,79.9919634,False,,False,,
641923562,tn_north,industrial,unnamed,12.9007139,79.9055225,False,,False,,
641944090,tn_north,industrial,unnamed,12.8079654,80.2472704,True,IT,False,,
641944093,tn_north,industrial,unnamed,12.7996548,80.2462576,True,IT,False,,
649565171,tn_north,industrial,unnamed,13.2348402,80.0201347,False,,False,,
649565172,tn_north,industrial,unnamed,13.2303855,80.0207926,False,,False,,
649565173,tn_north,industrial,unnamed,13.2302495,80.0163752,False,,False,,
650546973,tn_north,industrial,unnamed,13.2271683,80.0463109,False,,False,,
651780093,tn_north,industrial,unnamed,13.2220396,80.0930289,False,,False,,
651783947,tn_north,industrial,unnamed,13.2666604,80.1788157,False,,False,,
651783948,tn_north,industrial,unnamed,13.2684092,80.1650139,False,,False,,
651783954,tn_north,industrial,unnamed,13.2582366,80.1283634,False,,False,,
651783958,tn_north,industrial,unnamed,13.2521876,80.1502981,False,,False,,
651786509,tn_north,works,unnamed,13.2391597,80.1133214,False,,False,,
651786510,tn_north,industrial,unnamed,13.2401601,80.1113767,False,,False,,
651786511,tn_north,industrial,unnamed,13.2363613,80.1045869,False,,False,,
651786512,tn_north,industrial,unnamed,13.2305334,80.106642,False,,False,,
651786513,tn_north,industrial,unnamed,13.2301899,80.1136586,False,,False,,
651786514,tn_north,industrial,unnamed,13.226812,80.1103555,False,,False,,
651791121,tn_north,industrial,unnamed,13.2388866,80.1276735,False,,False,,
651791122,tn_north,industrial,unnamed,13.2343605,80.0913106,False,,False,,
651791123,tn_north,industrial,unnamed,13.226738,80.0887372,False,,False,,
651791124,tn_north,industrial,unnamed,13.2209248,80.0792009,False,,False,,
651791129,tn_north,industrial,unnamed,13.2398928,80.0549846,False,,False,,
651793822,tn_north,industrial,unnamed,13.2280884,80.0114422,False,,False,,
651793823,tn_north,industrial,unnamed,13.2308145,80.0093901,False,,False,,
651793824,tn_north,industrial,unnamed,13.2247392,80.0039339,False,,False,,
651793826,tn_north,industrial,unnamed,13.2187477,79.995147,False,,False,,
651793833,tn_north,industrial,unnamed,13.2413088,79.9019027,False,,False,,
651794540,tn_north,industrial,unnamed,13.2766212,80.206597,False,,False,,
651794541,tn_north,industrial,unnamed,13.277546,80.2008775,False,,False,,
651794542,tn_north,industrial,unnamed,13.278383,80.1959095,False,,False,,
651795207,tn_north,industrial,unnamed,13.2671318,80.1886698,False,,False,,
651795208,tn_north,industrial,unnamed,13.2790295,80.1883168,False,,False,,
651795209,tn_north,industrial,unnamed,13.2346443,80.0793081,False,,False,,
651795210,tn_north,industrial,unnamed,13.2463727,80.0783336,False,,False,,
654079924,tn_north,industrial,unnamed,12.8944693,80.1146477,False,,False,,
654080506,tn_north,industrial,unnamed,12.8899629,80.1193076,False,,False,,
660104244,tn_north,industrial,DIS,12.9196556,79.8832391,False,,False,,
660106884,tn_north,industrial,unnamed,12.9189688,79.8860863,False,,False,,
660107875,tn_north,industrial,YCH Logistics,12.9146349,79.8863122,False,,False,,
660114343,tn_north,industrial,Mentor Printing and Logistics Pvt Ltd,12.9173475,79.8957265,False,,False,,
660115893,tn_north,industrial,unnamed,12.9134229,79.8956154,False,,False,,
660116256,tn_north,industrial,High Valley Insulations P Ltd,12.9101393,79.8947576,False,,False,,
660117682,tn_north,industrial,PREI POLAR ENGINEERING PRIVATE LIMITED,12.9092002,79.8944689,False,,False,,
660119478,tn_north,industrial,unnamed,12.9165159,79.8910388,False,,False,,
660317482,tn_north,industrial,Foxconn,12.922606,79.8912291,False,,False,,
660343106,tn_north,industrial,Samsung India Electronics,12.9155472,79.8821298,False,,False,,
660653918,tn_north,works,Flex India DTA Plant,12.916113,79.8767745,False,,False,,
660653919,tn_north,works,Flex India SEZ Plant,12.9162303,79.8786262,False,,False,,
660654316,tn_north,industrial,Flex India,12.9167277,79.87849,False,,False,,
661042567,tn_north,industrial,unnamed,13.2914658,80.3416215,False,,False,,
661512644,tn_north,industrial,unnamed,13.1359044,80.0830686,False,,False,,
661512645,tn_north,industrial,unnamed,13.1362016,80.0907619,False,,False,,
661512646,tn_north,industrial,unnamed,13.1329986,80.0718234,False,,False,,
661546299,tn_north,works,unnamed,12.7722117,80.0213304,False,,False,,
661546300,tn_north,works,unnamed,12.7735772,80.0214392,False,,False,,
661546302,tn_north,works,unnamed,12.7696874,80.017036,False,,False,,
661546304,tn_north,industrial,unnamed,12.7852828,80.0222176,False,,False,,
661546317,tn_north,industrial,Varroc Polymers,12.8042132,79.9093577,False,,False,,
661546323,tn_north,works,unnamed,12.8487937,79.9320059,False,,False,,
661546325,tn_north,works,unnamed,12.8457029,79.930239,False,,False,,
661546327,tn_north,works,Nokia,12.8491828,79.9252337,False,,False,,
661546329,tn_north,works,unnamed,12.8626166,79.9296462,False,,False,,
661546331,tn_north,works,unnamed,12.8628612,79.9347816,False,,False,,
661546333,tn_north,works,unnamed,12.8589133,79.9342737,False,,False,,
661546337,tn_north,industrial,unnamed,12.8575345,79.9445334,False,,False,,
661546342,tn_north,industrial,unnamed,12.7789287,79.8586557,False,,False,,
661546345,tn_north,industrial,unnamed,12.7776837,79.8616638,False,,False,,
665513354,tn_north,industrial,unnamed,13.2333117,80.2636641,False,,False,,
665515438,tn_north,industrial,unnamed,13.2261973,80.2665139,False,,False,,
665515439,tn_north,industrial,unnamed,13.2281085,80.2696107,False,,False,,
665515441,tn_north,industrial,unnamed,13.2308929,80.2585538,False,,False,,
665515442,tn_north,industrial,unnamed,13.234562,80.269502,False,,False,,
665516596,tn_north,industrial,unnamed,13.2271949,80.2615635,False,,False,,
665530482,tn_north,industrial,unnamed,13.2709799,80.3358426,False,,False,,
665533251,tn_north,industrial,unnamed,13.2370853,80.2529845,False,,False,,
665536015,tn_north,industrial,unnamed,13.2237702,80.2631212,False,,False,,
665686265,tn_north,industrial,unnamed,13.2199825,80.2757732,False,,False,,
665689557,tn_north,industrial,unnamed,13.2723399,80.2025464,False,,False,,
665693006,tn_north,industrial,unnamed,13.2392492,80.1229515,False,,False,,
665693014,tn_north,industrial,unnamed,13.2140701,80.0846011,False,,False,,
665693015,tn_north,industrial,unnamed,13.2110767,80.0812399,False,,False,,
669970030,tn_north,industrial,unnamed,13.1053602,80.2745168,False,,False,,
669970031,tn_north,industrial,unnamed,13.1058696,80.274247,False,,False,,
669970057,tn_north,industrial,unnamed,13.1057155,80.2919381,False,,False,,
670974352,tn_north,industrial,unnamed,12.9951388,80.1926237,False,,False,,
680977076,tn_north,works,unnamed,12.7260935,80.0175329,False,,False,,
680977078,tn_north,works,unnamed,12.726325,80.0252657,False,,False,,
680977079,tn_north,works,unnamed,12.7251581,80.023183,False,,False,,
680977081,tn_north,works,unnamed,12.725497,80.0240158,False,,False,,
680977082,tn_north,works,unnamed,12.7236878,80.0186299,False,,False,,
680977083,tn_north,works,unnamed,12.7236013,80.016936,False,,False,,
680977084,tn_north,works,unnamed,12.7298648,80.0155037,False,,False,,
680977085,tn_north,works,unnamed,12.7348764,80.017605,False,,False,,
688989169,tn_north,industrial,unnamed,12.7230991,79.6546488,False,,False,,
692378130,tn_north,industrial,Kobelco Construction Equipment India Private Limited,13.5527034,80.0143666,False,,False,,
692378141,tn_north,industrial,Metal One,13.5518009,80.012736,False,,False,,
692378147,tn_north,industrial,NHK Springs India Limited,13.551084,80.0113619,False,,False,,
692378151,tn_north,industrial,unnamed,13.5510633,80.0093916,False,,False,,
692378153,tn_north,industrial,unnamed,13.5498175,80.0100151,False,,False,,
693299641,tn_north,industrial,unnamed,13.51747,79.9768209,False,,False,,
693299642,tn_north,industrial,unnamed,13.5141005,79.9763073,False,,False,,
693299644,tn_north,industrial,unnamed,13.5168388,80.0004942,False,,False,,
693299645,tn_north,industrial,unnamed,13.5450596,79.9974641,False,,False,,
693299646,tn_north,industrial,unnamed,13.5468619,80.0009997,False,,False,,
693299648,tn_north,industrial,unnamed,13.5352398,79.9889492,False,,False,,
693299649,tn_north,industrial,unnamed,13.5125409,80.0126378,False,,False,,
693299650,tn_north,works,unnamed,13.5142596,79.9691217,False,,False,,
693299652,tn_north,industrial,unnamed,13.5121624,79.9889651,False,,False,,
693299653,tn_north,industrial,unnamed,13.5248669,79.9880011,False,,False,,
693299654,tn_north,industrial,unnamed,13.5288076,79.9907276,False,,False,,
693299655,tn_north,industrial,unnamed,13.5306518,79.9884309,False,,False,,
693299656,tn_north,industrial,unnamed,13.5321273,79.986659,False,,False,,
693299657,tn_north,industrial,unnamed,13.5339178,79.9839152,False,,False,,
693300850,tn_north,industrial,unnamed,13.5438241,80.0013365,False,,False,,
701426884,tn_north,industrial,unnamed,13.0942061,80.2105238,False,,False,,
707951535,tn_north,works,unnamed,13.0061047,80.0048622,True,Auto,False,,
707951536,tn_north,works,unnamed,13.0009857,80.01699,True,Auto,False,,
707951537,tn_north,works,unnamed,13.0031005,80.0128896,True,Auto,False,,
707951538,tn_north,works,unnamed,13.0050459,80.0094414,True,Auto,False,,
707951539,tn_north,works,unnamed,13.0026198,80.0097513,True,Auto,False,,
707951540,tn_north,works,unnamed,12.9955367,80.0302016,True,Auto,False,,
707951541,tn_north,works,unnamed,13.0007115,80.0242659,True,Auto,False,,
707951543,tn_north,works,unnamed,12.9981887,80.0166088,True,Auto,False,,
707951544,tn_north,works,unnamed,12.9962979,80.0167737,True,Auto,False,,
707951551,tn_north,industrial,unnamed,12.9576086,79.9801523,True,Auto,False,,
707951552,tn_north,industrial,unnamed,12.9594631,79.9809247,True,Auto,False,,
707951553,tn_north,industrial,unnamed,12.9548535,79.9807812,True,Auto,False,,
707951555,tn_north,industrial,unnamed,12.956674,79.9769357,True,Auto,False,,
707951557,tn_north,industrial,unnamed,12.9534103,79.992793,True,Auto,False,,
707951558,tn_north,industrial,unnamed,12.9570047,79.9929879,True,Auto,False,,
724024955,tn_north,works,unnamed,13.0069537,80.0100281,True,Auto,False,,
724024956,tn_north,works,unnamed,13.0071715,80.0093474,True,Auto,False,,
727888732,tn_north,industrial,unnamed,13.5954024,80.0237851,False,,False,,
727888733,tn_north,industrial,unnamed,13.5785055,80.0331339,False,,False,,
732227048,tn_north,industrial,unnamed,13.0217508,79.22768,False,,False,,
732227049,tn_north,industrial,unnamed,13.0093881,79.2436464,False,,False,,
732227052,tn_north,industrial,Thirumalai Chemicals Limited,12.9537439,79.3131422,True,Leather/Chemical,False,,
732227053,tn_north,industrial,Ultramarine & Pigments Limited,12.9523727,79.3159203,True,Leather/Chemical,False,,
732227054,tn_north,works,unnamed,12.9717832,79.2989662,False,,False,,
732227394,tn_north,industrial,CEAT Tyres,12.9649977,79.8153499,False,,False,,
749985997,tn_north,industrial,unnamed,12.9387497,79.9333946,True,Auto/Electronics,False,,
749986001,tn_north,industrial,unnamed,12.9159419,79.878239,False,,False,,
749986003,tn_north,works,unnamed,12.9469735,79.9400771,True,Auto/Electronics,False,,
749986004,tn_north,works,unnamed,12.939155,79.9228576,True,Auto/Electronics,False,,
749986005,tn_north,works,unnamed,12.9331881,79.913471,True,Auto/Electronics,False,,
749986006,tn_north,works,unnamed,12.9257796,79.9084868,False,,False,,
749986007,tn_north,works,unnamed,12.9218514,79.9089374,False,,False,,
749986008,tn_north,works,unnamed,12.9252285,79.911309,False,,False,,
749986009,tn_north,works,unnamed,12.9360716,79.920807,True,Auto/Electronics,False,,
749986010,tn_north,works,unnamed,12.9357971,79.9229045,True,Auto/Electronics,False,,
749986011,tn_north,works,unnamed,12.9367722,79.9229836,True,Auto/Electronics,False,,
749986013,tn_north,works,unnamed,12.9369506,79.91822,True,Auto/Electronics,False,,
749986014,tn_north,works,unnamed,12.9335148,79.9215679,True,Auto/Electronics,False,,
749986015,tn_north,works,unnamed,12.9329686,79.9191347,True,Auto/Electronics,False,,
749986016,tn_north,works,unnamed,12.9296394,79.9212141,True,Auto/Electronics,False,,
749986017,tn_north,works,unnamed,12.9289316,79.9152676,False,,False,,
749986023,tn_north,works,unnamed,12.901095,79.9069918,False,,False,,
749986024,tn_north,works,unnamed,12.9003292,79.904693,False,,False,,
749986027,tn_north,works,unnamed,12.8992514,79.9068026,False,,False,,
749986028,tn_north,works,unnamed,12.8984694,79.9051062,False,,False,,
749986029,tn_north,works,unnamed,12.8985723,79.9034264,False,,False,,
749986030,tn_north,works,unnamed,12.8986973,79.9020723,False,,False,,
749986031,tn_north,works,unnamed,12.8988377,79.9003579,False,,False,,
749986034,tn_north,industrial,unnamed,12.8954812,79.9226725,False,,False,,
749986035,tn_north,industrial,unnamed,12.8952786,79.928513,False,,False,,
749986036,tn_north,works,unnamed,12.9025771,79.9014615,False,,False,,
750523881,tn_north,industrial,unnamed,12.8047474,79.3181414,False,,False,,
775147261,tn_north,works,unnamed,12.8704981,79.9738505,False,,False,,
775147262,tn_north,works,unnamed,12.8690445,79.9707875,False,,False,,
775147263,tn_north,works,unnamed,12.8715016,79.9705508,False,,False,,
775147265,tn_north,works,unnamed,12.8730617,79.9702898,False,,False,,
775147266,tn_north,works,unnamed,12.8729114,79.9667493,False,,False,,
775147267,tn_north,works,unnamed,12.8717791,79.9648865,False,,False,,
775147279,tn_north,works,unnamed,12.8673966,79.9547316,False,,False,,
775147280,tn_north,works,unnamed,12.8620775,79.9502609,False,,False,,
775147281,tn_north,works,Doowon Automotive,12.8607155,79.9510761,False,,False,,
775147282,tn_north,works,unnamed,12.8582458,79.9509228,False,,False,,
775147283,tn_north,industrial,unnamed,12.8559038,79.9488802,False,,False,,
775147719,tn_north,works,unnamed,12.8624952,79.9588738,False,,False,,
775240839,tn_north,works,OTTO Clothing Pvt Ltd.,13.0290523,80.0210606,False,,False,,
775240845,tn_north,works,Winergy Drive Systems Ltd,13.0306359,80.0195695,False,,False,,
785818841,tn_north,industrial,unnamed,12.9520445,80.1801243,False,,False,,
804917738,tn_north,industrial,PU Core,13.5557112,79.9886298,False,,False,,
804917739,tn_north,industrial,unnamed,13.5542869,79.9880319,False,,False,,
804917740,tn_north,industrial,unnamed,13.5540538,79.9861698,False,,False,,
804917741,tn_north,industrial,unnamed,13.5515235,79.9852255,False,,False,,
804917742,tn_north,industrial,unnamed,13.5498209,79.9857655,False,,False,,
804917743,tn_north,industrial,unnamed,13.5305559,79.9863456,False,,False,,
804917744,tn_north,industrial,unnamed,13.5170534,79.9905391,False,,False,,
804917745,tn_north,industrial,unnamed,13.5133953,79.9941395,False,,False,,
804917746,tn_north,industrial,unnamed,13.5073402,79.9927057,False,,False,,
804917747,tn_north,industrial,unnamed,13.5062224,79.9927842,False,,False,,
804917748,tn_north,industrial,unnamed,13.5234799,79.9831217,False,,False,,
804917749,tn_north,industrial,unnamed,13.5237447,79.9840452,False,,False,,
830927985,tn_north,industrial,unnamed,13.1295075,79.9361157,False,,False,,
830927994,tn_north,industrial,Caterpillar BCP,13.0882435,79.9010834,False,,False,,
830928006,tn_north,industrial,unnamed,13.0392824,79.8480883,False,,False,,
830928008,tn_north,industrial,unnamed,13.0144258,79.844167,False,,False,,
830928045,tn_north,industrial,unnamed,13.1525686,79.8159662,False,,False,,
830928055,tn_north,industrial,unnamed,13.0278474,79.8021904,False,,False,,
830928062,tn_north,industrial,unnamed,13.0316049,79.9617549,False,,False,,
830928063,tn_north,industrial,unnamed,13.0496273,79.9629485,False,,False,,
830928064,tn_north,industrial,unnamed,13.0148988,79.9609798,False,,False,,
830928069,tn_north,industrial,unnamed,13.018396,79.9227073,False,,False,,
840721264,tn_north,industrial,unnamed,13.5524556,80.018912,False,,False,,
840721265,tn_north,industrial,unnamed,13.5587542,80.015281,False,,False,,
840721266,tn_north,industrial,KCL Limited,13.5513296,79.9893682,False,,False,,
840721267,tn_north,industrial,unnamed,13.5064617,79.9883812,False,,False,,
840721268,tn_north,industrial,unnamed,13.5025653,79.9891323,False,,False,,
840721270,tn_north,works,unnamed,13.3581835,79.991202,False,,False,,
840721271,tn_north,industrial,unnamed,13.4789832,79.9685517,False,,False,,
840721272,tn_north,industrial,unnamed,13.4779686,79.9698257,False,,False,,
840721273,tn_north,industrial,unnamed,13.4761388,79.9699679,False,,False,,
840721274,tn_north,industrial,unnamed,13.4273184,79.9907068,False,,False,,
840721275,tn_north,industrial,unnamed,13.4129378,80.0120196,False,,False,,
840721276,tn_north,works,unnamed,13.388144,80.021809,False,,False,,
840721277,tn_north,industrial,unnamed,13.4454991,80.0971663,False,,False,,
840721278,tn_north,industrial,unnamed,13.4478834,80.1160839,False,,False,,
840721279,tn_north,industrial,unnamed,13.3934322,80.0770739,True,General,True,T.C.P. Limited - Gummidipoondi,Powerplant
840721280,tn_north,industrial,unnamed,13.3901593,80.041363,False,,False,,
840721281,tn_north,industrial,unnamed,13.3863422,80.0561822,False,,False,,
840721282,tn_north,industrial,unnamed,13.3767763,80.0875532,True,General,True,T.C.P. Limited - Gummidipoondi,Powerplant
840721283,tn_north,plant,Gummidipoondi Suryadev Power Plant,13.383699,80.1083484,True,General,True,T.C.P. Limited - Gummidipoondi,Powerplant
840721284,tn_north,plant,TCPL,13.3839651,80.1134097,True,General,True,T.C.P. Limited - Gummidipoondi,Powerplant
840721285,tn_north,industrial,unnamed,13.3871773,80.1082841,True,General,True,T.C.P. Limited - Gummidipoondi,Powerplant
840721286,tn_north,industrial,unnamed,13.37326,80.1147066,True,General,True,T.C.P. Limited - Gummidipoondi,Powerplant
840721287,tn_north,plant,unnamed,13.4051113,80.0697434,True,General,True,T.C.P. Limited - Gummidipoondi,Powerplant
840721288,tn_north,plant,Chennai OPG Power Plant,13.4366671,80.0964448,True,General,True,T.C.P. Limited - Gummidipoondi,Powerplant
840721289,tn_north,industrial,unnamed,13.4249443,80.0871241,True,General,True,T.C.P. Limited - Gummidipoondi,Powerplant
840721290,tn_north,industrial,unnamed,13.4222633,80.0621715,False,,False,,
840721291,tn_north,industrial,ARS Metals Gummidipoondi captive power station,13.423079,80.0651781,True,General,True,T.C.P. Limited - Gummidipoondi,Powerplant
840721292,tn_north,industrial,unnamed,13.3627005,79.9967766,False,,False,,
840721296,tn_north,industrial,unnamed,13.5509823,80.0154791,False,,False,,
840721297,tn_north,industrial,Isuzu,13.5548113,80.0189318,False,,False,,
840726344,tn_north,industrial,unnamed,13.1795202,80.2583403,False,,False,,
840726345,tn_north,industrial,unnamed,13.1930965,80.2663203,False,,False,,
840726346,tn_north,works,unnamed,13.1915891,80.2666359,False,,False,,
840726347,tn_north,industrial,unnamed,13.1896254,80.2628878,False,,False,,
840726348,tn_north,industrial,unnamed,13.2428739,80.3092512,False,,False,,
840726349,tn_north,industrial,unnamed,13.2385919,80.3104393,False,,False,,
840726351,tn_north,industrial,unnamed,13.2545081,80.3046042,False,,False,,
840726352,tn_north,industrial,unnamed,13.2975303,80.3405901,False,,False,,
840726353,tn_north,industrial,unnamed,13.3087334,80.342776,False,,False,,
840726354,tn_north,industrial,unnamed,13.3177148,80.331763,False,,False,,
840726355,tn_north,industrial,unnamed,13.3173138,80.3384991,False,,False,,
840726356,tn_north,industrial,unnamed,13.4716393,80.1100489,False,,False,,
840726357,tn_north,industrial,unnamed,13.433791,80.0719857,False,,False,,
840726358,tn_north,works,unnamed,13.4104423,80.1101321,True,General,True,T.C.P. Limited - Gummidipoondi,Powerplant
840726359,tn_north,works,unnamed,13.405425,80.1137719,True,General,True,T.C.P. Limited - Gummidipoondi,Powerplant
840726360,tn_north,works,unnamed,13.4110866,80.1016174,True,General,True,T.C.P. Limited - Gummidipoondi,Powerplant
840726362,tn_north,works,unnamed,13.422638,80.1132046,True,General,True,T.C.P. Limited - Gummidipoondi,Powerplant
840726363,tn_north,works,unnamed,13.4227632,80.1042473,True,General,True,T.C.P. Limited - Gummidipoondi,Powerplant
840726364,tn_north,works,unnamed,13.4249258,80.1045894,True,General,True,T.C.P. Limited - Gummidipoondi,Powerplant
840726365,tn_north,works,unnamed,13.4223823,80.1081151,True,General,True,T.C.P. Limited - Gummidipoondi,Powerplant
840726366,tn_north,works,unnamed,13.4205474,80.1161422,True,General,True,T.C.P. Limited - Gummidipoondi,Powerplant
840726367,tn_north,works,unnamed,13.4191321,80.1165285,True,General,True,T.C.P. Limited - Gummidipoondi,Powerplant
840726368,tn_north,works,unnamed,13.4164272,80.1160582,True,General,True,T.C.P. Limited - Gummidipoondi,Powerplant
840726369,tn_north,works,unnamed,13.4179896,80.1005057,True,General,True,T.C.P. Limited - Gummidipoondi,Powerplant
840726370,tn_north,works,unnamed,13.4187481,80.0929442,True,General,True,T.C.P. Limited - Gummidipoondi,Powerplant
840726371,tn_north,works,unnamed,13.4141823,80.094543,True,General,True,T.C.P. Limited - Gummidipoondi,Powerplant
840726372,tn_north,works,unnamed,13.414858,80.1018445,True,General,True,T.C.P. Limited - Gummidipoondi,Powerplant
840726373,tn_north,works,unnamed,13.4124721,80.1009939,True,General,True,T.C.P. Limited - Gummidipoondi,Powerplant
840726374,tn_north,works,unnamed,13.4121534,80.0990787,True,General,True,T.C.P. Limited - Gummidipoondi,Powerplant
840726375,tn_north,works,unnamed,13.4132039,80.0990974,True,General,True,T.C.P. Limited - Gummidipoondi,Powerplant
840726376,tn_north,works,unnamed,13.4076166,80.1040864,True,General,True,T.C.P. Limited - Gummidipoondi,Powerplant
840726377,tn_north,works,unnamed,13.4091246,80.1078402,True,General,True,T.C.P. Limited - Gummidipoondi,Powerplant
840726378,tn_north,works,unnamed,13.4090594,80.1087373,True,General,True,T.C.P. Limited - Gummidipoondi,Powerplant
840726379,tn_north,works,unnamed,13.4095956,80.112374,True,General,True,T.C.P. Limited - Gummidipoondi,Powerplant
840726380,tn_north,works,unnamed,13.4030277,80.107643,True,General,True,T.C.P. Limited - Gummidipoondi,Powerplant
840880633,tn_north,industrial,unnamed,13.1507873,80.2677776,False,,False,,
840880634,tn_north,industrial,unnamed,13.1464725,80.2631414,False,,False,,
840880640,tn_north,works,unnamed,13.1729723,80.2836114,False,,False,,
840880641,tn_north,works,unnamed,13.1609246,80.293944,False,,False,,
840880643,tn_north,works,unnamed,13.1420498,80.280112,False,,False,,
840880651,tn_north,industrial,CPCL Refinery,13.178283,80.2828479,False,,False,,
840880652,tn_north,works,unnamed,13.1785528,80.2784096,False,,False,,
840880653,tn_north,works,unnamed,13.1771665,80.2774644,False,,False,,
840880655,tn_north,industrial,CPCL Refinery,13.1737779,80.2796213,False,,False,,
840910506,tn_north,industrial,unnamed,12.901487,79.8048431,False,,False,,
840910507,tn_north,industrial,unnamed,12.9067523,79.7938956,False,,False,,
840910508,tn_north,industrial,unnamed,12.8941648,79.8027724,False,,False,,
840910512,tn_north,industrial,unnamed,12.8714914,79.8015788,False,,False,,
840910513,tn_north,industrial,unnamed,12.8475191,79.836933,False,,False,,
840971194,tn_north,industrial,unnamed,12.6597807,79.9991812,False,,True,Mohan Breweries and Distilleries Ltd,Distillery
840971196,tn_north,industrial,unnamed,12.6831901,80.004103,False,,True,Mohan Breweries and Distilleries Ltd,Distillery
840971197,tn_north,works,unnamed,12.7879657,80.0243524,False,,False,,
840971198,tn_north,works,unnamed,12.7777945,80.0247896,False,,False,,
840971199,tn_north,works,unnamed,12.7773111,80.0233716,False,,False,,
840971200,tn_north,works,unnamed,12.7809495,80.0240743,False,,False,,
840971201,tn_north,works,unnamed,12.7690281,80.0119246,False,,False,,
840971203,tn_north,works,Rane TRW Steering Systems Pvt Ltd,12.7662711,80.0063385,False,,False,,
840971204,tn_north,industrial,unnamed,12.7382408,79.9985254,False,,False,,
840971205,tn_north,industrial,unnamed,12.7394782,80.0018791,False,,False,,
840971206,tn_north,works,unnamed,12.7905479,80.0192652,False,,False,,
840971207,tn_north,works,unnamed,12.7881116,80.0168596,False,,False,,
840971208,tn_north,works,unnamed,12.7868011,80.0190774,False,,False,,
840971209,tn_north,works,unnamed,12.7871392,80.0183978,False,,False,,
840971210,tn_north,works,unnamed,12.7879041,80.0198793,False,,False,,
840971211,tn_north,works,unnamed,12.7884982,80.0202404,False,,False,,
840971212,tn_north,works,unnamed,12.7902613,80.0213319,False,,False,,
840971213,tn_north,works,unnamed,12.7891938,80.0182932,False,,False,,
840971214,tn_north,works,unnamed,12.7901231,80.023445,False,,False,,
840971215,tn_north,works,unnamed,12.7904283,80.0229552,False,,False,,
840971216,tn_north,works,unnamed,12.7919587,80.0242761,False,,False,,
840971217,tn_north,works,unnamed,12.7905265,80.0263804,False,,False,,
840971218,tn_north,works,unnamed,12.7888721,80.0229459,False,,False,,
840971219,tn_north,works,unnamed,12.7886426,80.0233482,False,,False,,
840971220,tn_north,works,unnamed,12.7885883,80.0215488,False,,False,,
840971221,tn_north,works,unnamed,12.7874335,80.0275871,False,,False,,
840971222,tn_north,works,unnamed,12.7885366,80.0316531,False,,False,,
840971223,tn_north,works,unnamed,12.7882103,80.0323096,False,,False,,
840971224,tn_north,works,unnamed,12.7840258,80.0301841,False,,False,,
840971226,tn_north,works,The Hindu - Newspaper Printing,12.7833766,80.0275257,False,,False,,
840971227,tn_north,works,unnamed,12.7860029,80.0319953,False,,False,,
840971228,tn_north,works,unnamed,12.7858149,80.032501,False,,False,,
840971229,tn_north,works,unnamed,12.7851417,80.0340059,False,,False,,
840971230,tn_north,works,unnamed,12.7859199,80.035523,False,,False,,
840971231,tn_north,works,unnamed,12.780509,80.0285018,False,,False,,
840971232,tn_north,works,unnamed,12.7796519,80.0232985,False,,False,,
840971233,tn_north,works,unnamed,12.7788421,80.0253971,False,,False,,
840971235,tn_north,industrial,Maraimalai Nagar Industrial Area,12.7841872,80.0276649,False,,False,,
840971236,tn_north,works,unnamed,12.7707971,80.0212598,False,,False,,
840971237,tn_north,works,unnamed,12.7690616,80.0226982,False,,False,,
840971239,tn_north,works,unnamed,12.7671258,80.0228095,False,,False,,
840971240,tn_north,retail,unnamed,12.7672251,80.0256461,False,,False,,
840971241,tn_north,works,unnamed,12.7679965,80.027824,False,,False,,
840971243,tn_north,industrial,unnamed,12.7368332,79.9965044,False,,False,,
840971244,tn_north,industrial,unnamed,12.7386436,79.9963233,False,,False,,
840971245,tn_north,industrial,unnamed,12.7342878,79.9982308,False,,False,,
840971246,tn_north,industrial,unnamed,12.7331852,79.9988272,False,,False,,
840971249,tn_north,works,unnamed,12.7328356,80.0169589,False,,False,,
840971250,tn_north,works,unnamed,12.7331705,80.0190695,False,,False,,
840971252,tn_north,industrial,unnamed,12.7263891,80.0199167,False,,False,,
840971253,tn_north,industrial,unnamed,12.7247467,80.0202339,False,,False,,
840971254,tn_north,industrial,unnamed,12.7267253,80.0215376,False,,False,,
840971255,tn_north,industrial,unnamed,12.7271132,80.0231065,False,,False,,
840971257,tn_north,industrial,unnamed,12.7281427,80.0244073,False,,False,,
840971258,tn_north,industrial,unnamed,12.7291081,80.0254681,False,,False,,
840971259,tn_north,industrial,unnamed,12.7211888,80.0198528,False,,False,,
840971260,tn_north,industrial,unnamed,12.7229081,80.0203585,False,,False,,
840971261,tn_north,industrial,unnamed,12.7168328,80.0194574,False,,False,,
840971262,tn_north,industrial,unnamed,12.7157784,80.0184703,False,,False,,
840971263,tn_north,industrial,unnamed,12.7151243,80.0214261,False,,False,,
840971264,tn_north,industrial,unnamed,12.7001487,80.0091872,False,,True,Mohan Breweries and Distilleries Ltd,Distillery
840971265,tn_north,industrial,unnamed,12.6974457,80.0100709,False,,True,Mohan Breweries and Distilleries Ltd,Distillery
872124345,tn_north,industrial,unnamed,13.2074273,80.152847,False,,False,,
892082844,tn_north,industrial,Amara Raja Growth Corridor,13.2033826,79.0346574,False,,False,,
892143139,tn_north,industrial,unnamed,13.1458821,80.2953329,False,,False,,
892143140,tn_north,industrial,unnamed,13.1427029,80.2955265,False,,False,,
892143141,tn_north,industrial,unnamed,13.1419646,80.2974102,False,,False,,
892143142,tn_north,industrial,Sri Lakshmi Agro,13.1445713,80.2990641,False,,False,,
892143143,tn_north,industrial,unnamed,13.1506243,80.3023826,False,,False,,
892143144,tn_north,industrial,unnamed,13.1523961,80.3030236,False,,False,,
892143171,tn_north,industrial,unnamed,13.1242271,80.2954379,False,,False,,
892143172,tn_north,industrial,unnamed,13.1283234,80.2957839,False,,False,,
892143173,tn_north,industrial,unnamed,13.131436,80.296499,False,,False,,
892146829,tn_north,industrial,unnamed,13.2383007,80.2791184,False,,False,,
906382449,tn_north,industrial,unnamed,12.7421271,79.799712,False,,False,,
907941483,tn_north,industrial,unnamed,13.1441705,80.2981868,False,,False,,
907941485,tn_north,industrial,unnamed,13.1652868,80.3082937,False,,False,,
907941491,tn_north,industrial,Royal Enfield Motors,13.1740651,80.307253,False,,False,,
907941492,tn_north,industrial,unnamed,13.1734681,80.3105111,False,,False,,
910151255,tn_north,industrial,unnamed,13.2747361,80.149169,False,,False,,
910151271,tn_north,industrial,unnamed,13.2520337,80.1547346,False,,False,,
910297554,tn_north,industrial,unnamed,13.1472365,79.9059113,False,,False,,
910297567,tn_north,industrial,unnamed,13.0802647,79.6405872,False,,False,,
910297571,tn_north,industrial,unnamed,13.0778375,79.6119225,False,,False,,
910297573,tn_north,industrial,unnamed,13.096158,79.6954679,False,,False,,
910297574,tn_north,industrial,unnamed,13.0991871,79.7003817,False,,False,,
910312129,tn_north,industrial,unnamed,13.1033155,79.4442898,False,,False,,
910312130,tn_north,industrial,unnamed,13.1045739,79.4354975,False,,False,,
910312131,tn_north,industrial,unnamed,13.1057494,79.4293606,False,,False,,
910312135,tn_north,industrial,unnamed,13.3624916,79.9879172,False,,False,,
910550439,tn_north,industrial,unnamed,12.8999574,79.3376157,True,Leather/Chemical,True,Bhavani Distilleries and Chemicals Ltd,Distillery
910550451,tn_north,industrial,unnamed,12.8910155,79.2736557,False,,False,,
910550452,tn_north,industrial,unnamed,12.9027129,79.2754406,False,,False,,
910550480,tn_north,industrial,unnamed,12.916185,79.3862722,False,,False,,
923966191,tn_north,works,unnamed,12.9725601,79.2972254,False,,False,,
923966192,tn_north,works,unnamed,12.9713098,79.301114,False,,False,,
923966193,tn_north,industrial,unnamed,13.0053039,79.2977284,False,,False,,
923966204,tn_north,works,unnamed,13.0669955,79.6957462,False,,False,,
923966205,tn_north,industrial,unnamed,13.088219,79.686284,False,,False,,
923966206,tn_north,industrial,unnamed,13.0752876,79.6513241,False,,False,,
923966207,tn_north,industrial,unnamed,13.1413897,79.632487,False,,False,,
923966208,tn_north,industrial,unnamed,13.1383284,79.6285335,False,,False,,
926070822,tn_north,industrial,Fuchs Lubricants (India) Pvt. Ltd. Regional Office (South),12.952235,80.186053,False,,False,,
926070823,tn_north,industrial,Mahatha Petroleum Private Limited,12.9516763,80.1866559,False,,False,,
940992151,tn_north,industrial,Kattupalli Container Terminal,13.3125669,80.3450939,False,,False,,
940994472,tn_north,industrial,unnamed,12.8375348,79.8986017,False,,False,,
955974826,tn_north,industrial,Super Auto Forge Plant 6,12.8659704,80.1207737,False,,False,,
964595213,tn_north,industrial,unnamed,12.9951366,80.1563998,False,,False,,
966171337,tn_north,works,unnamed,13.3165808,80.2041425,False,,True,North Chennai Thermal Power Station,Powerplant
986191871,tn_north,industrial,unnamed,13.2856361,79.6192483,False,,False,,
986191872,tn_north,industrial,unnamed,13.4152523,80.0904876,True,General,True,T.C.P. Limited - Gummidipoondi,Powerplant
986209814,tn_north,industrial,unnamed,13.1377126,80.1071602,False,,False,,
986209815,tn_north,industrial,unnamed,13.1333917,80.0967318,False,,False,,
1002429763,tn_north,industrial,unnamed,13.5226774,79.9736512,False,,False,,
1002542311,tn_north,industrial,unnamed,13.5929497,79.7332874,False,,False,,
1002708449,tn_north,industrial,unnamed,12.8459042,79.9553418,False,,False,,
1007489391,tn_north,industrial,Hyundai Factory,12.9982773,80.0125359,True,Auto,False,,
1007489392,tn_north,works,unnamed,13.0102405,80.0094132,True,Auto,False,,
1007489393,tn_north,works,unnamed,13.0102,80.0124139,True,Auto,False,,
1007489394,tn_north,works,unnamed,13.0076959,80.010745,True,Auto,False,,
1007489395,tn_north,works,unnamed,13.00794,80.01168,True,Auto,False,,
1007489396,tn_north,works,unnamed,13.0087088,80.013614,True,Auto,False,,
1007489397,tn_north,works,unnamed,13.0077353,80.0134692,True,Auto,False,,
1007489398,tn_north,works,unnamed,13.0067401,80.0137051,True,Auto,False,,
1007489399,tn_north,works,unnamed,13.000673,80.0117478,True,Auto,False,,
1007489400,tn_north,works,unnamed,13.0002923,80.0117265,True,Auto,False,,
1007489401,tn_north,works,unnamed,12.9998181,80.0123109,True,Auto,False,,
1007489402,tn_north,works,unnamed,12.9998091,80.0120352,True,Auto,False,,
1007489403,tn_north,works,unnamed,13.0004239,80.0100602,True,Auto,False,,
1007489404,tn_north,works,unnamed,13.0007947,80.0082871,True,Auto,False,,
1007490912,tn_north,works,unnamed,13.0087081,80.0065251,True,Auto,False,,
1007490913,tn_north,works,unnamed,12.9983824,80.0270924,True,Auto,False,,
1007490914,tn_north,works,unnamed,12.998369,80.0266343,True,Auto,False,,
1007490915,tn_north,works,unnamed,12.9984023,80.0278071,True,Auto,False,,
1007490916,tn_north,works,unnamed,12.9983561,80.0261953,True,Auto,False,,
1007490917,tn_north,works,unnamed,12.9974468,80.0260358,True,Auto,False,,
1007490918,tn_north,works,unnamed,12.9967246,80.0262545,True,Auto,False,,
1007490919,tn_north,works,unnamed,12.9941435,80.0193226,True,Auto,False,,
1007490920,tn_north,works,unnamed,12.9943126,80.0204832,True,Auto,False,,
1007490921,tn_north,works,unnamed,13.0039297,80.0117216,True,Auto,False,,
1007490922,tn_north,works,unnamed,13.0046506,80.011957,True,Auto,False,,
1007490923,tn_north,works,unnamed,13.0042035,80.0108481,True,Auto,False,,
1007490924,tn_north,works,unnamed,13.0042607,80.0131669,True,Auto,False,,
1007490925,tn_north,works,unnamed,13.0066077,80.0086988,True,Auto,False,,
1007490926,tn_north,works,unnamed,13.0068228,80.0104807,True,Auto,False,,
1007490927,tn_north,works,unnamed,13.0057928,80.008213,True,Auto,False,,
1007490928,tn_north,works,unnamed,13.0053061,80.0083154,True,Auto,False,,
1007490929,tn_north,works,unnamed,13.0032364,80.0050184,True,Auto,False,,
1007490930,tn_north,works,unnamed,13.0046874,80.0034182,True,Auto,False,,
1007490931,tn_north,works,unnamed,13.0054315,80.0040516,True,Auto,False,,
1007490932,tn_north,works,unnamed,13.0049681,80.005499,True,Auto,False,,
1007490933,tn_north,works,unnamed,13.0040964,80.0053073,True,Auto,False,,
1015392344,tn_north,works,unnamed,13.0929659,79.8947462,False,,False,,
1015392345,tn_north,works,unnamed,13.0918974,79.8939285,False,,False,,
1017039654,tn_north,industrial,unnamed,12.6305393,79.8299056,False,,False,,
1017039657,tn_north,industrial,unnamed,12.8340458,79.9138865,False,,False,,
1017039659,tn_north,industrial,unnamed,12.86541,79.9410054,False,,False,,
1017178631,tn_north,works,unnamed,12.8719584,79.9586417,False,,False,,
1017178632,tn_north,works,unnamed,12.8608103,79.9526558,False,,False,,
1017178633,tn_north,works,unnamed,12.8631577,79.951047,False,,False,,
1017178634,tn_north,works,unnamed,12.8652911,79.9414958,False,,False,,
1017178635,tn_north,works,unnamed,12.8663956,79.941099,False,,False,,
1017178636,tn_north,works,unnamed,12.8671779,79.9408076,False,,False,,
1017178637,tn_north,works,unnamed,12.8625609,79.9386322,False,,False,,
1017178638,tn_north,works,unnamed,12.8641204,79.938698,False,,False,,
1017178639,tn_north,works,unnamed,12.8677449,79.9291708,False,,False,,
1017178640,tn_north,works,unnamed,12.8678113,79.9309835,False,,False,,
1017178641,tn_north,works,unnamed,12.8676951,79.9279619,False,,False,,
1017178642,tn_north,works,unnamed,12.864477,79.930709,False,,False,,
1017178643,tn_north,works,unnamed,12.8652881,79.9286917,False,,False,,
1017178644,tn_north,works,unnamed,12.861627,79.9263787,False,,False,,
1017178645,tn_north,works,unnamed,12.8650728,79.9336986,False,,False,,
1017178646,tn_north,works,unnamed,12.8544439,79.9340538,False,,False,,
1017178647,tn_north,works,unnamed,12.8551342,79.9366307,False,,False,,
1017178648,tn_north,works,unnamed,12.8520496,79.9362146,False,,False,,
1017178656,tn_north,works,unnamed,12.8296939,79.9086105,False,,False,,
1017178662,tn_north,industrial,unnamed,12.8361785,79.8942572,False,,False,,
1017178663,tn_north,industrial,unnamed,12.8325084,79.8793376,False,,False,,
1017178664,tn_north,industrial,unnamed,12.8193412,79.866512,False,,False,,
1017178665,tn_north,industrial,unnamed,12.8162821,79.8645841,False,,False,,
1017178666,tn_north,industrial,unnamed,12.8216569,79.8412316,False,,False,,
1017178667,tn_north,industrial,unnamed,12.8104954,79.8359565,False,,False,,
1017178668,tn_north,industrial,unnamed,12.8084376,79.8336911,False,,False,,
1017178669,tn_north,industrial,unnamed,12.8071674,79.8337339,False,,False,,
1017185140,tn_north,industrial,unnamed,13.3804722,80.1118532,True,General,True,T.C.P. Limited - Gummidipoondi,Powerplant
1017185141,tn_north,works,unnamed,13.3568901,79.9832149,False,,False,,
1017185142,tn_north,works,unnamed,13.3660449,79.9884125,False,,False,,
1017185143,tn_north,works,unnamed,13.3681044,79.9921539,False,,False,,
1017185144,tn_north,works,unnamed,13.3679705,79.9866023,False,,False,,
1017185145,tn_north,works,unnamed,13.3661418,79.9842588,False,,False,,
1017185146,tn_north,industrial,unnamed,13.3861079,80.0574214,False,,False,,
1017185147,tn_north,industrial,unnamed,13.3333411,80.1278611,False,,False,,
1017185148,tn_north,industrial,unnamed,13.326583,80.1377684,False,,False,,
1017185149,tn_north,industrial,unnamed,13.3077194,80.1479365,False,,False,,
1017185150,tn_north,industrial,unnamed,13.2844612,80.1509595,False,,False,,
1017185151,tn_north,works,unnamed,13.268867,80.1631246,False,,False,,
1017185152,tn_north,industrial,unnamed,13.2658998,80.1652647,False,,False,,
1017185153,tn_north,industrial,unnamed,13.2649745,80.1639679,False,,False,,
1017185154,tn_north,works,unnamed,13.2683794,80.166229,False,,False,,
1017185155,tn_north,industrial,unnamed,13.2714844,80.1619669,False,,False,,
1017185156,tn_north,industrial,unnamed,13.271107,80.1635865,False,,False,,
1017185157,tn_north,industrial,unnamed,13.2631191,80.143732,False,,False,,
1017185158,tn_north,works,unnamed,13.2749224,80.1493773,False,,False,,
1017185159,tn_north,works,unnamed,13.2763474,80.1486824,False,,False,,
1017185160,tn_north,industrial,unnamed,13.2821003,80.1506739,False,,False,,
1017185161,tn_north,industrial,unnamed,13.2850351,80.1252006,False,,False,,
1017185162,tn_north,industrial,unnamed,13.2709992,80.1059341,False,,False,,
1017185163,tn_north,industrial,unnamed,13.2683835,80.1053728,False,,False,,
1017185164,tn_north,works,unnamed,13.2066923,80.2548224,False,,False,,
1017185165,tn_north,works,unnamed,13.2052465,80.2617084,False,,False,,
1017185166,tn_north,works,unnamed,13.2094797,80.2657017,False,,False,,
1017185168,tn_north,works,unnamed,13.1572455,80.2729861,False,,False,,
1017185169,tn_north,works,unnamed,13.1540805,80.2721441,False,,False,,
1017185170,tn_north,works,unnamed,13.140969,80.2805426,False,,False,,
1017185171,tn_north,industrial,unnamed,13.3773864,80.1172218,True,General,True,T.C.P. Limited - Gummidipoondi,Powerplant
1017185172,tn_north,industrial,unnamed,13.3732495,80.1158132,True,General,True,T.C.P. Limited - Gummidipoondi,Powerplant
1017185173,tn_north,works,unnamed,13.4187739,80.0916126,True,General,True,T.C.P. Limited - Gummidipoondi,Powerplant
1017185174,tn_north,works,unnamed,13.4196987,80.0914001,True,General,True,T.C.P. Limited - Gummidipoondi,Powerplant
1017185175,tn_north,works,unnamed,13.4106675,80.1064998,True,General,True,T.C.P. Limited - Gummidipoondi,Powerplant
1017185176,tn_north,works,unnamed,13.4105903,80.1071801,True,General,True,T.C.P. Limited - Gummidipoondi,Powerplant
1017185177,tn_north,works,unnamed,13.4129759,80.1121976,True,General,True,T.C.P. Limited - Gummidipoondi,Powerplant
1017185178,tn_north,works,unnamed,13.4133117,80.1126781,True,General,True,T.C.P. Limited - Gummidipoondi,Powerplant
1017185179,tn_north,works,unnamed,13.4185437,80.113362,True,General,True,T.C.P. Limited - Gummidipoondi,Powerplant
1017185180,tn_north,works,unnamed,13.4262355,80.1046151,True,General,True,T.C.P. Limited - Gummidipoondi,Powerplant
1017185181,tn_north,works,unnamed,13.4068117,80.1193954,True,General,True,T.C.P. Limited - Gummidipoondi,Powerplant
1017185182,tn_north,works,unnamed,13.4102828,80.1154923,True,General,True,T.C.P. Limited - Gummidipoondi,Powerplant
1017185183,tn_north,works,unnamed,13.4045588,80.0995775,True,General,True,T.C.P. Limited - Gummidipoondi,Powerplant
1017185185,tn_north,works,unnamed,13.2340802,80.288815,False,,False,,
1017185187,tn_north,works,unnamed,13.2400244,80.3045547,False,,False,,
1017189239,tn_north,works,unnamed,13.241853,79.9034616,False,,False,,
1017189240,tn_north,works,unnamed,13.2417713,79.902153,False,,False,,
1017189241,tn_north,works,unnamed,13.2414762,79.900588,False,,False,,
1017195350,tn_north,industrial,unnamed,13.5845312,80.0288436,False,,False,,
1017195351,tn_north,industrial,unnamed,13.5607552,80.0160059,False,,False,,
1017195352,tn_north,industrial,unnamed,13.5531721,80.0231614,False,,False,,
1017195356,tn_north,industrial,unnamed,13.4557205,80.1178629,False,,False,,
1017195357,tn_north,industrial,unnamed,13.4372101,80.0911138,True,General,True,T.C.P. Limited - Gummidipoondi,Powerplant
1017195360,tn_north,industrial,unnamed,13.4440169,80.1115989,False,,False,,
1017195363,tn_north,works,unnamed,13.4234031,80.1028937,True,General,True,T.C.P. Limited - Gummidipoondi,Powerplant
1017195365,tn_north,industrial,unnamed,13.4308713,80.1015417,True,General,True,T.C.P. Limited - Gummidipoondi,Powerplant
1017195366,tn_north,industrial,unnamed,13.43284,80.1059586,True,General,True,T.C.P. Limited - Gummidipoondi,Powerplant
1021019556,tn_north,industrial,unnamed,13.2249554,80.1636108,False,,False,,
1021531015,tn_north,industrial,unnamed,13.2051186,80.1235486,False,,False,,
1024429941,tn_north,industrial,unnamed,13.5923544,79.5243751,False,,False,,
1026900579,tn_north,industrial,unnamed,12.7063643,79.9775666,False,,True,Mohan Breweries and Distilleries Ltd,Distillery
1026900580,tn_north,industrial,unnamed,12.7049749,79.976711,False,,True,Mohan Breweries and Distilleries Ltd,Distillery
1026900581,tn_north,industrial,unnamed,12.6997889,79.9782693,False,,True,Mohan Breweries and Distilleries Ltd,Distillery
1026900587,tn_north,industrial,unnamed,12.7302233,80.011298,False,,False,,
1026900590,tn_north,industrial,unnamed,12.7241548,80.0221945,False,,False,,
1026900592,tn_north,industrial,unnamed,12.7184131,80.022239,False,,False,,
1026900593,tn_north,industrial,Pegatron Technology India (Plot 3),12.7201224,80.0202169,False,,False,,
1026900595,tn_north,industrial,unnamed,12.6450753,80.1493621,False,,False,,
1026900596,tn_north,industrial,unnamed,12.6489906,80.1419538,False,,False,,
1026900599,tn_north,industrial,unnamed,12.6363287,80.1536429,False,,False,,
1026902287,tn_north,industrial,ZIP Industries,12.6716015,79.976711,False,,True,Mohan Breweries and Distilleries Ltd,Distillery
1031411731,tn_north,industrial,unnamed,12.92705,79.3421673,True,Leather/Chemical,True,Bhavani Distilleries and Chemicals Ltd,Distillery
1032833420,tn_north,industrial,unnamed,13.0181323,79.9172184,False,,False,,
1032833421,tn_north,industrial,unnamed,13.0142195,79.918201,False,,False,,
1032833456,tn_north,industrial,unnamed,13.0289831,79.9170173,False,,False,,
1032833457,tn_north,industrial,unnamed,13.0296215,79.9157772,False,,False,,
1032833461,tn_north,industrial,unnamed,13.0274954,79.9170194,False,,False,,
1032833468,tn_north,industrial,unnamed,13.0278102,79.9154586,False,,False,,
1032833469,tn_north,industrial,unnamed,13.0237893,79.914316,False,,False,,
1032865618,tn_north,industrial,unnamed,12.6168123,79.9277983,False,,False,,
1035185846,tn_north,industrial,unnamed,12.8348313,79.7050977,False,,True,S.V. Sugars Ltd (Distillery),Distillery
1041130086,tn_north,industrial,Timber Cutting Company,13.2775872,80.2256912,False,,False,,
1041130087,tn_north,industrial,Blue Metal Company,13.2779734,80.2240762,False,,False,,
1051234262,tn_north,industrial,unnamed,13.239665,80.1787655,False,,False,,
1053243953,tn_north,works,unnamed,12.8378758,79.9517331,False,,False,,
1055416509,tn_north,industrial,unnamed,12.8937086,79.9192655,False,,False,,
1055416510,tn_north,industrial,unnamed,12.8920007,79.9197444,False,,False,,
1055416511,tn_north,industrial,unnamed,12.8833855,79.9085694,False,,False,,
1055416512,tn_north,industrial,unnamed,12.8813249,79.9103882,False,,False,,
1055416513,tn_north,industrial,unnamed,12.881604,79.9117296,False,,False,,
1058718089,tn_north,works,Phoenix Medical Systems,12.9523007,79.9889628,True,Auto,False,,
1058718094,tn_north,works,Royal Tyres,12.9522692,79.9878751,True,Auto,False,,
1060226654,tn_north,industrial,unnamed,13.213696,80.1677884,False,,False,,
1060236016,tn_north,industrial,unnamed,13.239936,80.3084114,False,,False,,
1061003469,tn_north,industrial,unnamed,13.2302708,80.2884093,False,,False,,
1063495624,tn_north,works,unnamed,12.9376615,80.0041044,False,,False,,
1063495626,tn_north,works,unnamed,12.9383486,80.0016912,True,Auto,False,,
1063495627,tn_north,works,unnamed,12.9391111,80.0040796,True,Auto,False,,
1063495629,tn_north,works,unnamed,12.9384764,79.9996836,True,Auto,False,,
1065760049,tn_north,industrial,unnamed,13.258515,80.3044153,False,,False,,
1065775987,tn_north,industrial,unnamed,13.3192343,80.3375325,False,,False,,
1065775989,tn_north,industrial,unnamed,13.3270306,80.3349087,False,,False,,
1065817082,tn_north,industrial,unnamed,13.5438227,79.9998513,False,,False,,
1065817083,tn_north,industrial,unnamed,13.5425906,79.9928178,False,,False,,
1065866307,tn_north,industrial,unnamed,13.0498272,80.0537296,False,,False,,
1066662665,tn_north,industrial,unnamed,12.9626529,79.9746849,True,Auto,False,,
1066918401,tn_north,industrial,unnamed,12.8854252,80.2098419,False,,False,,
1072601387,tn_north,works,unnamed,13.234558,79.1110013,False,,False,,
1072601392,tn_north,works,Sreenivasa Beer Factory,13.2508205,79.1018726,False,,False,,
1072601394,tn_north,industrial,unnamed,13.2511994,79.1018796,False,,False,,
1074260425,tn_north,works,Yanmar Engine Manufacturing Plant Chennai,13.34705,80.1606141,False,,True,North Chennai Thermal Power Station,Powerplant
1074260437,tn_north,industrial,unnamed,13.3473119,80.1603386,False,,True,North Chennai Thermal Power Station,Powerplant
1080301444,tn_north,industrial,unnamed,13.0062929,80.1726909,False,,False,,
1080301445,tn_north,industrial,unnamed,13.0094291,80.1695993,False,,False,,
1080301446,tn_north,industrial,unnamed,13.0079787,80.1673302,False,,False,,
1080320450,tn_north,industrial,unnamed,12.969099,80.1506831,False,,False,,
1080327133,tn_north,industrial,unnamed,12.9687784,80.1693277,False,,False,,
1080327134,tn_north,industrial,unnamed,12.9702666,80.1755411,False,,False,,
1080342530,tn_north,industrial,unnamed,12.9554128,80.1580645,False,,False,,
1080350731,tn_north,industrial,unnamed,12.9476754,80.1452798,False,,False,,
1080350746,tn_north,industrial,unnamed,12.9619332,80.1472458,False,,False,,
1080350750,tn_north,industrial,unnamed,12.9634226,80.1394056,False,,False,,
1080350751,tn_north,industrial,unnamed,12.9628291,80.1415278,False,,False,,
1081262436,tn_north,industrial,unnamed,13.1078575,80.1590395,False,,False,,
1081262437,tn_north,industrial,unnamed,13.1016742,80.1691514,False,,False,,
1081262438,tn_north,industrial,unnamed,13.1022646,80.1647124,False,,False,,
1081262439,tn_north,industrial,unnamed,13.1070791,80.1673754,False,,False,,
1081262440,tn_north,industrial,unnamed,13.1044698,80.1749343,False,,False,,
1081262441,tn_north,industrial,unnamed,13.1117238,80.1690245,False,,False,,
1081262442,tn_north,industrial,unnamed,13.0940118,80.1733464,False,,False,,
1081262443,tn_north,industrial,unnamed,13.0950516,80.1657746,False,,False,,
1081262444,tn_north,industrial,unnamed,13.0870664,80.1726343,False,,False,,
1081262445,tn_north,industrial,unnamed,13.0872716,80.1656162,False,,False,,
1081262446,tn_north,industrial,unnamed,13.0928351,80.1600386,False,,False,,
1081262447,tn_north,industrial,unnamed,13.0779498,80.1579746,False,,False,,
1081262448,tn_north,industrial,unnamed,13.0752222,80.1519478,False,,False,,
1081262449,tn_north,industrial,unnamed,13.0776546,80.149008,False,,False,,
1081262450,tn_north,industrial,unnamed,13.0485847,80.1470393,False,,False,,
1081262451,tn_north,industrial,unnamed,13.0531442,80.1513389,False,,False,,
1081262452,tn_north,industrial,unnamed,13.0510538,80.1567811,False,,False,,
1081262453,tn_north,industrial,unnamed,13.0507038,80.1523366,False,,False,,
1081262751,tn_north,industrial,unnamed,13.081746,80.1466584,False,,False,,
1081264274,tn_north,industrial,unnamed,13.1353324,80.2352545,False,,False,,
1081264287,tn_north,industrial,unnamed,13.1613558,80.2261754,False,,False,,
1095936852,tn_north,works,unnamed,13.1041386,80.2789178,False,,False,,
1098109969,tn_north,industrial,unnamed,12.9420788,79.7625983,False,,False,,
1099323608,tn_north,industrial,Frozen Tropicals,13.3840029,79.090657,False,,False,,
1099323621,tn_north,industrial,unnamed,13.3863712,79.0921169,False,,False,,
1099323633,tn_north,industrial,unnamed,13.3904461,79.0952648,False,,False,,
1099323641,tn_north,industrial,Agro Tech Foods,13.3926676,79.0959583,False,,False,,
1104535865,tn_north,industrial,unnamed,12.8911698,80.1257141,False,,False,,
1104535883,tn_north,industrial,unnamed,12.8924409,80.1228558,False,,False,,
1105965966,tn_north,industrial,unnamed,13.0089174,80.2239608,False,,False,,
1110252512,tn_north,industrial,unnamed,12.9127968,79.3606927,True,Leather/Chemical,True,Bhavani Distilleries and Chemicals Ltd,Distillery
1124073274,tn_north,industrial,Empty ground,12.8934874,80.1855949,False,,False,,
1130587000,tn_north,works,Simpson and Co Ltd,13.0718692,80.272822,False,,False,,
1130591113,tn_north,industrial,unnamed,12.982454,80.2529921,False,,False,,
1131700802,tn_north,industrial,Island Grounds Solar Farm,13.0701615,80.2788415,False,,False,,
1134197655,tn_north,industrial,Vallalar Nagar Bus Depot,13.1043349,80.2762568,False,,False,,
1134607892,tn_north,industrial,CPCL Manali Refinery Captive Power Station,13.1675279,80.2824164,False,,False,,
1151114506,tn_north,industrial,"Hi-Tech SEZ, Sriperumbudur",12.9192528,79.8858604,False,,False,,
1151115700,tn_north,industrial,Pegatron Technology India (Plot 8),12.716461,80.022239,False,,False,,
1153313753,tn_north,industrial,unnamed,13.0612763,79.1562354,False,,False,,
1153318744,tn_north,industrial,unnamed,12.9689629,79.1993612,False,,False,,
1154702035,tn_north,industrial,APM Terminals,13.3040926,80.2099209,False,,True,North Chennai Thermal Power Station,Powerplant
1154702036,tn_north,industrial,unnamed,13.3031899,80.2119398,False,,True,North Chennai Thermal Power Station,Powerplant
1154910900,tn_north,industrial,unnamed,13.2642315,80.1506025,False,,False,,
1154910911,tn_north,industrial,Jayalakshmi Modern Rice Mill,13.2626783,80.1478895,False,,False,,
1154910912,tn_north,industrial,unnamed,13.2626738,80.1467886,False,,False,,
1154910913,tn_north,industrial,unnamed,13.2636914,80.1499704,False,,False,,
1154910914,tn_north,industrial,unnamed,13.263727,80.1492531,False,,False,,
1154910947,tn_north,industrial,unnamed,13.2641323,80.1350462,False,,False,,
1159891044,tn_north,industrial,unnamed,12.9224624,79.332711,True,Leather/Chemical,True,Bhavani Distilleries and Chemicals Ltd,Distillery
1165042329,tn_north,industrial,unnamed,12.9230278,79.3328237,True,Leather/Chemical,True,Bhavani Distilleries and Chemicals Ltd,Distillery
1166100581,tn_north,industrial,Tamil Nadu Warehousing Corporation,12.9569444,79.3130217,True,Leather/Chemical,False,,
1166100583,tn_north,industrial,United Foundries Private Limited,12.9591752,79.3136555,True,Leather/Chemical,False,,
1167676427,tn_north,industrial,unnamed,12.93119,79.3381339,True,Leather/Chemical,True,Bhavani Distilleries and Chemicals Ltd,Distillery
1170553376,tn_north,works,Kora Shoes,12.9042885,79.4229144,False,,False,,
1172354351,tn_north,industrial,Tocheunglee Stationery Manufacturing Company,13.0820282,79.9092657,False,,False,,
1172399084,tn_north,industrial,unnamed,13.1036731,80.2746803,False,,False,,
1173240006,tn_north,industrial,BHEL Ancillary,12.9800029,79.3002948,False,,False,,
1175596611,tn_north,industrial,unnamed,13.5316852,79.956302,False,,False,,
1175596616,tn_north,industrial,unnamed,13.5403375,79.9548858,False,,False,,
1181311432,tn_north,industrial,unnamed,13.2010701,80.1533723,False,,False,,
1181311433,tn_north,industrial,unnamed,13.2013671,80.1533414,False,,False,,
1184743384,tn_north,works,unnamed,12.7401347,79.9887177,False,,False,,
1184764944,tn_north,works,Motherson Sumi Wiring India Limited - Kuruvanmedu,12.777373,79.9488249,False,,False,,
1185048907,tn_north,industrial,unnamed,12.9347298,79.3399301,True,Leather/Chemical,True,Bhavani Distilleries and Chemicals Ltd,Distillery
1185723792,tn_north,industrial,unnamed,12.7831155,80.1544425,False,,False,,
1188058829,tn_north,industrial,unnamed,13.0183418,80.0087862,True,Auto,False,,
1188058840,tn_north,industrial,unnamed,13.0063595,79.9951792,True,Auto,False,,
1188058856,tn_north,industrial,unnamed,13.0174184,79.9854564,True,Auto,False,,
1188058868,tn_north,industrial,unnamed,12.9934588,79.985755,True,Auto,False,,
1188058869,tn_north,industrial,unnamed,12.9888719,79.9805663,True,Auto,False,,
1188085247,tn_north,industrial,unnamed,13.0390001,80.0089691,False,,False,,
1188946007,tn_north,industrial,unnamed,13.0689394,80.2782461,False,,False,,
1199699098,tn_north,industrial,First Solar,12.9560422,79.9703123,True,Auto/Electronics,False,,
1199699099,tn_north,industrial,unnamed,12.9592178,79.9736903,True,Auto,False,,
1200036548,tn_north,works,RPM Engineers (India),12.9528573,79.9877485,True,Auto,False,,
1200036560,tn_north,works,Rajguru Adhesive Tape Company,12.951909,79.9879993,True,Auto,False,,
1200036572,tn_north,industrial,unnamed,12.9526364,79.9888047,True,Auto,False,,
1200036593,tn_north,industrial,unnamed,12.9543617,79.9885327,True,Auto,False,,
1200036606,tn_north,industrial,unnamed,12.9547719,79.9908393,True,Auto,False,,
1200055117,tn_north,industrial,Indospace Logistics Park,13.025032,80.008473,False,,False,,
1200055131,tn_north,industrial,unnamed,13.0249687,80.0104073,False,,False,,
1200055137,tn_north,industrial,unnamed,13.0331053,80.0120669,False,,False,,
1201843763,tn_north,industrial,unnamed,13.0573113,79.9073126,False,,False,,
1202024800,tn_north,industrial,unnamed,13.111172,80.272031,False,,False,,
1202024804,tn_north,industrial,unnamed,13.10059,80.2675771,False,,False,,
1202517261,tn_north,industrial,unnamed,12.8617839,80.1647665,False,,False,,
1204149881,tn_north,industrial,unnamed,13.1940904,80.1369055,False,,False,,
1204149889,tn_north,industrial,unnamed,13.1977664,80.139309,False,,False,,
1222187642,tn_north,industrial,M M Garden,13.12581,80.244388,False,,False,,
1230574997,tn_north,works,unnamed,12.9594855,80.2596692,False,,False,,
1232403213,tn_north,industrial,unnamed,13.0304487,79.8666205,False,,False,,
1233330616,tn_north,industrial,unnamed,12.6929255,80.187892,False,,False,,
1233330617,tn_north,industrial,unnamed,12.6907223,80.1897266,False,,False,,
1233330618,tn_north,industrial,unnamed,12.6919129,80.1895737,False,,False,,
1235085971,tn_north,industrial,unnamed,13.0471195,80.0823129,False,,False,,
1235085994,tn_north,industrial,unnamed,13.0472766,80.0832571,False,,False,,
1235471458,tn_north,industrial,unnamed,13.0578365,80.0918052,False,,False,,
1235907847,tn_north,industrial,Ray Mix,12.7722626,80.2070062,False,,False,,
1236248472,tn_north,industrial,Hyoseong Electric India,13.0348633,79.9942448,False,,False,,
1236686051,tn_north,industrial,unnamed,13.1294797,80.2394491,False,,False,,
1236975682,tn_north,industrial,unnamed,13.0664749,80.0761592,False,,False,,
1236975735,tn_north,industrial,unnamed,13.075541,80.0806184,False,,False,,
1236975737,tn_north,industrial,unnamed,13.0781511,80.0718865,False,,False,,
1236975738,tn_north,industrial,unnamed,13.0806853,80.0755772,False,,False,,
1236975739,tn_north,industrial,unnamed,13.0835138,80.0755061,False,,False,,
1237033474,tn_north,industrial,Pawan Shakthi Wind Turbines,13.0554996,80.1002925,False,,False,,
1237724078,tn_north,industrial,Corporation of Chennai General Workshop,13.0944254,80.2769904,False,,False,,
1237728800,tn_north,industrial,Corporation of Chennai Lorry Depot,13.0949175,80.2761747,False,,False,,
1240394712,tn_north,industrial,unnamed,13.0390837,79.838504,False,,False,,
1240727700,tn_north,industrial,unnamed,13.525464,79.9818786,False,,False,,
1250224178,tn_north,industrial,unnamed,13.0286104,79.1263247,False,,False,,
1250224186,tn_north,industrial,unnamed,13.0772732,79.1365599,False,,False,,
1250224187,tn_north,industrial,unnamed,13.0751203,79.1391724,False,,False,,
1250224188,tn_north,industrial,unnamed,13.0738872,79.1383409,False,,False,,
1250224190,tn_north,industrial,unnamed,13.1110942,79.1313082,False,,False,,
1250224191,tn_north,industrial,unnamed,13.0904616,79.1385823,False,,False,,
1250224195,tn_north,industrial,unnamed,13.070428,79.1405994,False,,False,,
1250224196,tn_north,industrial,unnamed,13.0639901,79.1375417,False,,False,,
1250353863,tn_north,industrial,unnamed,13.1404859,79.0289712,False,,False,,
1250353864,tn_north,industrial,unnamed,13.1417972,79.0276622,False,,False,,
1250353884,tn_north,industrial,unnamed,13.114114,79.3830388,False,,False,,
1250353888,tn_north,industrial,unnamed,13.2937818,79.586286,False,,False,,
1250353891,tn_north,industrial,unnamed,13.2984856,79.6115175,False,,False,,
1250353892,tn_north,industrial,unnamed,13.2992687,79.6087682,False,,False,,
1250353893,tn_north,industrial,unnamed,13.3110408,79.6041066,False,,False,,
1250475604,tn_north,industrial,unnamed,13.183632,79.0545434,False,,False,,
1250475605,tn_north,industrial,unnamed,13.1660245,79.0465825,False,,False,,
1250475606,tn_north,industrial,Indian Oil Pol Terminal,13.1651365,79.0374738,False,,False,,
1253593545,tn_north,industrial,unnamed,13.0420843,79.1387341,False,,False,,
1253605602,tn_north,industrial,unnamed,13.1555719,79.1104189,False,,False,,
1260650007,tn_north,industrial,unnamed,13.1903768,79.0901879,False,,False,,
1264111096,tn_north,industrial,unnamed,13.0926986,79.3207662,False,,False,,
1264681434,tn_north,industrial,unnamed,13.3195981,79.0387143,False,,False,,
1264688218,tn_north,industrial,unnamed,13.4496711,79.0635585,False,,False,,
1264712768,tn_north,industrial,unnamed,12.5982666,79.8590477,False,,False,,
1264712769,tn_north,industrial,unnamed,12.9188771,79.8764424,False,,False,,
1268573578,tn_north,industrial,unnamed,12.5821739,79.2886845,False,,False,,
1270596144,tn_north,industrial,unnamed,12.87216,79.8197263,False,,False,,
1270596178,tn_north,industrial,unnamed,12.8726759,79.8127536,False,,False,,
1270596188,tn_north,industrial,unnamed,12.868718,79.8174067,False,,False,,
1270596202,tn_north,industrial,unnamed,12.8805164,79.8127231,False,,False,,
1270596229,tn_north,industrial,Myunghwa Automotive India,12.8821892,79.8064119,False,,False,,
1270596254,tn_north,industrial,Fritzmeier Motherson Cabin Engineering,12.8849281,79.802342,False,,False,,
1270596259,tn_north,industrial,unnamed,12.886584,79.8003197,False,,False,,
1270603738,tn_north,industrial,unnamed,12.8948419,79.7992687,False,,False,,
1270620105,tn_north,industrial,Jaya Hind Industries,12.9847848,79.8531843,False,,False,,
1270620121,tn_north,industrial,unnamed,12.9868876,79.8525698,False,,False,,
1270620146,tn_north,industrial,SafeExpress,12.999024,79.8562479,False,,False,,
1270620190,tn_north,industrial,Ascentrade,13.0032425,79.8543385,False,,False,,
1290289920,tn_north,industrial,GT Food Products,13.2635302,80.0283053,False,,False,,
1305918722,tn_north,industrial,unnamed,12.903612,79.1312301,False,,True,Tirupattur Co-operative Sugar Mills,Sugar
1309208795,tn_north,industrial,unnamed,12.9723901,79.3268772,False,,False,,
1309258188,tn_north,industrial,unnamed,12.7184813,80.0205622,False,,False,,
1309258189,tn_north,industrial,unnamed,12.7201392,80.0187219,False,,False,,
1310874074,tn_north,industrial,unnamed,12.9611301,79.258488,False,,False,,
1310874075,tn_north,industrial,unnamed,12.9609895,79.2579766,False,,False,,
1310874080,tn_north,industrial,unnamed,12.9805014,79.2588711,False,,False,,
1310874082,tn_north,industrial,unnamed,12.9692266,79.2657681,False,,False,,
1310874083,tn_north,industrial,unnamed,12.9734253,79.266954,False,,False,,
1310874084,tn_north,industrial,unnamed,12.972662,79.2669718,False,,False,,
1310874085,tn_north,industrial,unnamed,12.977449,79.2673384,False,,False,,
1310874086,tn_north,industrial,unnamed,12.9754634,79.2681992,False,,False,,
1310874205,tn_north,industrial,unnamed,12.9694965,79.2601009,False,,False,,
1318089336,tn_north,industrial,unnamed,13.2205073,80.2513445,False,,False,,
1337335236,tn_north,industrial,Tamil Nadu Warehousing Corporation,12.9294691,79.1351111,False,,True,Tirupattur Co-operative Sugar Mills,Sugar
1341213188,tn_north,industrial,unnamed,13.000194,79.2994508,False,,False,,
1344685065,tn_north,industrial,unnamed,13.2027241,80.2690637,False,,False,,
1344685070,tn_north,industrial,unnamed,13.2030087,80.2718934,False,,False,,
1344685071,tn_north,industrial,unnamed,13.197786,80.2676206,False,,False,,
1344685072,tn_north,industrial,unnamed,13.1995061,80.2676671,False,,False,,
1348009026,tn_north,industrial,unnamed,12.7809516,79.4455074,False,,False,,
1349991174,tn_north,industrial,unnamed,12.9309907,79.3406532,True,Leather/Chemical,True,Bhavani Distilleries and Chemicals Ltd,Distillery
1353964599,tn_north,industrial,unnamed,12.9508044,79.3285459,True,Leather/Chemical,False,,
1356608891,tn_north,industrial,unnamed,13.3434671,79.466233,False,,False,,
1358332461,tn_north,industrial,IndoSpace Industrial & Logistics Park Sri City,13.5142121,79.9885681,False,,False,,
1366797284,tn_north,industrial,NueGo Bus Depot,13.0643069,80.1488784,False,,False,,
1373748084,tn_north,industrial,unnamed,12.9554325,80.2406189,False,,False,,
1373748152,tn_north,industrial,unnamed,12.947518,80.2386512,False,,False,,
1373863709,tn_north,industrial,unnamed,12.9773467,79.2405099,False,,False,,
1382598502,tn_north,industrial,unnamed,13.058208,80.1482664,False,,False,,
1391064929,tn_north,industrial,unnamed,12.9659563,79.8526954,False,,False,,
1391077171,tn_north,industrial,unnamed,12.9308961,79.8978081,False,,False,,
1391100154,tn_north,industrial,unnamed,12.8919191,79.9095487,False,,False,,
1391100165,tn_north,industrial,unnamed,12.8942734,79.9090341,False,,False,,
1391100168,tn_north,industrial,unnamed,12.8948341,79.908277,False,,False,,
1391100170,tn_north,industrial,unnamed,12.8956166,79.9077009,False,,False,,
1391100183,tn_north,industrial,unnamed,12.8962375,79.9071072,False,,False,,
1391100185,tn_north,industrial,unnamed,12.8960615,79.9096846,False,,False,,
1391100189,tn_north,industrial,unnamed,12.8960081,79.9092457,False,,False,,
1391100192,tn_north,industrial,unnamed,12.8961108,79.9100941,False,,False,,
1408507499,tn_north,industrial,unnamed,13.279824,80.081757,False,,False,,
1408507500,tn_north,industrial,unnamed,13.2792392,80.0832255,False,,False,,
1415875784,tn_north,industrial,"APSRTC Bus Depot , Satyavedu",13.4414569,79.9533248,False,,False,,
1415875785,tn_north,industrial,"APSRTC Bus Depot, Puttur",13.4341705,79.5522608,False,,False,,
1415875793,tn_north,industrial,"APSRTC Bus Depot , Chittoor - 1",13.2126547,79.0928212,False,,False,,
1415875794,tn_north,industrial,"APSRTC Bus Depot , Chittoor - 2",13.2193027,79.1070865,False,,False,,
1425509039,tn_north,industrial,unnamed,12.8886325,79.919877,False,,False,,
1425509044,tn_north,industrial,unnamed,12.8048963,79.9018061,False,,False,,
1425509050,tn_north,industrial,unnamed,12.8388629,79.8842566,False,,False,,
1425509051,tn_north,industrial,unnamed,12.8390717,79.8912877,False,,False,,
1425974093,tn_north,industrial,unnamed,12.9201435,79.9112292,False,,False,,
1425974105,tn_north,industrial,Prabhu Laser Components,12.9180713,79.9042,False,,False,,
1425974110,tn_north,industrial,unnamed,12.918792,79.9036992,False,,False,,
1425974114,tn_north,industrial,Nichias Industrial Products,12.9174547,79.902291,False,,False,,
1425974121,tn_north,industrial,Kus Technology,12.9180513,79.9030288,False,,False,,
1425974139,tn_north,industrial,Metco Roof,12.9163591,79.9006691,False,,False,,
1425974147,tn_north,industrial,unnamed,12.9168536,79.9015429,False,,False,,
1425974152,tn_north,industrial,unnamed,12.9152656,79.9021217,False,,False,,
1425974159,tn_north,industrial,unnamed,12.9164862,79.904853,False,,False,,
1425974161,tn_north,industrial,unnamed,12.9162326,79.9044604,False,,False,,
1425974165,tn_north,industrial,Modine Thermal Systems,12.9166016,79.9040125,False,,False,,
1425974171,tn_north,industrial,unnamed,12.9160242,79.9028738,False,,False,,
1425975815,tn_north,industrial,Freudenberg NOK,12.9111131,79.9203361,False,,False,,
1425975826,tn_north,industrial,Malhotra Cables,12.9115505,79.9186273,False,,False,,
1425990058,tn_north,industrial,Klemove,12.9162883,79.9221053,False,,False,,
1425990072,tn_north,industrial,unnamed,12.9150535,79.9209881,False,,False,,
1425990083,tn_north,industrial,Mekins Industries,12.9129031,79.9200867,False,,False,,
1425990088,tn_north,industrial,Delux Rubber,12.9132061,79.9212779,False,,False,,
1425990094,tn_north,industrial,Elduction Systems,12.9128708,79.9211721,False,,False,,
1425990099,tn_north,industrial,Rambal,12.9123865,79.9210671,False,,False,,
1425990103,tn_north,industrial,unnamed,12.9129975,79.9194828,False,,False,,
1425990107,tn_north,industrial,unnamed,12.9130499,79.9190512,False,,False,,
1425990110,tn_north,industrial,Naagu Leather,12.9132032,79.9185059,False,,False,,
1425990113,tn_north,industrial,Kumar Industries,12.9133689,79.9177169,False,,False,,
1425990116,tn_north,industrial,unnamed,12.9135408,79.9169935,False,,False,,
1425990119,tn_north,industrial,Stork Rubber Products,12.9137219,79.9164333,False,,False,,
1425990124,tn_north,industrial,MBM,12.9142036,79.9165128,False,,False,,
1425994778,tn_north,industrial,unnamed,12.9081478,79.9226224,False,,False,,
1425994783,tn_north,industrial,unnamed,12.9086297,79.9212853,False,,False,,
1425994797,tn_north,industrial,unnamed,12.9103845,79.9226788,False,,False,,
1425994803,tn_north,industrial,unnamed,12.9095862,79.9226425,False,,False,,
1426002926,tn_north,industrial,Satyam Auto Components,12.9101536,79.9237481,False,,False,,
1426002932,tn_north,industrial,unnamed,12.9098648,79.924741,False,,False,,
1426002937,tn_north,industrial,ArcelorMittal Neel Tailored Blanks,12.910196,79.9268696,False,,False,,
1426002962,tn_north,industrial,unnamed,12.9101498,79.9280341,False,,False,,
1426002973,tn_north,industrial,Kukdong Coolant,12.9114863,79.9268605,False,,False,,
1426002979,tn_north,industrial,unnamed,12.9120027,79.9273598,False,,False,,
1426002986,tn_north,industrial,unnamed,12.9127327,79.9274327,False,,False,,
1426004318,tn_north,industrial,Roki Uno Minda,12.912387,79.9257566,False,,False,,
1426004324,tn_north,industrial,Sreevari,12.9123385,79.9246358,False,,False,,
1426011270,tn_north,industrial,JB Enterprises,12.9122298,79.9226963,False,,False,,
1426011277,tn_north,industrial,unnamed,12.9128388,79.922827,False,,False,,
1426011307,tn_north,industrial,unnamed,12.9115371,79.9163593,False,,False,,
1426011315,tn_north,industrial,unnamed,12.9114508,79.9169341,False,,False,,
1426011318,tn_north,industrial,unnamed,12.9117973,79.917501,False,,False,,
1426011322,tn_north,industrial,Zebro Officemate,12.9146153,79.914474,False,,False,,
1426011335,tn_north,industrial,unnamed,12.9147656,79.9135281,False,,False,,
1426011339,tn_north,industrial,Sriram Foams,12.9147624,79.9128866,False,,False,,
1426011342,tn_north,industrial,unnamed,12.9147704,79.9123038,False,,False,,
1426011349,tn_north,industrial,Nisco Aegis Polymers Limited (NAPL),12.91381,79.9133265,False,,False,,
1426011353,tn_north,industrial,Dynamic Precision Tools & SPM,12.9138009,79.9126419,False,,False,,
1426011361,tn_north,industrial,JM Frictech,12.9134978,79.9119937,False,,False,,
1426018409,tn_north,industrial,unnamed,12.9149604,79.9112202,False,,False,,
1426018421,tn_north,industrial,unnamed,12.9151812,79.9103414,False,,False,,
1426018426,tn_north,industrial,Western Airducts,12.9152927,79.9099064,False,,False,,
1426018431,tn_north,industrial,unnamed,12.9154197,79.9094258,False,,False,,
1426018442,tn_north,industrial,unnamed,12.914581,79.9090244,False,,False,,
1426018458,tn_north,industrial,Voestalpine,12.9134688,79.9096221,False,,False,,
1426018463,tn_north,industrial,Thirupathi Industries,12.9135573,79.9102211,False,,False,,
1426018468,tn_north,industrial,unnamed,12.913614,79.9106288,False,,False,,
1426018474,tn_north,industrial,unnamed,12.9137127,79.9110036,False,,False,,
1426018475,tn_north,industrial,unnamed,12.9127828,79.908396,False,,False,,
1426122392,tn_north,industrial,KCC Paint,12.9159541,79.9067897,False,,False,,
1426122403,tn_north,industrial,Ruhrpumpen,12.9051681,79.9064688,False,,False,,
1426122409,tn_north,industrial,Kappa Electricals,12.9051864,79.9071789,False,,False,,
1426122416,tn_north,industrial,SMRC,12.9065533,79.9073958,False,,False,,
1426122438,tn_north,industrial,AV Light,12.9039143,79.9064664,False,,False,,
1426122448,tn_north,industrial,unnamed,12.9039394,79.90745,False,,False,,
1426122452,tn_north,industrial,unnamed,12.9039707,79.9084356,False,,False,,
1426122457,tn_north,industrial,unnamed,12.9034754,79.9091021,False,,False,,
1426122460,tn_north,industrial,Swaamy Industries,12.9029431,79.9084656,False,,False,,
1426122463,tn_north,industrial,PPAP Automotive,12.9029252,79.9077986,False,,False,,
1426122467,tn_north,industrial,Elta Tools & Dies,12.902887,79.9064996,False,,False,,
1426145561,tn_north,industrial,Hanam Electricity,12.9154403,79.9050271,False,,False,,
1426145566,tn_north,industrial,unnamed,12.9139715,79.905989,False,,False,,
1426145571,tn_north,industrial,unnamed,12.9135407,79.9062681,False,,False,,
1426145575,tn_north,industrial,unnamed,12.9128228,79.9063518,False,,False,,
1426145585,tn_north,industrial,unnamed,12.9136882,79.907765,False,,False,,
1426145586,tn_north,industrial,unnamed,12.9140064,79.9075591,False,,False,,
1426145589,tn_north,industrial,unnamed,12.9143145,79.9073564,False,,False,,
1426145599,tn_north,industrial,unnamed,12.9153995,79.9084646,False,,False,,
1426145602,tn_north,industrial,unnamed,12.9149799,79.9081942,False,,False,,
1426145603,tn_north,industrial,unnamed,12.9146141,79.9071689,False,,False,,
1426145608,tn_north,industrial,unnamed,12.9145958,79.90791,False,,False,,
1426145612,tn_north,industrial,unnamed,12.9149236,79.9069752,False,,False,,
1426149659,tn_north,industrial,Mipalloy Nomura Plating Company,12.9148287,79.9042704,False,,False,,
1426149662,tn_north,industrial,Nippon Paint,12.9138266,79.9042384,False,,False,,
1426149665,tn_north,industrial,unnamed,12.9167051,79.9056691,False,,False,,
1426161429,tn_north,industrial,Luxshare Precision Industry India,12.9259559,79.8945814,False,,False,,
1426163504,tn_north,industrial,LyondellBasell,12.9208825,79.9149347,False,,False,,
1426163512,tn_north,industrial,unnamed,12.9203978,79.9147398,False,,False,,
1426163532,tn_north,industrial,unnamed,12.9201775,79.905536,False,,False,,
1426190972,tn_north,industrial,unnamed,12.9197019,79.9047791,False,,False,,
1426190977,tn_north,industrial,unnamed,12.9191432,79.9044976,False,,False,,
1426190982,tn_north,industrial,Korea Fuel Tech India,12.9190651,79.9013465,False,,False,,
1426190985,tn_north,industrial,Pyung Hwa,12.9204417,79.9022488,False,,False,,
1426191022,tn_north,industrial,PPG Asian Paints,12.9219408,79.9032724,False,,False,,
1426191037,tn_north,industrial,unnamed,12.9227178,79.9040267,False,,False,,
1427092802,tn_north,industrial,Salcomp,12.9486036,79.9335727,True,Auto/Electronics,False,,
1427101121,tn_north,industrial,unnamed,12.8924368,79.8783195,False,,False,,
1427101127,tn_north,industrial,Somic ZF,12.8934,79.8804372,False,,False,,
1427101132,tn_north,industrial,Federal-Mogul,12.8976198,79.8824052,False,,False,,
1427101137,tn_north,industrial,unnamed,12.9013991,79.8815716,False,,False,,
1427101138,tn_north,industrial,unnamed,12.8990157,79.8827898,False,,False,,
1427102828,tn_north,industrial,Tsugami,12.8940997,79.9029253,False,,False,,
1427102831,tn_north,industrial,Nash Industries,12.8953029,79.9024551,False,,False,,
1427646932,tn_north,industrial,BYD,12.852793,79.9249989,False,,False,,
1427649873,tn_north,industrial,unnamed,12.859855,79.9221539,False,,False,,
1427649890,tn_north,industrial,unnamed,12.8618234,79.9250637,False,,False,,
1427660533,tn_north,industrial,unnamed,12.9005257,79.9208555,False,,False,,
1427660537,tn_north,industrial,unnamed,12.899095,79.9223205,False,,False,,
1427660548,tn_north,industrial,unnamed,12.9002635,79.9223609,False,,False,,
1427660559,tn_north,industrial,unnamed,12.9016745,79.9222347,False,,False,,
1427660578,tn_north,industrial,unnamed,12.89698,79.9189585,False,,False,,
1427660596,tn_north,industrial,CMR Toyotsu,12.8955675,79.9168394,False,,False,,
1427660603,tn_north,industrial,unnamed,12.8962326,79.9131784,False,,False,,
1427660639,tn_north,industrial,TVS Upasana,12.8956453,79.9139409,False,,False,,
1427660656,tn_north,industrial,unnamed,12.8989889,79.9161044,False,,False,,
1427660685,tn_north,industrial,unnamed,12.897962,79.9152436,False,,False,,
1427660691,tn_north,industrial,unnamed,12.8977084,79.913089,False,,False,,
1427672635,tn_north,industrial,Excel Industrial Packaging,12.8974178,79.9110467,False,,False,,
1427672646,tn_north,industrial,Saro Steel,12.89814,79.9110247,False,,False,,
1427672650,tn_north,industrial,V2H Engineering,12.8996948,79.9110072,False,,False,,
1427672661,tn_north,industrial,Vignesh Polymers,12.8990048,79.9110093,False,,False,,
1427672675,tn_north,industrial,BADVE,12.8991298,79.909062,False,,False,,
1427672683,tn_north,industrial,SIGMA Forging and Forming,12.8982294,79.9087027,False,,False,,
1427672688,tn_north,industrial,unnamed,12.9011766,79.9152355,False,,False,,
1427672706,tn_north,industrial,unnamed,12.9011309,79.9146671,False,,False,,
1427672721,tn_north,industrial,unnamed,12.8976991,79.9068828,False,,False,,
1427672750,tn_north,industrial,unnamed,12.8930351,79.9113765,False,,False,,
1427672753,tn_north,industrial,unnamed,12.8937015,79.911215,False,,False,,
1427672759,tn_north,industrial,unnamed,12.8940919,79.911196,False,,False,,
1427672764,tn_north,industrial,unnamed,12.8944869,79.9111829,False,,False,,
1427672767,tn_north,industrial,unnamed,12.89488,79.9111719,False,,False,,
1427672775,tn_north,industrial,unnamed,12.8952733,79.9111638,False,,False,,
1427672787,tn_north,industrial,unnamed,12.8961641,79.9104813,False,,False,,
1431392583,tn_north,industrial,unnamed,12.890216,79.9131682,False,,False,,
1431398023,tn_north,industrial,unnamed,12.8898819,79.9134571,False,,False,,
1431604116,tn_north,industrial,unnamed,12.8891704,79.918925,False,,False,,
1431966128,tn_north,plant,unnamed,12.9404783,80.003645,True,Auto,False,,
1431966129,tn_north,plant,unnamed,12.9384007,80.0020444,True,Auto,False,,
1435266963,tn_north,industrial,Sree Sannidhi Foods Private Limited,13.3424875,79.056669,False,,False,,
1454242092,tn_north,industrial,"ஆம்னி பேருந்து நிறுத்தம், முடிச்சூர்",12.9089215,80.0736554,False,,False,,
1460249784,tn_north,industrial,Blue Star Climatech Limited,13.5539571,79.991978,False,,False,,
1460249785,tn_north,industrial,Indiska Magic,13.55451,79.9895588,False,,False,,
1460249797,tn_north,industrial,unnamed,13.5778502,80.0417987,False,,False,,
1468890185,tn_north,plant,unnamed,12.8844279,79.7936582,False,,False,,
1486069896,tn_north,industrial,Caterpillar Parking Area,13.084234,79.9010455,False,,False,,
1520354373,tn_north,plant,unnamed,13.0065092,80.189428,False,,False,,
1520354374,tn_north,plant,unnamed,13.0080722,80.1892767,False,,False,,
31879542,tn_central,industrial,Burn Standard,11.6963229,78.1016609,False,,False,,
31999828,tn_central,industrial,Dalmia,11.7166598,78.1226374,False,,False,,
46889259,tn_central,industrial,Central Warehouse Corporation,10.7609707,79.119351,False,,False,,
61982524,tn_central,industrial,TNPL Paper Mill,11.052316,77.9966873,False,,False,,
84737250,tn_central,industrial,unnamed,11.1068582,79.1719463,False,,False,,
93323695,tn_central,industrial,Ramco Cements,11.3628767,79.2277084,False,,False,,
100787177,tn_central,industrial,Golden Rock Workshop,10.7894607,78.7213588,False,,True,Trichy Distilleries & Chemicals Ltd,Distillery
100851888,tn_central,industrial,unnamed,10.7621153,78.6874703,False,,True,Trichy Distilleries & Chemicals Ltd,Distillery
100855367,tn_central,industrial,BHEL Tiruchirappali Complex area,10.7604697,78.7881866,False,,False,,
104170107,tn_central,industrial,Salem Steel Plant,11.6551048,78.0319565,False,,False,,
109612497,tn_central,industrial,unnamed,10.8015716,78.7156917,False,,True,Trichy Distilleries & Chemicals Ltd,Distillery
109612515,tn_central,industrial,unnamed,10.7985443,78.7154929,False,,True,Trichy Distilleries & Chemicals Ltd,Distillery
109612528,tn_central,industrial,unnamed,10.7972899,78.7106366,False,,True,Trichy Distilleries & Chemicals Ltd,Distillery
129673928,tn_central,industrial,Chettinad Cement Factory,10.9368595,78.1513077,False,,False,,
136727943,tn_central,industrial,Neyveli Thermal Power Station II,11.5548001,79.4432291,False,,False,,
164052123,tn_central,industrial,unnamed,11.6918322,79.7616345,False,,False,,
164695298,tn_central,industrial,MRF,11.874276,79.6457085,False,,False,,
164697226,tn_central,industrial,unnamed,11.9281539,79.657631,False,,False,,
164697228,tn_central,industrial,unnamed,11.9162412,79.6568416,False,,False,,
164698093,tn_central,industrial,unnamed,11.8957664,79.7680297,False,,False,,
164698688,tn_central,industrial,unnamed,11.9496312,79.7833268,False,,False,,
165199027,tn_central,industrial,unnamed,11.4481361,79.5486497,False,,False,,
174083461,tn_central,industrial,unnamed,11.5876313,79.4674926,False,,False,,
175237651,tn_central,industrial,unnamed,11.4675028,78.2002771,False,,False,,
175584077,tn_central,industrial,unnamed,10.7243082,78.9301115,False,,False,,
176508927,tn_central,industrial,unnamed,10.6248914,78.5720006,False,,False,,
176508928,tn_central,industrial,unnamed,10.6526918,78.5911889,False,,False,,
178523246,tn_central,industrial,unnamed,11.1819029,79.0927368,False,,True,Tamil Nadu Cement Corp - Ariyalur,Cement
178523253,tn_central,industrial,unnamed,11.1449731,79.0969249,False,,True,Tamil Nadu Cement Corp - Ariyalur,Cement
178523264,tn_central,industrial,unnamed,11.5942948,79.7566362,False,,False,,
178523265,tn_central,industrial,unnamed,11.5903299,79.7521344,False,,False,,
178523269,tn_central,industrial,unnamed,11.6399522,79.7616937,False,,False,,
178523273,tn_central,industrial,unnamed,11.6950745,79.7585655,False,,False,,
178523275,tn_central,industrial,unnamed,11.688707,79.7572787,False,,False,,
178523282,tn_central,industrial,Chettinad Cement Corporation Private Limited,11.0598024,79.0602431,False,,False,,
178531096,tn_central,industrial,Dalmia Cement,10.9680364,78.9480942,False,,False,,
186174723,tn_central,industrial,Madura Coats,9.9251644,78.1114811,False,,False,,
193319216,tn_central,industrial,unnamed,10.9369348,78.0427449,False,,True,EID Parry - Karur,Sugar
193319217,tn_central,industrial,unnamed,10.9566596,78.109898,False,,True,EID Parry - Karur,Sugar
194344785,tn_central,industrial,SIPCOT Industrial Estate,10.7570815,78.8120474,False,,False,,
197644136,tn_central,industrial,unnamed,11.6482617,79.741275,False,,False,,
202414246,tn_central,industrial,unnamed,10.8966983,78.834816,False,,False,,
202414247,tn_central,industrial,unnamed,11.2108435,78.8189963,False,,False,,
202420282,tn_central,industrial,unnamed,10.9456972,78.7324713,False,,False,,
202457131,tn_central,industrial,unnamed,10.7842474,78.8825447,False,,False,,
202529583,tn_central,industrial,unnamed,9.9128215,78.227133,False,,False,,
202530463,tn_central,industrial,unnamed,9.8674891,78.6257282,False,,False,,
206113659,tn_central,industrial,EID Parry & Company,11.7710694,79.6673739,False,,False,,
206113660,tn_central,industrial,unnamed,11.5898488,79.6182055,False,,False,,
206113661,tn_central,industrial,unnamed,11.7258863,79.5539835,False,,False,,
232970457,tn_central,industrial,OFT,10.7275531,78.7879768,False,,False,,
256126702,tn_central,industrial,Bayer TPU Private Ltd.,11.642335,79.7402361,False,,False,,
256127092,tn_central,industrial,Elf Atochem Peroxides India,11.6401606,79.7415589,False,,False,,
265038580,tn_central,industrial,unnamed,11.9136152,79.1956187,False,,False,,
265038581,tn_central,industrial,unnamed,11.9185368,79.1968552,False,,False,,
287077916,tn_central,industrial,Welding Shop,10.9423395,79.3017014,False,,False,,
297525515,tn_central,industrial,unnamed,9.9003337,78.4245632,False,,False,,
305328715,tn_central,industrial,"Ruins of the Ricemill, Thennathur Village",12.4341311,79.4503323,False,,False,,
339687733,tn_central,industrial,unnamed,11.7458501,79.7576308,True,Petrochemical,False,,
340086976,tn_central,industrial,unnamed,11.9978334,79.7493929,False,,False,,
341599763,tn_central,industrial,Thirumakotai Power Station,10.5410009,79.4497437,False,,False,,
342466520,tn_central,industrial,Salem Co-operative Sugar Mill,11.0761642,78.1274204,False,,False,,
342882164,tn_central,industrial,unnamed,11.5983037,78.8169599,False,,False,,
342883139,tn_central,industrial,unnamed,11.5954268,78.8162866,False,,False,,
342883140,tn_central,industrial,unnamed,11.5862371,78.8038252,False,,False,,
342883141,tn_central,industrial,unnamed,11.5821147,78.7994479,False,,False,,
345057949,tn_central,industrial,Neyveli New Thermal Power Station,11.5896913,79.4515461,False,,False,,
352951772,tn_central,industrial,unnamed,11.618543,79.7490652,False,,False,,
352952791,tn_central,industrial,unnamed,11.621593,79.7502001,False,,False,,
352996973,tn_central,industrial,Chengalvarayan Co-operative Sugar Mills Ltd. Periyasevalai,11.8383667,79.3393332,False,,False,,
353154683,tn_central,industrial,Sugar Factory,11.3938548,79.2201292,False,,False,,
358777724,tn_central,industrial,Ponlait Dairy Plant,11.9400675,79.7618813,False,,False,,
358777727,tn_central,industrial,unnamed,11.9426885,79.7643741,False,,False,,
358777728,tn_central,industrial,unnamed,11.9420143,79.7668379,False,,False,,
358777729,tn_central,industrial,unnamed,11.9383087,79.770766,False,,False,,
358892051,tn_central,industrial,unnamed,11.9594645,79.7779832,False,,False,,
358892052,tn_central,industrial,unnamed,11.9605561,79.7789266,False,,False,,
358955542,tn_central,industrial,unnamed,11.8810391,79.7280152,False,,False,,
358955549,tn_central,industrial,unnamed,11.886312,79.7330691,False,,False,,
359110420,tn_central,industrial,unnamed,11.9124993,79.6979812,False,,False,,
359208479,tn_central,industrial,unnamed,11.8797966,79.6487853,False,,False,,
362346161,tn_central,industrial,SIDCO Women Industrial Estate,10.7720504,78.8362387,False,,False,,
373867441,tn_central,industrial,unnamed,10.8394491,78.880196,False,,False,,
374825637,tn_central,industrial,Lanco Tanjore Power Plant,11.1214883,79.5290129,False,,False,,
375105801,tn_central,industrial,unnamed,10.9585753,79.3917638,False,,False,,
375746462,tn_central,industrial,unnamed,10.7410191,78.7168676,False,,False,,
375746463,tn_central,industrial,unnamed,10.7386848,78.7176262,False,,False,,
375746464,tn_central,industrial,unnamed,10.7390628,78.7146628,False,,False,,
375746465,tn_central,industrial,unnamed,10.7423084,78.7140916,False,,False,,
375746466,tn_central,industrial,unnamed,10.738478,78.7155498,False,,False,,
375746467,tn_central,industrial,unnamed,10.7462283,78.7278704,False,,False,,
375946885,tn_central,industrial,unnamed,10.7022792,78.7286328,False,,False,,
375946886,tn_central,industrial,unnamed,10.6601529,78.7388442,False,,False,,
375946887,tn_central,industrial,unnamed,10.7035577,78.7233521,False,,False,,
375946889,tn_central,industrial,unnamed,10.7041037,78.7282419,False,,False,,
375946890,tn_central,industrial,unnamed,10.6497422,78.741546,False,,False,,
375946891,tn_central,industrial,unnamed,10.6585796,78.7391558,False,,False,,
375950947,tn_central,industrial,unnamed,10.6504092,78.7675788,False,,False,,
375950948,tn_central,industrial,unnamed,10.6508934,78.7646239,False,,False,,
375950949,tn_central,industrial,Heavy Alloy Penetrator Project,10.7114342,78.7894353,False,,False,,
375950950,tn_central,industrial,unnamed,10.6528224,78.7634261,False,,False,,
376269080,tn_central,industrial,unnamed,11.2054136,78.2249576,False,,False,,
376271729,tn_central,industrial,unnamed,11.1742527,78.199099,False,,False,,
376271730,tn_central,industrial,unnamed,11.1608589,78.207961,False,,False,,
376271731,tn_central,industrial,unnamed,11.180476,78.1976585,False,,False,,
380220044,tn_central,industrial,unnamed,11.5400453,79.4843581,False,,False,,
386121060,tn_central,industrial,unnamed,11.5153732,79.3323474,False,,False,,
386718594,tn_central,plant,unnamed,12.2868552,78.4087061,False,,False,,
402585405,tn_central,industrial,unnamed,11.1756771,78.19788,False,,False,,
402592176,tn_central,industrial,unnamed,11.2507293,78.1235284,False,,False,,
403214213,tn_central,industrial,Morning Circle,11.9819957,79.7770752,False,,False,,
403402305,tn_central,industrial,Wood Cutting,11.9820684,79.777306,False,,False,,
403432212,tn_central,industrial,Laundry,11.9818264,79.7766364,False,,False,,
440732418,tn_central,industrial,Rice Mill,10.5975895,79.4150115,False,,False,,
441125477,tn_central,works,Kurungulam Sugar Mill,10.6700899,79.0744572,False,,False,,
442418283,tn_central,industrial,unnamed,9.8051432,78.5150623,False,,False,,
444727386,tn_central,industrial,SIPCOT Industrial Area,10.4252199,78.7821811,False,,False,,
447015148,tn_central,industrial,unnamed,10.7390171,78.8570999,False,,False,,
464128328,tn_central,industrial,unnamed,10.8989769,78.8510784,False,,False,,
464925376,tn_central,industrial,unnamed,10.8580697,78.8790865,False,,False,,
464925377,tn_central,industrial,unnamed,10.8626479,78.8764271,False,,False,,
464925378,tn_central,industrial,unnamed,10.8626426,78.8736603,False,,False,,
464925379,tn_central,industrial,unnamed,10.8633722,78.8718176,False,,False,,
464925380,tn_central,industrial,unnamed,10.865411,78.8676549,False,,False,,
464925381,tn_central,industrial,unnamed,10.8615546,78.8653964,False,,False,,
464925382,tn_central,industrial,unnamed,10.8669771,78.8345216,False,,False,,
464925384,tn_central,industrial,unnamed,10.8754785,78.8483014,False,,False,,
464925410,tn_central,industrial,unnamed,10.8700183,78.8689534,False,,False,,
464925411,tn_central,industrial,unnamed,10.8688462,78.8680354,False,,False,,
464925413,tn_central,industrial,unnamed,10.8705175,78.8639282,False,,False,,
464928710,tn_central,industrial,unnamed,10.882249,78.8855496,False,,False,,
464939295,tn_central,industrial,Rice Mill,10.9086431,78.6954618,False,,False,,
464939297,tn_central,industrial,Rice Mill,10.9071643,78.7075291,False,,False,,
464939298,tn_central,industrial,Rice Mill,10.9064192,78.7069084,False,,False,,
464939299,tn_central,industrial,Rice Mill,10.9088969,78.7110813,False,,False,,
464939300,tn_central,industrial,Rice Mill,10.910119,78.710392,False,,False,,
464939301,tn_central,industrial,Rice Mill,10.9086573,78.7090408,False,,False,,
464939302,tn_central,industrial,Rice Mill,10.9085894,78.7080565,False,,False,,
464939303,tn_central,industrial,Rice Mill,10.9084156,78.7072008,False,,False,,
464939304,tn_central,industrial,Rice Mill,10.9082641,78.7064384,False,,False,,
464939305,tn_central,industrial,Rice Mill,10.9080298,78.7055459,False,,False,,
464939306,tn_central,industrial,Rice Mill,10.9080903,78.7042852,False,,False,,
464939307,tn_central,industrial,Rice Mill,10.9104093,78.7081336,False,,False,,
464939308,tn_central,industrial,Rice Mill,10.9098767,78.7070406,False,,False,,
464939309,tn_central,industrial,Rice Mill,10.9109848,78.7023071,False,,False,,
464939310,tn_central,industrial,Rice Mill,10.9104753,78.7009637,False,,False,,
464939311,tn_central,industrial,Rice Mill,10.9098006,78.7012074,False,,False,,
464939313,tn_central,industrial,Rice Mill,10.9088896,78.7026196,False,,False,,
464939314,tn_central,industrial,Rice Mill,10.9171625,78.6980089,False,,False,,
464940398,tn_central,industrial,Rice Mill,10.9149125,78.6978568,False,,False,,
464940399,tn_central,industrial,Rice Mill,10.912861,78.6999536,False,,False,,
464940400,tn_central,industrial,Rice Mill,10.9130546,78.6986523,False,,False,,
464940401,tn_central,industrial,Rice Mill,10.9121815,78.6992745,False,,False,,
464940403,tn_central,industrial,Rice Mill,10.9070211,78.7054697,False,,False,,
464940405,tn_central,industrial,unnamed,10.9078142,78.6969021,False,,False,,
464940406,tn_central,industrial,unnamed,10.9085608,78.6968958,False,,False,,
465162317,tn_central,industrial,Rice Mill,10.9166011,78.6976447,False,,False,,
465162318,tn_central,industrial,Rice Mill,10.9106876,78.7074306,False,,False,,
465162320,tn_central,industrial,Rice Mill,10.9117029,78.7082554,False,,False,,
465162321,tn_central,industrial,Rice Mill,10.9221895,78.7024886,False,,False,,
465162332,tn_central,industrial,Rice Mill,10.9185877,78.6955404,False,,False,,
465162333,tn_central,industrial,Rice Mill,10.9172406,78.6961989,False,,False,,
465162334,tn_central,industrial,Rice Mill,10.915958,78.6962767,False,,False,,
465162335,tn_central,industrial,Rice Mill,10.914301,78.6953553,False,,False,,
465162336,tn_central,industrial,Rice Mill,10.9138458,78.6965919,False,,False,,
465162337,tn_central,industrial,Rice Mill,10.9128088,78.6973743,False,,False,,
465162338,tn_central,industrial,Rice Mill,10.9129024,78.6959073,False,,False,,
465162345,tn_central,industrial,Rice Mill,10.9172806,78.7026735,False,,False,,
465874233,tn_central,industrial,Neyveli Thermal Power Station I,11.5924804,79.4719788,False,,False,,
477564304,tn_central,industrial,unnamed,9.4991424,78.6411443,False,,False,,
503047364,tn_central,industrial,unnamed,9.5880881,78.0225685,False,,False,,
510509722,tn_central,industrial,unnamed,9.5059448,78.2487206,False,,False,,
531178756,tn_central,industrial,Chemical Industry,10.0835246,78.7378269,False,,False,,
534780045,tn_central,industrial,Amman Granites,12.0353215,78.5007423,False,,False,,
541284793,tn_central,industrial,unnamed,11.6829149,79.7531924,False,,False,,
541287337,tn_central,industrial,Sugar Factory,11.0074056,79.0834939,False,,False,,
542622910,tn_central,industrial,unnamed,10.2527046,78.9636835,False,,False,,
551285837,tn_central,industrial,Caffe Industry,11.3516325,79.3676753,False,,False,,
554802748,tn_central,industrial,unnamed,12.0198162,79.7934463,False,,False,,
554804874,tn_central,industrial,unnamed,12.0097641,79.7733808,False,,False,,
554804875,tn_central,industrial,unnamed,12.0221677,79.766211,False,,False,,
554804876,tn_central,industrial,unnamed,12.0251083,79.766459,False,,False,,
555497838,tn_central,industrial,unnamed,11.5928535,78.6168203,False,,False,,
555497839,tn_central,industrial,unnamed,11.5934027,78.6139823,False,,False,,
555497840,tn_central,industrial,unnamed,11.593492,78.6116141,False,,False,,
555516026,tn_central,industrial,unnamed,10.2678372,79.3037849,False,,False,,
590858784,tn_central,industrial,Narikudi,9.5700547,78.3126517,False,,False,,
590858788,tn_central,industrial,Tiruchuli,9.5221996,78.2273494,False,,False,,
590858789,tn_central,industrial,unnamed,9.5134695,78.2149838,False,,False,,
591289040,tn_central,industrial,unnamed,10.9600146,79.2946762,False,,False,,
618569337,tn_central,industrial,Valathadippatti,10.5787334,78.6348366,False,,False,,
645549284,tn_central,industrial,unnamed,11.4872581,78.8812865,False,,False,,
645959123,tn_central,industrial,IL&FS Tamil Nadu Thermal Power Station,11.5261596,79.7517592,False,,False,,
645975203,tn_central,industrial,unnamed,11.8454379,79.7675545,False,,False,,
645975206,tn_central,industrial,unnamed,11.8455663,79.7620372,False,,False,,
645999993,tn_central,industrial,unnamed,11.8322017,79.7910035,False,,False,,
646051045,tn_central,industrial,unnamed,11.8576778,79.7923498,False,,False,,
647812805,tn_central,industrial,unnamed,10.7051116,79.1150806,False,,False,,
648167581,tn_central,industrial,unnamed,10.6822309,78.9725338,False,,False,,
651364166,tn_central,industrial,unnamed,10.7273892,79.0902997,False,,False,,
651535389,tn_central,industrial,unnamed,10.430444,79.6088047,False,,False,,
651570455,tn_central,industrial,unnamed,10.7543883,79.5941949,False,,False,,
653360990,tn_central,industrial,unnamed,10.8376211,79.4039567,False,,False,,
661323375,tn_central,industrial,The India Cements,11.3558118,79.2258992,False,,False,,
661323376,tn_central,industrial,unnamed,11.6399841,79.7361557,False,,False,,
661323377,tn_central,industrial,unnamed,11.6460327,79.7390966,False,,False,,
661323378,tn_central,industrial,unnamed,11.6543512,79.742594,False,,False,,
661323379,tn_central,industrial,unnamed,11.6864701,79.7539793,False,,False,,
661323380,tn_central,industrial,unnamed,11.6842545,79.7538985,False,,False,,
661323381,tn_central,industrial,unnamed,11.6926075,79.7561161,False,,False,,
665707509,tn_central,industrial,unnamed,11.7197982,78.0872289,False,,False,,
665751399,tn_central,industrial,unnamed,10.2053945,78.7623732,False,,False,,
668144862,tn_central,industrial,unnamed,10.1891554,78.6932377,False,,False,,
668145257,tn_central,industrial,unnamed,10.1949175,78.7042036,False,,False,,
669581925,tn_central,industrial,unnamed,10.3493308,78.8254726,True,General,False,,
669631122,tn_central,industrial,unnamed,10.4586478,78.7417588,False,,False,,
670782057,tn_central,industrial,unnamed,10.2298032,78.7560364,False,,False,,
671807505,tn_central,industrial,unnamed,10.3746753,78.5702873,False,,False,,
673827537,tn_central,industrial,Honeywell Technology Solutions,9.9382388,78.1708028,False,,False,,
675150277,tn_central,industrial,unnamed,11.6920053,79.7577327,False,,False,,
675150278,tn_central,industrial,unnamed,11.6929272,79.758355,False,,False,,
675822587,tn_central,industrial,unnamed,11.5141503,79.5690246,False,,False,,
676328216,tn_central,industrial,Ferrocarril,11.585339,79.5148835,False,,False,,
683688520,tn_central,industrial,Waste Water Treatment Plant,10.7273687,79.0159501,False,,False,,
686727700,tn_central,industrial,unnamed,9.910556,78.2791168,False,,False,,
686727701,tn_central,industrial,unnamed,9.9080195,78.2796398,False,,False,,
686727702,tn_central,industrial,unnamed,9.9090605,78.2749325,False,,False,,
686727703,tn_central,industrial,unnamed,9.9107726,78.2722986,False,,False,,
686728902,tn_central,industrial,unnamed,9.8580675,78.2596412,False,,False,,
689985604,tn_central,industrial,unnamed,11.9513196,79.7986786,False,,False,,
705063225,tn_central,industrial,unnamed,10.5388466,79.6370038,False,,False,,
719469796,tn_central,industrial,unnamed,9.4983399,78.2606531,False,,False,,
725193694,tn_central,industrial,unnamed,9.5863852,78.4719702,False,,False,,
725490541,tn_central,industrial,unnamed,9.6791034,78.4480728,True,General,False,,
726539280,tn_central,industrial,unnamed,9.8380914,78.2064101,False,,False,,
726539281,tn_central,industrial,unnamed,9.8472801,78.1971913,False,,False,,
726539282,tn_central,industrial,unnamed,9.8585379,78.1905395,False,,False,,
726539283,tn_central,industrial,unnamed,9.8457633,78.2047391,False,,False,,
726539285,tn_central,industrial,unnamed,9.8446718,78.2125658,False,,False,,
726539286,tn_central,industrial,unnamed,9.8458161,78.2011208,False,,False,,
726539287,tn_central,industrial,unnamed,9.8493309,78.2011718,False,,False,,
726539288,tn_central,industrial,unnamed,9.8508875,78.1997985,False,,False,,
726539296,tn_central,industrial,unnamed,9.8416538,78.1978726,False,,False,,
726539298,tn_central,industrial,unnamed,9.8490376,78.1928247,False,,False,,
726539299,tn_central,industrial,unnamed,9.8511437,78.194182,False,,False,,
726550280,tn_central,industrial,unnamed,9.8661696,78.2144325,False,,False,,
726550283,tn_central,industrial,unnamed,9.8849708,78.1767798,False,,False,,
726550284,tn_central,industrial,unnamed,9.8864505,78.1802613,False,,False,,
726550285,tn_central,industrial,unnamed,9.8821936,78.1821415,False,,False,,
726550286,tn_central,industrial,unnamed,9.8808169,78.1808567,False,,False,,
726550287,tn_central,industrial,unnamed,9.8688703,78.2082286,False,,False,,
726550288,tn_central,industrial,unnamed,9.8708442,78.2057342,False,,False,,
726550290,tn_central,industrial,unnamed,9.869634,78.2004019,False,,False,,
726568456,tn_central,industrial,unnamed,9.7214402,78.4715706,True,General,False,,
727316888,tn_central,industrial,unnamed,9.7404361,78.3979171,False,,False,,
727318688,tn_central,industrial,unnamed,9.7189288,78.4230629,False,,False,,
731104677,tn_central,industrial,unnamed,9.8806583,78.4677753,False,,True,Aurobindo Agro Energy Pvt Ltd,Powerplant
731118758,tn_central,industrial,unnamed,9.8773817,78.2717823,False,,False,,
731118759,tn_central,industrial,unnamed,9.873344,78.276629,False,,False,,
731118760,tn_central,industrial,unnamed,9.8694807,78.2805142,False,,False,,
739776464,tn_central,industrial,unnamed,10.6343406,78.4410879,False,,False,,
743737307,tn_central,industrial,unnamed,9.4896726,78.2255799,False,,False,,
747123704,tn_central,industrial,unnamed,10.0337193,78.692873,False,,False,,
749602645,tn_central,industrial,unnamed,10.1586945,78.5003802,False,,False,,
750501786,tn_central,industrial,unnamed,12.4710331,78.5939972,False,,False,,
750502598,tn_central,industrial,unnamed,12.4230952,78.6274346,False,,False,,
750510845,tn_central,industrial,unnamed,10.6088195,79.2707405,False,,False,,
750512306,tn_central,industrial,unnamed,10.6013124,79.2812952,False,,False,,
751731776,tn_central,industrial,unnamed,9.5952015,78.0405155,False,,False,,
751731777,tn_central,industrial,unnamed,9.5973992,78.0483918,False,,False,,
751731783,tn_central,industrial,unnamed,9.5822502,78.0181003,False,,False,,
751947969,tn_central,industrial,Chengam,12.3451243,78.9481616,False,,False,,
757974350,tn_central,industrial,unnamed,9.9182763,78.1078249,False,,False,,
759315005,tn_central,industrial,unnamed,10.4223948,78.056649,False,,False,,
759315006,tn_central,industrial,unnamed,10.4243205,78.0649954,False,,False,,
759315008,tn_central,industrial,unnamed,10.5099863,78.0275202,False,,False,,
759412286,tn_central,industrial,unnamed,10.9638623,79.7744322,False,,False,,
772803229,tn_central,industrial,unnamed,11.8812849,79.7300746,False,,False,,
773664994,tn_central,industrial,unnamed,9.9979705,78.2774156,False,,False,,
773664995,tn_central,industrial,unnamed,10.001935,78.2733578,False,,False,,
773664996,tn_central,industrial,unnamed,9.9965147,78.243149,False,,False,,
773664997,tn_central,industrial,unnamed,9.9985045,78.2464928,False,,False,,
775148762,tn_central,industrial,unnamed,11.9198854,79.6431756,False,,False,,
775148763,tn_central,industrial,unnamed,11.9228037,79.6391911,False,,False,,
775148764,tn_central,industrial,unnamed,11.9313353,79.6427719,False,,False,,
775148766,tn_central,works,unnamed,11.9290955,79.6558062,False,,False,,
775148767,tn_central,works,unnamed,11.9327617,79.6529134,False,,False,,
775148768,tn_central,works,unnamed,11.9325609,79.6518673,False,,False,,
775148769,tn_central,works,unnamed,11.9311936,79.6487895,False,,False,,
775148770,tn_central,works,unnamed,11.9310637,79.647211,False,,False,,
775148771,tn_central,works,unnamed,11.9341039,79.6474065,False,,False,,
775148772,tn_central,works,unnamed,11.9325767,79.6576998,False,,False,,
775148773,tn_central,works,unnamed,11.9280655,79.6640057,False,,False,,
775148774,tn_central,works,unnamed,11.9262429,79.6621335,False,,False,,
775148775,tn_central,works,unnamed,11.9253834,79.6621952,False,,False,,
775148776,tn_central,works,unnamed,11.9213039,79.6623011,False,,False,,
775148777,tn_central,works,unnamed,11.9216486,79.6669267,False,,False,,
775148778,tn_central,works,unnamed,11.9231082,79.6642993,False,,False,,
775148779,tn_central,works,unnamed,11.9274931,79.6593883,False,,False,,
798377266,tn_central,industrial,unnamed,9.9372896,78.128469,False,,False,,
807794475,tn_central,industrial,ஆவின் பால்,9.9253246,78.1450526,False,,False,,
823185402,tn_central,industrial,Kuttulam Power Plant,11.0338116,79.5861223,False,,False,,
823715565,tn_central,industrial,Madurai Chettikulam Flyover Project Site,10.0041463,78.1318045,False,,False,,
828968190,tn_central,industrial,unnamed,10.6773468,78.5953143,False,,False,,
828968191,tn_central,industrial,unnamed,10.6401312,78.5755065,False,,False,,
828968193,tn_central,industrial,unnamed,10.6417751,78.5753184,False,,False,,
828968195,tn_central,industrial,unnamed,10.6241089,78.5611336,False,,False,,
828968196,tn_central,industrial,unnamed,10.6265609,78.5602578,False,,False,,
828968197,tn_central,industrial,unnamed,10.628365,78.5651878,False,,False,,
828968198,tn_central,industrial,unnamed,10.6285473,78.5717483,False,,False,,
829120345,tn_central,industrial,unnamed,10.5819316,78.3556362,False,,False,,
829120347,tn_central,industrial,unnamed,10.5965683,78.4301573,False,,False,,
829120349,tn_central,industrial,unnamed,10.6874364,78.4416586,False,,False,,
829120350,tn_central,industrial,unnamed,10.7081179,78.5371546,False,,False,,
829120352,tn_central,industrial,unnamed,10.6653499,78.5808693,False,,False,,
836478966,tn_central,industrial,Poompuhar THDC Ltd,11.7375173,78.9491263,False,,False,,
840910505,tn_central,industrial,unnamed,10.7506151,79.59666,False,,False,,
850010015,tn_central,industrial,JK Fenner,9.9342663,78.0880905,False,,False,,
850010016,tn_central,industrial,TVS Tyre industries,9.9317416,78.0861919,False,,False,,
865564230,tn_central,industrial,unnamed,9.6017111,78.0352637,False,,False,,
871840478,tn_central,industrial,unnamed,10.7481009,78.794129,False,,False,,
876239826,tn_central,industrial,unnamed,11.1211032,78.0195058,False,,False,,
906382456,tn_central,industrial,unnamed,12.4879,78.4931289,False,,False,,
906382457,tn_central,industrial,unnamed,12.4821531,78.4685102,False,,False,,
906382458,tn_central,industrial,unnamed,12.5002392,78.4099012,False,,False,,
906386143,tn_central,industrial,unnamed,11.036281,78.0086428,False,,False,,
906386146,tn_central,industrial,Narasus,11.7033571,78.2107956,False,,False,,
906386147,tn_central,industrial,unnamed,11.8769657,78.3671107,False,,False,,
906386148,tn_central,industrial,unnamed,11.8977164,78.3735037,False,,False,,
906386152,tn_central,industrial,unnamed,12.4775047,78.3303955,False,,False,,
906387720,tn_central,industrial,unnamed,11.5883,78.5522769,False,,False,,
906387721,tn_central,industrial,unnamed,11.5823329,78.5307616,False,,False,,
906387722,tn_central,industrial,unnamed,11.571792,78.4610684,False,,False,,
906387723,tn_central,industrial,unnamed,11.5843771,78.4525752,False,,False,,
906387727,tn_central,industrial,unnamed,11.5794425,78.5611578,False,,False,,
906387730,tn_central,industrial,unnamed,11.5933218,78.6279112,False,,False,,
906387731,tn_central,industrial,unnamed,11.5879282,78.6925524,False,,False,,
906387732,tn_central,industrial,unnamed,11.5834141,78.7058026,False,,False,,
906387733,tn_central,industrial,unnamed,11.5842641,78.7029808,False,,False,,
906387734,tn_central,industrial,unnamed,11.5756179,78.7701072,False,,False,,
906387735,tn_central,industrial,unnamed,11.5903679,78.7745221,False,,False,,
906387736,tn_central,industrial,unnamed,11.5905991,78.768411,False,,False,,
906387737,tn_central,industrial,unnamed,11.6292235,78.8704741,False,,False,,
906387738,tn_central,industrial,unnamed,11.6281175,78.8696507,False,,False,,
906390041,tn_central,industrial,unnamed,10.4515967,78.1139843,False,,False,,
906390042,tn_central,industrial,unnamed,10.4494446,78.1121825,False,,False,,
906390043,tn_central,industrial,unnamed,10.4365102,78.0900371,False,,False,,
906390044,tn_central,industrial,unnamed,10.430459,78.0817129,False,,False,,
906390045,tn_central,industrial,unnamed,10.4279467,78.0730587,False,,False,,
906390046,tn_central,industrial,unnamed,10.4228565,78.0623137,False,,False,,
906600515,tn_central,industrial,unnamed,10.3173101,78.0016959,False,,False,,
906600517,tn_central,industrial,unnamed,10.3868279,78.0081841,False,,True,Shriram Power Gen Ltd (Biomass),Powerplant
906600521,tn_central,industrial,unnamed,10.3844454,78.0098899,False,,True,Shriram Power Gen Ltd (Biomass),Powerplant
906600535,tn_central,industrial,Chettinad Cement,10.7128183,78.0935481,False,,False,,
906600542,tn_central,works,unnamed,10.9589209,78.2534036,False,,False,,
906600543,tn_central,industrial,unnamed,10.9441307,78.2350561,False,,False,,
906600548,tn_central,industrial,unnamed,10.8836374,78.4015207,False,,False,,
906600550,tn_central,industrial,unnamed,10.6451281,78.4564255,False,,False,,
906600553,tn_central,industrial,unnamed,10.6386263,78.4292748,False,,False,,
906637551,tn_central,industrial,unnamed,10.6892774,79.4663268,False,,True,Thirumakotai Gas Turbine Power Project,Powerplant
906637570,tn_central,works,unnamed,10.7605213,78.7928854,False,,False,,
906637571,tn_central,works,unnamed,10.769555,78.7872453,False,,False,,
906637572,tn_central,works,unnamed,10.7769332,78.8364646,False,,False,,
906637573,tn_central,works,unnamed,10.7549735,78.8108747,False,,False,,
906637574,tn_central,works,unnamed,10.7458362,78.7876555,False,,False,,
906637575,tn_central,industrial,unnamed,10.6238285,78.5670607,False,,False,,
906837190,tn_central,industrial,unnamed,9.5526153,78.1116464,False,,False,,
906837191,tn_central,industrial,unnamed,9.5471956,78.0947078,False,,False,,
906837192,tn_central,industrial,unnamed,9.5438669,78.1099552,False,,False,,
906837193,tn_central,industrial,unnamed,9.5451952,78.0886407,False,,False,,
906837194,tn_central,industrial,unnamed,9.5035394,78.1531024,False,,False,,
906837195,tn_central,industrial,unnamed,9.5148354,78.1454626,False,,False,,
906837196,tn_central,industrial,unnamed,9.5116879,78.1407845,False,,False,,
906837199,tn_central,industrial,unnamed,9.5036327,78.1407603,False,,False,,
906837201,tn_central,industrial,unnamed,9.4999715,78.1636343,False,,False,,
906837202,tn_central,industrial,unnamed,9.5076537,78.1726948,False,,False,,
906837203,tn_central,industrial,unnamed,9.5052596,78.1743791,False,,False,,
906837204,tn_central,industrial,unnamed,9.5043549,78.1696719,False,,False,,
924966809,tn_central,industrial,Neyveli Zero Power Plant,11.5415923,79.4148533,False,,False,,
956010754,tn_central,industrial,MRF Tyres,11.164408,78.8638919,False,,False,,
973594538,tn_central,industrial,unnamed,10.0947117,78.7583122,False,,False,,
973594540,tn_central,industrial,unnamed,10.1058262,78.7615845,False,,False,,
973601232,tn_central,industrial,unnamed,10.0642368,78.7919632,False,,False,,
973622499,tn_central,industrial,TNEB KaraiKudi,10.0807515,78.7663628,False,,False,,
973622514,tn_central,industrial,unnamed,10.0624171,78.7484738,False,,False,,
973623676,tn_central,industrial,unnamed,10.0719218,78.7581888,False,,False,,
973623677,tn_central,industrial,unnamed,10.0712167,78.7568021,False,,False,,
973897274,tn_central,industrial,unnamed,10.0743462,78.7223518,False,,False,,
974689349,tn_central,industrial,unnamed,11.6466048,78.0635973,False,,False,,
974689369,tn_central,industrial,unnamed,11.5535159,78.0057044,False,,False,,
974689370,tn_central,industrial,unnamed,11.5554329,78.0135204,False,,False,,
974689371,tn_central,industrial,unnamed,11.5544185,78.0090465,False,,False,,
974689372,tn_central,industrial,unnamed,11.6444915,78.0495834,False,,False,,
974689383,tn_central,industrial,unnamed,11.7278627,78.0623104,False,,False,,
974689384,tn_central,industrial,unnamed,11.7179808,78.0424111,False,,False,,
974689385,tn_central,industrial,unnamed,11.7126375,78.0544589,False,,False,,
974689386,tn_central,industrial,unnamed,11.7157182,78.0593781,False,,False,,
974689387,tn_central,works,unnamed,11.7143597,78.0645749,False,,False,,
974689389,tn_central,industrial,unnamed,11.7187949,78.0706716,False,,False,,
974689390,tn_central,industrial,unnamed,11.7063315,78.0943109,False,,False,,
974689391,tn_central,industrial,unnamed,11.6191114,78.102496,False,,False,,
974689392,tn_central,industrial,unnamed,11.6214207,78.1322122,False,,False,,
974689393,tn_central,industrial,unnamed,11.6230943,78.1319278,False,,False,,
974689394,tn_central,industrial,unnamed,11.6413134,78.1327673,False,,False,,
974689397,tn_central,industrial,unnamed,11.6545441,78.0729125,False,,False,,
974689399,tn_central,works,unnamed,11.66194,78.0193754,False,,False,,
974689400,tn_central,industrial,unnamed,11.6605019,78.0360718,False,,False,,
986247881,tn_central,industrial,Ponnusangampatti,11.0664072,78.4929847,False,,False,,
986247882,tn_central,industrial,unnamed,11.0808884,78.4967432,False,,False,,
986247883,tn_central,industrial,Musri,11.0804804,78.5055273,False,,False,,
986250516,tn_central,industrial,unnamed,10.7453118,78.7827337,False,,False,,
986260251,tn_central,industrial,unnamed,9.9417033,78.7166601,False,,False,,
986260259,tn_central,industrial,Killanur A,10.5697654,78.876564,False,,False,,
986279206,tn_central,industrial,unnamed,9.8251284,78.289277,False,,False,,
990635810,tn_central,industrial,unnamed,9.8259714,78.0978584,False,,False,,
990641679,tn_central,industrial,unnamed,9.865834,78.0221691,False,,False,,
990641680,tn_central,industrial,unnamed,9.8584161,78.0228317,False,,False,,
990641682,tn_central,industrial,unnamed,9.8494445,78.0325145,False,,False,,
990641684,tn_central,industrial,unnamed,9.8514393,78.0293702,False,,False,,
990848644,tn_central,industrial,unnamed,9.9634869,78.0439453,False,,False,,
991924192,tn_central,industrial,unnamed,9.9422341,78.1544049,False,,False,,
993454836,tn_central,industrial,unnamed,9.8532309,78.0346163,False,,False,,
995868195,tn_central,plant,unnamed,12.1826586,78.8513679,False,,False,,
998302164,tn_central,industrial,unnamed,10.8529225,78.3093439,False,,False,,
998302165,tn_central,industrial,unnamed,10.8366095,78.3156672,False,,False,,
998302166,tn_central,industrial,unnamed,10.8737031,78.2958148,False,,False,,
998302167,tn_central,industrial,unnamed,10.8914786,78.3512803,False,,False,,
998302168,tn_central,industrial,unnamed,10.8810837,78.3449382,False,,False,,
998307433,tn_central,industrial,Karur,10.8155298,78.1864987,False,,False,,
999684605,tn_central,industrial,Sivaganga,9.8050155,78.4489274,False,,False,,
999684607,tn_central,industrial,Kottathur,11.121742,78.6894498,False,,False,,
999684608,tn_central,industrial,Azhagapuri,11.193579,78.4580549,False,,False,,
999721677,tn_central,industrial,unnamed,10.8485509,78.424294,False,,False,,
999721679,tn_central,industrial,unnamed,10.8367577,78.4247714,False,,False,,
1000403536,tn_central,industrial,unnamed,9.7927596,78.895145,False,,False,,
1000546385,tn_central,industrial,unnamed,11.3554881,78.9748656,False,,False,,
1000602578,tn_central,industrial,unnamed,11.1184594,79.1440272,False,,False,,
1000615639,tn_central,industrial,unnamed,11.149019,79.066034,False,,True,Tamil Nadu Cement Corp - Ariyalur,Cement
1001532911,tn_central,industrial,Karur Textile Park,10.8868058,78.0091276,False,,False,,
1002131171,tn_central,industrial,Nizam Supari Factory,10.3744367,78.8061363,True,General,False,,
1002688001,tn_central,industrial,unnamed,9.8100923,78.6925739,False,,False,,
1002688169,tn_central,industrial,unnamed,10.4922059,78.0580927,False,,False,,
1002688170,tn_central,industrial,unnamed,10.4913678,78.062632,False,,False,,
1003158323,tn_central,industrial,unnamed,11.0662175,78.6993652,False,,False,,
1013260891,tn_central,industrial,unnamed,11.4375445,78.1578127,False,,False,,
1017058820,tn_central,industrial,unnamed,11.6574626,78.1479661,False,,False,,
1017058825,tn_central,industrial,unnamed,11.6567921,78.1375149,False,,False,,
1017720847,tn_central,industrial,unnamed,10.8445658,78.4333216,False,,False,,
1017736399,tn_central,industrial,unnamed,11.590699,78.6013118,False,,False,,
1017736408,tn_central,industrial,unnamed,11.8491481,78.3608329,False,,False,,
1025064116,tn_central,industrial,unnamed,12.2550688,79.1139789,False,,False,,
1025071495,tn_central,industrial,unnamed,11.2628103,79.4812238,False,,False,,
1025074545,tn_central,industrial,unnamed,9.7615692,78.0378628,False,,False,,
1025074546,tn_central,industrial,unnamed,9.7227252,78.1176638,False,,False,,
1025074547,tn_central,industrial,unnamed,9.7192725,78.1200778,False,,False,,
1026841617,tn_central,industrial,unnamed,12.2619962,79.6813756,False,,False,,
1026841622,tn_central,industrial,unnamed,12.226458,79.6525741,False,,False,,
1026885679,tn_central,industrial,unnamed,12.0499496,79.5461681,False,,False,,
1026885681,tn_central,industrial,unnamed,12.0252231,79.7007573,False,,False,,
1034798587,tn_central,industrial,Vadapalanji IT SEZ,9.9312285,77.9986372,False,,False,,
1056121289,tn_central,industrial,unnamed,10.8240196,79.7552624,False,,False,,
1056121305,tn_central,industrial,unnamed,10.8149331,79.6448654,False,,False,,
1056121314,tn_central,industrial,unnamed,10.7676599,79.6261195,False,,False,,
1069783572,tn_central,industrial,IOCL Asanur,11.6130218,79.1879921,False,,False,,
1086299446,tn_central,industrial,unnamed,11.2554286,79.190035,False,,False,,
1090399872,tn_central,works,unnamed,12.303578,78.4082231,False,,False,,
1090399873,tn_central,industrial,Ola Future Factory,12.3040118,78.4074642,False,,False,,
1090399874,tn_central,industrial,unnamed,12.3012627,78.4139107,False,,False,,
1096186849,tn_central,industrial,unnamed,10.807327,78.7215444,False,,True,Trichy Distilleries & Chemicals Ltd,Distillery
1105110242,tn_central,industrial,Madurai Airport Solar Farm,9.841743,78.0823745,False,,False,,
1105110284,tn_central,industrial,unnamed,9.8394765,78.08602,False,,False,,
1105110296,tn_central,industrial,unnamed,9.8390696,78.0848831,False,,False,,
1105142628,tn_central,industrial,IndianOil Aviation,9.8371814,78.0946484,False,,False,,
1105142648,tn_central,industrial,unnamed,9.8382081,78.0955376,False,,False,,
1109912786,tn_central,industrial,NARASUS,11.6701406,78.163634,False,,False,,
1119578637,tn_central,industrial,unnamed,9.500662,78.1919289,False,,False,,
1130577727,tn_central,works,unnamed,11.6789935,78.2102642,False,,False,,
1148743378,tn_central,industrial,unnamed,11.7251531,79.7699596,True,Petrochemical,False,,
1148743379,tn_central,industrial,unnamed,11.7254696,79.7762111,True,Petrochemical,False,,
1148743380,tn_central,industrial,unnamed,11.7228974,79.7756696,True,Petrochemical,False,,
1148743381,tn_central,industrial,unnamed,11.7239596,79.7744531,True,Petrochemical,False,,
1149106638,tn_central,industrial,unnamed,12.3687941,78.1500247,False,,False,,
1149106662,tn_central,industrial,unnamed,12.3681784,78.0532319,False,,False,,
1149106664,tn_central,industrial,Palacode Sugars,12.323541,78.0751187,False,,False,,
1149180238,tn_central,industrial,unnamed,12.4798695,78.3247573,False,,False,,
1149180256,tn_central,industrial,unnamed,12.4707819,78.3349603,False,,False,,
1149180257,tn_central,industrial,unnamed,12.4649208,78.3418214,False,,False,,
1149180258,tn_central,industrial,unnamed,12.4670579,78.3427494,False,,False,,
1153956114,tn_central,industrial,Industrial Estate,11.6785732,78.1340734,False,,False,,
1153956115,tn_central,industrial,unnamed,11.6664474,78.2092708,False,,False,,
1166080735,tn_central,industrial,unnamed,9.9115943,78.1423094,False,,False,,
1166179657,tn_central,industrial,unnamed,9.9140245,78.1344122,False,,False,,
1181414705,tn_central,construction,Uppur Power Plant,9.5816578,78.9074198,False,,False,,
1187708883,tn_central,industrial,unnamed,10.8229671,79.754532,False,,False,,
1192715134,tn_central,industrial,unnamed,11.9022541,79.791174,False,,False,,
1192715160,tn_central,industrial,unnamed,11.9036392,79.7909325,False,,False,,
1192715213,tn_central,industrial,unnamed,11.8999483,79.7897966,False,,False,,
1192727846,tn_central,industrial,unnamed,11.9019018,79.7840146,False,,False,,
1192727989,tn_central,industrial,unnamed,11.90506,79.7819539,False,,False,,
1192727990,tn_central,industrial,unnamed,11.9045551,79.7817605,False,,False,,
1192728023,tn_central,industrial,unnamed,11.9055756,79.7853766,False,,False,,
1192740559,tn_central,industrial,unnamed,11.9066967,79.7877561,False,,False,,
1192740570,tn_central,industrial,unnamed,11.9074308,79.7847837,False,,False,,
1192740580,tn_central,industrial,unnamed,11.9070643,79.7878308,False,,False,,
1192745609,tn_central,industrial,unnamed,11.9060752,79.7866245,False,,False,,
1207465806,tn_central,industrial,unnamed,12.2925142,78.4016223,False,,False,,
1207654810,tn_central,works,unnamed,12.3045858,78.4076355,False,,False,,
1207654811,tn_central,works,unnamed,12.3037019,78.4072126,False,,False,,
1207654812,tn_central,works,unnamed,12.3034339,78.4070764,False,,False,,
1207654813,tn_central,works,unnamed,12.3029753,78.4068393,False,,False,,
1216322364,tn_central,industrial,Thirumandangudi Mill,10.9612668,79.2966358,False,,False,,
1222109309,tn_central,industrial,unnamed,10.7566982,78.4223279,False,,False,,
1223151577,tn_central,industrial,unnamed,10.8508388,78.7486789,False,,False,,
1223151578,tn_central,industrial,unnamed,10.8514225,78.7403664,False,,False,,
1223151579,tn_central,industrial,unnamed,10.8592483,78.7154297,False,,False,,
1223151580,tn_central,industrial,unnamed,10.8588877,78.718234,False,,False,,
1223151581,tn_central,industrial,unnamed,10.8576478,78.7231579,False,,False,,
1223151582,tn_central,industrial,unnamed,10.8565382,78.7290066,False,,False,,
1223151583,tn_central,industrial,unnamed,10.851256,78.7349039,False,,False,,
1223151584,tn_central,industrial,unnamed,10.8462012,78.7364797,False,,False,,
1223151587,tn_central,industrial,unnamed,10.8454545,78.7446545,False,,False,,
1223151596,tn_central,industrial,unnamed,10.843052,78.7363821,False,,False,,
1223151597,tn_central,industrial,unnamed,10.8440023,78.7327749,False,,False,,
1223151600,tn_central,industrial,unnamed,10.8466952,78.7324929,False,,False,,
1223151601,tn_central,industrial,unnamed,10.8467692,78.7281852,False,,False,,
1223151602,tn_central,industrial,unnamed,10.8466253,78.7295276,False,,False,,
1223151603,tn_central,industrial,unnamed,10.8465822,78.7310215,False,,False,,
1223151604,tn_central,industrial,unnamed,10.8454681,78.7283469,False,,False,,
1223151605,tn_central,industrial,unnamed,10.8457436,78.7311988,False,,False,,
1223151611,tn_central,industrial,unnamed,10.8516377,78.7152006,False,,False,,
1223151616,tn_central,industrial,unnamed,10.8477452,78.7221328,False,,False,,
1223151622,tn_central,industrial,unnamed,10.8555278,78.7170674,False,,False,,
1223390503,tn_central,industrial,unnamed,10.8603089,78.7080182,False,,False,,
1226498585,tn_central,industrial,unnamed,11.4726486,78.1576043,False,,False,,
1227455975,tn_central,industrial,unnamed,9.5675554,78.078179,False,,False,,
1227456589,tn_central,industrial,unnamed,10.6124433,78.0980891,False,,False,,
1227457839,tn_central,industrial,unnamed,9.6624068,78.2224739,False,,False,,
1227628531,tn_central,industrial,unnamed,11.074933,78.6789201,False,,False,,
1227630818,tn_central,industrial,unnamed,11.0852355,78.6657706,False,,False,,
1227641007,tn_central,industrial,Moovanur,11.001337,78.611542,False,,False,,
1228476362,tn_central,industrial,TNSTC Depot - Salem,11.6713137,78.161154,False,,False,,
1229915755,tn_central,industrial,TNSTC Salem Depot,11.6680515,78.1386871,False,,False,,
1231732015,tn_central,industrial,unnamed,10.8660499,78.232795,False,,False,,
1231732016,tn_central,industrial,unnamed,10.7923761,78.3091267,False,,False,,
1231732017,tn_central,industrial,unnamed,10.713999,78.1957349,False,,False,,
1231732018,tn_central,industrial,unnamed,10.7056313,78.2990188,False,,False,,
1231732019,tn_central,industrial,unnamed,10.7726531,78.2607732,False,,False,,
1263018608,tn_central,industrial,unnamed,9.603896,78.0292621,False,,False,,
1264724756,tn_central,industrial,unnamed,10.8860938,78.3528193,False,,False,,
1268371433,tn_central,industrial,unnamed,9.5632826,78.0597919,False,,False,,
1268376347,tn_central,industrial,unnamed,9.5796728,78.284396,False,,False,,
1268380495,tn_central,industrial,unnamed,9.6219138,78.0378114,False,,False,,
1268403321,tn_central,industrial,unnamed,10.4446207,78.0314034,False,,False,,
1268403322,tn_central,industrial,unnamed,10.4499421,78.0354833,False,,False,,
1268403341,tn_central,industrial,unnamed,10.4411513,78.0489213,False,,False,,
1268403354,tn_central,industrial,unnamed,10.4504364,78.0617487,False,,False,,
1268432836,tn_central,industrial,unnamed,10.5375199,78.2361114,False,,False,,
1268435659,tn_central,industrial,unnamed,10.5950007,78.0090995,False,,False,,
1268447043,tn_central,industrial,unnamed,10.7352937,78.6597399,False,,False,,
1268458748,tn_central,industrial,unnamed,10.7787351,78.3729259,False,,False,,
1268458751,tn_central,industrial,unnamed,10.7284916,78.080975,False,,False,,
1268467302,tn_central,industrial,unnamed,10.8458678,78.345214,False,,False,,
1268472505,tn_central,industrial,unnamed,11.0414433,78.2258513,False,,False,,
1268484315,tn_central,industrial,unnamed,11.2221002,78.0443584,False,,False,,
1268492682,tn_central,industrial,unnamed,11.5220422,79.1929219,False,,False,,
1268493834,tn_central,industrial,unnamed,11.5622296,78.9784345,False,,False,,
1283314812,tn_central,works,unnamed,9.8318532,78.0373777,False,,False,,
1283314813,tn_central,works,unnamed,9.8325904,78.0376858,False,,False,,
1299543123,tn_central,industrial,unnamed,10.2409539,78.2427836,False,,False,,
1299543125,tn_central,industrial,unnamed,10.2434139,78.2455355,False,,False,,
1305017214,tn_central,industrial,Cuddalore Port,11.7059565,79.773887,True,Petrochemical,False,,
1307683138,tn_central,works,unnamed,12.2929565,78.4025015,False,,False,,
1337630473,tn_central,works,Chilling Plant,11.8414036,78.6719676,False,,False,,
1356956651,tn_central,industrial,unnamed,9.8835794,78.0571888,False,,False,,
1356956652,tn_central,industrial,unnamed,9.8827815,78.0560164,False,,False,,
1356956653,tn_central,industrial,unnamed,9.8826854,78.0560173,False,,False,,
1356956654,tn_central,industrial,unnamed,9.8826258,78.0560209,False,,False,,
1356956655,tn_central,industrial,unnamed,9.882583,78.0560155,False,,False,,
1356956656,tn_central,industrial,unnamed,9.8826038,78.0561325,False,,False,,
1356956657,tn_central,industrial,unnamed,9.8825513,78.0561002,False,,False,,
1356956658,tn_central,industrial,unnamed,9.8826826,78.0561154,False,,False,,
1356956659,tn_central,industrial,unnamed,9.8827941,78.0561179,False,,False,,
1356956660,tn_central,industrial,unnamed,9.8829583,78.056285,False,,False,,
1356956661,tn_central,industrial,unnamed,9.8828957,78.0562767,False,,False,,
1356956662,tn_central,industrial,unnamed,9.8828192,78.0562752,False,,False,,
1356956664,tn_central,industrial,unnamed,9.8832538,78.056049,False,,False,,
1356956665,tn_central,industrial,unnamed,9.8827703,78.0564072,False,,False,,
1356956666,tn_central,industrial,unnamed,9.8838384,78.0572602,False,,False,,
1356956667,tn_central,industrial,unnamed,9.8853943,78.055412,False,,False,,
1356956668,tn_central,industrial,unnamed,9.8843118,78.0585128,False,,False,,
1356956669,tn_central,industrial,unnamed,9.8850654,78.0551983,False,,False,,
1356956670,tn_central,industrial,unnamed,9.886525,78.0573658,False,,False,,
1356956671,tn_central,industrial,unnamed,9.8821042,78.0561054,False,,False,,
1390499800,tn_central,industrial,unnamed,12.2403156,79.0882692,False,,False,,
1396507050,tn_central,plant,unnamed,11.042386,79.0266458,False,,False,,
1409959982,tn_central,industrial,unnamed,12.305508,79.7450029,False,,False,,
1410857831,tn_central,industrial,unnamed,10.7604637,78.6143473,False,,False,,
1431998761,tn_central,plant,unnamed,11.1319211,78.43454,False,,False,,
1431998762,tn_central,plant,unnamed,11.1353371,78.4361574,False,,False,,
1444740068,tn_central,industrial,unnamed,11.2875877,78.0450202,False,,False,,
1463168917,tn_central,plant,unnamed,10.7713594,78.7057274,False,,True,Trichy Distilleries & Chemicals Ltd,Distillery
1463169636,tn_central,plant,unnamed,9.6979318,78.574672,False,,False,,
1468881081,tn_central,plant,unnamed,10.4975516,78.0718437,False,,False,,
1468881082,tn_central,plant,unnamed,10.5403629,78.3407513,False,,False,,
1468887795,tn_central,plant,unnamed,11.1860116,79.1049206,False,,False,,
1468887796,tn_central,plant,unnamed,11.1084871,78.2723147,False,,False,,
1468887802,tn_central,plant,unnamed,12.153857,78.4478679,False,,False,,
1468887806,tn_central,plant,unnamed,11.5277525,79.0234754,False,,False,,
1468887809,tn_central,plant,unnamed,12.4422452,79.5894497,False,,False,,
1468887810,tn_central,plant,unnamed,11.3760573,79.0976874,False,,False,,
1468887811,tn_central,plant,unnamed,11.3774638,78.9644936,False,,False,,
1535747105,tn_central,industrial,BHEL Rolling Product Store,10.7706315,78.7834315,False,,False,,
1536206840,tn_central,industrial,HPCL Dharmapuri Terminal,12.0271358,78.1147904,False,,False,,
1536257528,tn_central,industrial,unnamed,12.1080976,78.1245517,False,,True,Dharmapuri District Co-op Sugar Mills,Sugar
cpcb_0,cpcb_verified,industrial,Madras Aluminium Company Ltd (MALCO),11.788,77.8004,,,True,Madras Aluminium Company Ltd (MALCO),Aluminium
cpcb_2,cpcb_verified,industrial,Jeppiar Cements Pvt Ltd,11.2342,78.8807,,,True,Jeppiar Cements Pvt Ltd,Cement
cpcb_3,cpcb_verified,industrial,Sterlite Industries (India) Ltd - Copper Smelter,8.7642,78.1348,,,True,Sterlite Industries (India) Ltd - Copper Smelter,Copper
cpcb_4,cpcb_verified,industrial,Amaravathy Co-Op Sugar Mills (Distillery),10.5876,77.2495,,,True,Amaravathy Co-Op Sugar Mills (Distillery),Distillery
cpcb_5,cpcb_verified,industrial,Salem Co-Op Sugar Mills (Distillery),11.2189,78.1674,,,True,Salem Co-Op Sugar Mills (Distillery),Distillery
cpcb_6,cpcb_verified,industrial,Chemplast Sanmar Limited,11.7739,79.554,,,True,Chemplast Sanmar Limited,Distillery/Chemical
cpcb_11,cpcb_verified,industrial,Southern Agrifurane Industries Ltd,11.9401,79.4861,,,True,Southern Agrifurane Industries Ltd,Distillery
cpcb_12,cpcb_verified,industrial,Sanmar Speciality Chemicals Ltd,12.7409,77.8253,,,True,Sanmar Speciality Chemicals Ltd,Pharma
cpcb_13,cpcb_verified,industrial,IND Barath Thermal Power Ltd,8.8894,77.935,,,True,IND Barath Thermal Power Ltd,Powerplant
cpcb_17,cpcb_verified,industrial,Shriram Non-Conventional Energy Ltd,10.4256,79.3175,,,True,Shriram Non-Conventional Energy Ltd,Powerplant
cpcb_18,cpcb_verified,industrial,Sahali Exports Pvt Ltd (Biomass),11.1017,79.6552,,,True,Sahali Exports Pvt Ltd (Biomass),Powerplant
cpcb_19,cpcb_verified,industrial,Pioneer Power Ltd,9.3639,78.8395,,,True,Pioneer Power Ltd,Powerplant
cpcb_21,cpcb_verified,industrial,Synergy Shakthi Renewable Energy Ltd,12.5266,78.215,,,True,Synergy Shakthi Renewable Energy Ltd,Powerplant
cpcb_23,cpcb_verified,industrial,Global Powertech Equipments Ltd (Biomass),12.5085,79.6103,,,True,Global Powertech Equipments Ltd (Biomass),Powerplant
cpcb_24,cpcb_verified,industrial,Coromandel Electric Company Ltd,9.3639,78.8395,,,True,Pioneer Power Ltd,Powerplant
cpcb_25,cpcb_verified,industrial,Coastal Energen Power Ltd,8.7642,78.1348,,,True,Sterlite Industries (India) Ltd - Copper Smelter,Copper
cpcb_27,cpcb_verified,industrial,Arkay Energy (Rameswaram) Ltd,9.2876,79.3129,,,True,Arkay Energy (Rameswaram) Ltd,Powerplant
cpcb_28,cpcb_verified,industrial,Sun Paper Mills Limited,8.6822,77.4747,,,True,Sun Paper Mills Limited,Pulp & Paper
cpcb_31,cpcb_verified,industrial,N.P.K.R. Ramasamy Co-op Sugar Mills,11.1017,79.6552,,,True,Sahali Exports Pvt Ltd (Biomass),Powerplant
cpcb_32,cpcb_verified,industrial,Cheyyar Co-Op Sugar Mills Ltd,12.6667,79.5333,,,True,Cheyyar Co-Op Sugar Mills Ltd,Sugar
cpcb_35,cpcb_verified,industrial,Chengalrayan Co-operative Sugar Mills,11.6167,79.3167,,,True,Chengalrayan Co-operative Sugar Mills,Sugar
cpcb_38,cpcb_verified,industrial,Empee Sugars and Chemicals Ltd,8.7089,77.4442,,,True,Empee Sugars and Chemicals Ltd,Sugar
cpcb_39,cpcb_verified,industrial,Eastern Chrome Tanning Corporation,12.6813,78.6197,,,True,Eastern Chrome Tanning Corporation,Tannery
cpcb_40,cpcb_verified,industrial,T. Abdul Wahid & Co - 'A' Tannery,12.6813,78.6197,,,True,Eastern Chrome Tanning Corporation,Tannery
cpcb_41,cpcb_verified,industrial,T. Abdul Wahid Tanneries - 'C' Tannery,12.6813,78.6197,,,True,Eastern Chrome Tanning Corporation,Tannery
cpcb_42,cpcb_verified,industrial,Bachi Shoes India Pvt Ltd (Ambur),12.7917,78.7161,,,True,Bachi Shoes India Pvt Ltd (Ambur),Tannery
